,moneraty_rate,cpi_rate,ccpi_without_arg_crd_oil,ccpi_without_food_energy,retail_consumption,vehicle_consumption,hushld_loan,mortgage_loan,durb_goods_sales,quas_drub_goods_sales,non_durb_goods_sales,gdp_lag1,tax,govern_exp_goods,govern_subsidy,estimated_consumption
2003-01-01,0.139,0.038,0.031000000000000003,0.035,0.652,0.4,0.0706,0.0669,-0.037000000000000005,0.040999999999999995,0.16,-0.008508431509083607,-0.0803257864454906,-0.4016293279022404,0.5231893991318255,0.00022925699636922037
2003-02-01,0.133,0.039,0.03,0.035,0.6020000000000001,0.397,0.069,0.06559999999999999,-0.003,-0.065,-0.071,0.000228193787737645,0.04721239477857764,-0.14600699112664695,0.19736599742125627,-6.732505825035595e-05
2003-03-01,0.11900000000000001,0.045,0.034,0.037000000000000005,0.605,0.38200000000000006,0.0696,0.066,-0.083,-0.045,-0.035,-0.0029229816046937003,0.34962859795728884,0.008813448669822144,0.18970747562296864,0.0037757672596381298
2003-04-01,0.10300000000000001,0.037000000000000005,0.032,0.035,0.603,0.38,0.0684,0.0649,-0.087,-0.08,-0.02,-0.002136993210082121,0.1642997655555256,-0.012682691146273739,0.29276859504132235,-0.003718238190641099
2003-05-01,0.091,0.032,0.031000000000000003,0.034,0.615,0.365,0.0664,0.063,-0.166,-0.054000000000000006,0.062000000000000006,-0.001894945275029265,0.07087277914667367,-0.014459000485201323,0.20987173242409485,-0.005998023074251568
2003-06-01,0.079,0.03,0.033,0.035,0.61,0.298,0.0647,0.061500000000000006,-0.1,-0.10400000000000001,0.040999999999999995,0.009818639601954686,0.16302202730987747,-0.019662253230793625,0.1784609880140049,-0.005333448740599489
2003-07-01,0.07,0.032,0.031000000000000003,0.033,0.618,0.315,0.0641,0.060700000000000004,-0.122,-0.10099999999999999,0.024,0.005722459018775084,0.11757594787659942,-0.02413633048206354,0.31190609278926784,-0.0013074953346721152
2003-08-01,0.067,0.03,0.032,0.032,0.62,0.297,0.061500000000000006,0.0581,-0.152,-0.086,0.003,0.0057725102950083595,0.09741930629749462,0.6228504122497056,0.32297449641588494,-0.0043051723212508275
2003-09-01,0.057999999999999996,0.033,0.031000000000000003,0.032,0.622,0.312,0.0604,0.05740000000000001,-0.033,-0.09,-0.004,0.010545268424777921,0.08947035511895396,0.03706676029492906,0.38804385592402424,-0.0038022487980313713
2003-10-01,0.038,0.037000000000000005,0.027999999999999997,0.028999999999999998,0.624,0.309,0.0601,0.0575,-0.077,-0.046,-0.006999999999999999,0.01080710906389402,0.08507064840499301,0.059113746435522474,0.4325464484716388,-0.0028468215303185662
2003-11-01,0.032,0.034,0.027000000000000003,0.026000000000000002,0.625,0.304,0.0621,0.0604,-0.121,-0.021,0.013000000000000001,0.00526010986934736,0.11620398180725999,0.049681320477202195,0.42082654658107366,-0.0044049189408401634
2003-12-01,0.03,0.034,0.027999999999999997,0.028999999999999998,0.612,0.276,0.0631,0.06280000000000001,-0.1,0.018000000000000002,-0.009000000000000001,0.008195405925059056,0.10287879808015998,0.04184568095287999,0.39995647758595676,-0.0037400276100504337
2004-01-01,0.024,0.034,0.027999999999999997,0.027999999999999997,0.633,0.303,0.0634,0.0629,-0.062000000000000006,-0.006,0.001,-0.0016695925547134392,0.019418264543386465,0.9407760381211709,0.17144142792860362,-0.0029015692998077824
2004-02-01,0.026000000000000002,0.033,0.027000000000000003,0.026000000000000002,0.63,0.31,0.0608,0.061500000000000006,0.013000000000000001,0.073,0.027000000000000003,0.009679358545723958,-0.1080498602050326,0.6312972292191437,0.37804784247365597,-0.0007707395171605569
2004-03-01,0.027000000000000003,0.031000000000000003,0.027000000000000003,0.024,0.61,0.282,0.0611,0.059800000000000006,-0.015,-0.03,0.025,0.0029991388532269532,0.00024078979051278537,0.9367416275683547,0.27807121391494394,0.0011311610946854733
2004-04-01,0.031000000000000003,0.033,0.027000000000000003,0.022000000000000002,0.614,0.33,0.060700000000000004,0.060300000000000006,0.0,0.051,0.003,0.0008490731048316391,0.005415914456325499,0.32089552238805963,0.12657823237973465,0.005731348864773778
2004-05-01,0.039,0.033,0.027000000000000003,0.022000000000000002,0.61,0.315,0.0602,0.0601,-0.027000000000000003,0.064,-0.026000000000000002,0.0022901367790736423,0.022847916035926952,0.30454903505317055,0.2128401953942778,0.0016626215871955452
2004-06-01,0.045,0.036000000000000004,0.027000000000000003,0.022000000000000002,0.633,0.29300000000000004,0.06,0.0599,0.051,0.11599999999999999,0.006999999999999999,0.001194870875179923,-0.01724285689799976,0.3124140719773554,0.17301353226925742,-0.0010108724409225722
2004-07-01,0.051,0.044000000000000004,0.031000000000000003,0.026000000000000002,0.625,0.282,0.0592,0.0593,0.057,0.064,-0.032,0.0009958938614445857,-0.027604517869184053,0.3764354148263913,0.10295057520238604,-0.0013916491674343945
2004-08-01,0.055999999999999994,0.048,0.032,0.026000000000000002,0.61,0.295,0.056900000000000006,0.057999999999999996,0.062000000000000006,-0.008,-0.043,0.0008812421192099862,0.08936088524455288,-0.2115691682392219,0.11961991735935817,0.003896652086635033
2004-09-01,0.062000000000000006,0.039,0.032,0.023,0.634,0.318,0.056600000000000004,0.0563,0.027999999999999997,0.048,0.0,0.002569955647812741,0.05079504253655309,0.21406461597988002,0.07573460901973328,0.002740766623682611
2004-10-01,0.07,0.038,0.034,0.023,0.615,0.32799999999999996,0.0562,0.055700000000000006,0.051,0.055,-0.055,0.0024148918842378463,0.008308451252758697,0.17680242745416463,0.03506791494374162,0.00636432495190975
2004-11-01,0.057999999999999996,0.033,0.031000000000000003,0.024,0.618,0.324,0.055700000000000006,0.0547,0.10300000000000001,0.02,-0.05,0.00497972169358146,0.061437481380397285,0.16448699984430948,0.02546782804158476,0.004673930861280207
2004-12-01,0.059000000000000004,0.03,0.028999999999999998,0.022000000000000002,0.626,0.318,0.05480000000000001,0.0541,0.145,0.046,-0.02,0.0007747275452880942,0.027306105718496898,0.13551480202501098,0.03148219152530074,0.004180978087710008
2005-01-01,0.063,0.034,0.033,0.027000000000000003,0.614,0.295,0.055099999999999996,0.0545,0.003,-0.066,-0.099,0.007354049285441597,0.08687335618076042,-0.06559102069449319,0.5111395646606913,0.007309578603376998
2005-02-01,0.064,0.034,0.034,0.027999999999999997,0.622,0.27899999999999997,0.0552,0.0553,-0.055,-0.036000000000000004,0.040999999999999995,-0.004170687157761535,-0.004375367334944147,0.03976066396448563,0.29342487162313025,0.010764734799680209
2005-03-01,0.066,0.03,0.027999999999999997,0.025,0.627,0.28,0.055999999999999994,0.05480000000000001,0.068,0.054000000000000006,0.01,0.006750049675040622,0.019361716761812975,-0.27884053128393615,0.15921479211942002,0.012505907553808315
2005-04-01,0.069,0.031000000000000003,0.027000000000000003,0.025,0.633,0.295,0.0543,0.053200000000000004,0.012,0.1,0.013000000000000001,0.009103851141783643,-0.08911141804788214,0.0469574881911643,0.28945949780110647,0.01696188581634983
2005-05-01,0.07,0.031000000000000003,0.026000000000000002,0.024,0.633,0.309,0.0534,0.051500000000000004,0.077,0.09,0.018000000000000002,0.0075920500951896135,0.10016378238648693,0.040833270435504554,0.2051872178454457,0.018920293013645173
2005-06-01,0.07400000000000001,0.027999999999999997,0.023,0.023,0.636,0.322,0.05280000000000001,0.0513,0.08800000000000001,0.09,0.011000000000000001,0.005174934191950058,0.06547255698763443,0.027113630761646634,0.21262710297652054,0.019497206616363227
2005-07-01,0.079,0.026000000000000002,0.021,0.02,0.6409999999999999,0.349,0.0534,0.0518,0.12300000000000001,0.059000000000000004,0.003,0.005731153069749127,0.05999797743394164,-0.02384360961642884,0.1713103803499283,0.020655983971360037
2005-08-01,0.077,0.02,0.019,0.021,0.643,0.33799999999999997,0.0538,0.0526,0.102,0.047,0.046,0.003628907577463849,0.07324471968381041,0.02623584645125665,0.1213004580898085,0.01731512586527617
2005-09-01,0.065,0.025,0.018000000000000002,0.021,0.645,0.311,0.055,0.0536,0.003,0.091,-0.001,0.0026068071567352654,0.08400518689744607,0.029758584973308855,0.13355309934716564,0.019487090108995853
2005-10-01,0.065,0.023,0.017,0.021,0.6459999999999999,0.322,0.057,0.056100000000000004,0.04,0.11900000000000001,0.037000000000000005,0.001652605119188095,0.10401996612888853,0.03177658338175471,0.12357006531763814,0.01810451126658119
2005-11-01,0.066,0.025,0.019,0.023,0.6609999999999999,0.36100000000000004,0.0564,0.0559,0.136,0.115,0.053,0.0051358013070671405,0.07221367134449985,0.04793101143124545,0.10280466018566226,0.019744811928020578
2005-12-01,0.07,0.026000000000000002,0.018000000000000002,0.021,0.6809999999999999,0.40399999999999997,0.0563,0.055999999999999994,0.162,0.23,0.032,0.005928060137366984,0.08210944530281683,0.06779060497800349,0.11966404452615609,0.020907536260947657
2006-01-01,0.073,0.022000000000000002,0.013000000000000001,0.015,0.66,0.349,0.056900000000000006,0.0564,0.091,0.077,0.134,0.0030130372396661898,0.19505756398034757,0.08708708708708701,-0.17158108795119476,0.019497213892132992
2006-02-01,0.07200000000000001,0.02,0.013000000000000001,0.016,0.66,0.34600000000000003,0.0571,0.0558,0.215,0.051,-0.032,0.01024333993961001,0.252262888626525,-0.02079079264896977,-0.18452509385923277,0.017363373151848105
2006-03-01,0.066,0.02,0.013999999999999999,0.018000000000000002,0.67,0.33799999999999997,0.056799999999999996,0.0546,0.138,0.083,0.037000000000000005,0.001482286819980416,0.13275530515164813,-0.10135526468203404,-0.002858196570164062,0.016221727569988298
2006-04-01,0.068,0.02,0.015,0.018000000000000002,0.6729999999999999,0.335,0.0562,0.0542,0.10300000000000001,0.066,0.042,-0.001190967640790035,0.1269175364553059,-0.07802547770700641,-0.004422734173872844,0.015036753587945428
2006-05-01,0.071,0.023,0.018000000000000002,0.021,0.675,0.33,0.0564,0.0541,0.132,0.06,0.039,0.0029239267762226013,0.021882230552616067,0.06511965192168234,0.013569592361366123,0.015553290305665213
2006-06-01,0.077,0.024,0.019,0.02,0.675,0.33299999999999996,0.0572,0.05480000000000001,0.147,0.055999999999999994,0.039,0.005517135790353934,0.11225876151970016,0.061075113990880725,0.004116418411062472,0.014976330333008603
2006-07-01,0.077,0.024,0.021,0.022000000000000002,0.647,0.28500000000000003,0.059500000000000004,0.0579,-0.023,0.039,-0.001,0.003798425951263766,0.1613694597394102,0.05487003135430357,0.05106499931290376,0.01382383436077017
2006-08-01,0.075,0.027000000000000003,0.021,0.02,0.6659999999999999,0.33,0.060300000000000006,0.058600000000000006,0.13699999999999998,0.047,0.021,0.006783776058898496,0.09850466193631613,0.06548259777538568,0.09143998770554784,0.016118717608743838
2006-09-01,0.08900000000000001,0.025,0.02,0.022000000000000002,0.669,0.379,0.059000000000000004,0.057699999999999994,0.27399999999999997,0.051,-0.009000000000000001,0.009078971671481426,0.04311645082436155,0.059460714147549165,0.11212736354720243,0.01578511072851918
2006-10-01,0.10099999999999999,0.022000000000000002,0.02,0.022000000000000002,0.682,0.374,0.0584,0.056900000000000006,0.08199999999999999,-0.009000000000000001,0.068,-0.0025294826818579004,0.0942551626388215,0.06705149413959388,0.1070995241662358,0.01493926715097782
2006-11-01,0.111,0.021,0.021,0.023,0.6809999999999999,0.364,0.0582,0.056900000000000006,0.10300000000000001,0.062000000000000006,0.004,0.002129589617042669,0.10182730143718444,0.06879943863230409,0.1155524194750599,0.01571440760223819
2006-12-01,0.114,0.021,0.021,0.022000000000000002,0.711,0.368,0.059699999999999996,0.0588,0.21300000000000002,-0.015,0.013000000000000001,0.0023875494096269284,0.0829868357052077,0.07803124567952446,0.07670842007034673,0.017064444276807755
2007-01-01,0.113,0.017,0.021,0.023,0.6890000000000001,0.369,0.062000000000000006,0.0611,0.228,0.04,-0.055999999999999994,0.01008001312456102,0.363441124133276,-0.1553867403314917,-0.005216324025774766,0.016292225885450096
2007-02-01,0.115,0.022000000000000002,0.023,0.025,0.7120000000000001,0.397,0.0625,0.0618,0.11800000000000001,0.053,0.162,0.003929650647926124,0.4733919966478106,0.2396208530805688,0.008361115520982176,0.01832268786497937
2007-03-01,0.115,0.022000000000000002,0.024,0.026000000000000002,0.7090000000000001,0.373,0.0632,0.062000000000000006,0.165,0.052000000000000005,0.043,0.005995970894168181,0.03568024779604473,0.2955658674916215,-0.05606410849129295,0.017634650457837076
2007-04-01,0.111,0.024,0.026000000000000002,0.027000000000000003,0.7000000000000001,0.36100000000000004,0.063,0.0613,0.14400000000000002,-0.004,0.035,0.007468287301294581,0.36980556614563476,0.2548455190942238,0.0009945630552976592,0.01801489510361587
2007-05-01,0.109,0.023,0.022000000000000002,0.024,0.7120000000000001,0.371,0.0639,0.0617,0.145,0.015,0.052000000000000005,0.0047800471712337615,0.3060045986695452,0.09865196078431371,0.07402308012826309,0.018424353915782676
2007-06-01,0.109,0.025,0.023,0.026000000000000002,0.701,0.36,0.0633,0.0613,0.094,0.026000000000000002,0.023,0.0031134513173862637,0.2044916039971154,0.09125862263937567,0.06138686020558448,0.02051461807693311
2007-07-01,0.109,0.025,0.023,0.025,0.696,0.353,0.0638,0.062400000000000004,0.21300000000000002,0.028999999999999998,0.084,0.005129515969467633,0.21180115476693429,0.07243875545328149,0.038843709959992756,0.021542769355376468
2007-08-01,0.114,0.02,0.023,0.026000000000000002,0.7040000000000001,0.369,0.0651,0.0638,0.12,0.023,0.061,0.004815291478766568,0.2316685172531603,0.08974574844249883,0.026588754341499987,0.016027536820263588
2007-09-01,0.11,0.023,0.023,0.024,0.718,0.35700000000000004,0.0666,0.0652,0.0,0.038,0.111,-2.608067194223906e-05,0.21299361786996407,0.07350471043598916,-0.00976230029327918,0.014863028223694785
2007-10-01,0.10800000000000001,0.03,0.024,0.026000000000000002,0.716,0.34600000000000003,0.0671,0.0655,0.12400000000000001,0.075,0.036000000000000004,0.015469395671812549,0.192644756150548,0.06758807230505348,0.004317081538520284,0.015837100843848706
2007-11-01,0.113,0.035,0.024,0.025,0.7170000000000001,0.354,0.0675,0.0659,0.043,0.036000000000000004,0.059000000000000004,0.005998540207957035,0.1670077020347167,0.05667134202751489,-0.015643931294989644,0.017959324464601467
2007-12-01,0.115,0.036000000000000004,0.024,0.026000000000000002,0.7240000000000001,0.373,0.0699,0.06849999999999999,-0.105,0.034,0.057,0.0028316024337662784,0.16961983135811765,0.060353451150383375,-0.0036000900022500337,0.017816455271597365
2008-01-01,0.125,0.039,0.027999999999999997,0.027999999999999997,0.7290000000000001,0.408,0.0721,0.0708,0.08,0.068,0.043,-1.647697455808839e-07,0.18726372637263733,0.19337694194603428,0.23195558297347318,0.018747843116299512
2008-02-01,0.134,0.036000000000000004,0.027999999999999997,0.027000000000000003,0.72,0.385,0.0695,0.0672,0.057999999999999996,0.071,0.008,-8.236914901985415e-05,0.1229648062566655,0.10888515063465354,0.18331146680661248,0.013196273481564713
2008-03-01,0.139,0.039,0.033,0.031000000000000003,0.7290000000000001,0.434,0.0689,0.067,0.11699999999999999,-0.012,0.022000000000000002,0.0005034875317868881,0.4578995801460861,0.096806287931549,0.12949781231633262,0.010771688680175417
2008-04-01,0.149,0.040999999999999995,0.035,0.031000000000000003,0.7320000000000001,0.41200000000000003,0.0699,0.068,0.156,-0.027999999999999997,0.044000000000000004,0.001407103211756962,0.21805471423192158,0.10077993576999544,0.22710913868097404,0.007562866114025013
2008-05-01,0.158,0.049,0.039,0.033,0.723,0.40299999999999997,0.0695,0.0679,0.078,-0.037000000000000005,0.02,0.002783285111881213,0.09211498918112548,0.0785152134845386,0.12313401366281518,0.009613404598131758
2008-06-01,0.151,0.055,0.043,0.035,0.696,0.336,0.0693,0.0677,0.004,-0.018000000000000002,-0.028999999999999998,0.004287514226412696,0.1795366795366795,0.07958549222797928,0.10351338979171443,0.010344941619746306
2008-07-01,0.14800000000000002,0.059000000000000004,0.046,0.038,0.713,0.36100000000000004,0.0712,0.0692,0.077,0.033,0.009000000000000001,0.008023052256909224,0.12869455742785196,0.10339740724184177,0.1109027524321331,0.009776540934356426
2008-08-01,0.147,0.055999999999999994,0.047,0.037000000000000005,0.7170000000000001,0.335,0.0735,0.0716,-0.048,0.086,0.02,-0.0024774627792159983,0.025068696202422025,0.07509270704573545,0.14529660532632294,0.002851138405054243
2008-09-01,0.145,0.051,0.051,0.040999999999999995,0.7020000000000001,0.314,0.0745,0.0725,-0.037000000000000005,-0.09,0.018000000000000002,-0.006472544777002369,0.11533307574051088,0.09041123847749932,0.14582772404365918,-0.005335187450802081
2008-10-01,0.142,0.048,0.052000000000000005,0.04,0.6920000000000001,0.322,0.07769999999999999,0.0758,-0.004,-0.1,-0.022000000000000002,-0.01798918899432643,0.06123178443772348,0.08892321952726712,0.1797978839493286,-0.01267947711246764
2008-11-01,0.14,0.045,0.053,0.043,0.685,0.239,0.0762,0.0742,-0.154,-0.076,0.012,-0.012776533412284581,0.015110620776610961,0.08534794396746492,0.19125366542374111,-0.014125591995206799
2008-12-01,0.131,0.040999999999999995,0.055999999999999994,0.045,0.685,0.273,0.0701,0.0681,-0.126,-0.14300000000000002,0.015,-0.004056813859230601,0.03621352789252996,0.09845186260280592,0.19417889850708825,-0.015891148175634084
2009-01-01,0.12,0.037000000000000005,0.052000000000000005,0.04,0.698,0.316,0.0584,0.0563,-0.19,-0.009000000000000001,0.055,0.00188665532494916,-0.3038929532618172,0.5111339499828709,0.5428976798531131,-0.017476932768043518
2009-02-01,0.114,0.040999999999999995,0.052000000000000005,0.04,0.716,0.33899999999999997,0.057300000000000004,0.0538,-0.017,-0.006,-0.085,0.007341280988189354,-0.24863085251195038,0.13005102744449037,0.4945449707291112,-0.009911281466481903
2009-03-01,0.111,0.039,0.045,0.033,0.7070000000000001,0.33,0.0562,0.0543,-0.138,0.0,-0.011000000000000001,0.0035476331795195647,-0.15703098802690496,0.1767053701015966,0.34233348751156334,-0.0048387504164306705
2009-04-01,0.106,0.036000000000000004,0.042,0.031000000000000003,0.7090000000000001,0.344,0.055,0.053,-0.109,0.006,-0.026000000000000002,0.0022006503571871863,-0.13776881720430112,0.18755209780494586,0.12211886211922196,0.00012269191997793527
2009-05-01,0.099,0.027000000000000003,0.039,0.031000000000000003,0.7340000000000001,0.505,0.05480000000000001,0.0525,0.06,0.01,0.008,0.003624820803191113,-0.14624481608643758,0.1666283612962538,0.14983855222647735,-0.001429667601767104
2009-06-01,0.096,0.02,0.035,0.03,0.733,0.533,0.0547,0.0525,0.244,-0.004,0.031000000000000003,0.01071185997482758,-0.09875903789181462,0.2133806872720292,0.22683432719730368,-0.0019199582570563756
2009-07-01,0.09699999999999999,0.016,0.032,0.027000000000000003,0.7170000000000001,0.378,0.0558,0.0529,-0.016,-0.022000000000000002,0.045,0.013915635473022969,-0.08414486610781735,0.17984037596726488,0.18083358823596063,-0.0009756382755998771
2009-08-01,0.1,0.022000000000000002,0.031000000000000003,0.027999999999999997,0.72,0.35600000000000004,0.0563,0.0545,0.009000000000000001,0.005,0.008,0.007451539672851766,-0.01777514692824833,0.14479735556194306,0.13829065288118003,0.007676594990638552
2009-09-01,0.1,0.022000000000000002,0.027000000000000003,0.026000000000000002,0.741,0.47200000000000003,0.0596,0.057699999999999994,0.267,0.031000000000000003,0.002,0.008301473482381283,-0.049407376831677285,0.13029915463081387,0.18098835948232228,0.01384330896140229
2009-10-01,0.105,0.02,0.026000000000000002,0.025,0.7540000000000001,0.516,0.0605,0.059000000000000004,0.16899999999999998,0.04,0.095,-0.0068693718299834925,-0.06418244941316686,0.11559742360184999,0.1045900927348331,0.019278591871842332
2009-11-01,0.09699999999999999,0.024,0.025,0.024,0.742,0.498,0.06,0.0587,0.409,0.012,0.013999999999999999,0.003199715868726472,0.009723246516321948,0.10359094457455109,0.08632164346927618,0.02126063464029837
2009-12-01,0.09300000000000001,0.027999999999999997,0.022000000000000002,0.022000000000000002,0.757,0.524,0.059500000000000004,0.059000000000000004,0.462,0.085,0.015,0.011154197114883291,-0.01652062687530631,0.07297951992953089,0.06309618859520105,0.023279742190433383
2010-01-01,0.09300000000000001,0.035,0.023,0.024,0.7640000000000001,0.516,0.0602,0.0588,0.39799999999999996,0.043,-0.049,0.009692947826422724,0.03610324548028743,-0.08660167762412152,-0.19684102342186405,0.0266834714833446
2010-02-01,0.094,0.03,0.021,0.022000000000000002,0.7909999999999999,0.509,0.0592,0.0575,0.227,0.034,0.11,-0.00018009740253624782,0.09332209816726356,0.07871613375640707,-0.10273301878394014,0.019996342282798008
2010-03-01,0.09300000000000001,0.025,0.016,0.017,0.772,0.44700000000000006,0.057999999999999996,0.0547,0.271,0.012,0.024,0.005773241227311274,0.08856701609883944,0.07246376811594213,0.07576344919670941,0.013136781963204669
2010-04-01,0.094,0.026000000000000002,0.016,0.019,0.768,0.446,0.0546,0.0507,0.174,0.037000000000000005,0.036000000000000004,0.008344087325721717,0.087435697583788,0.040945250350959306,0.04889038547880187,0.008849135517462248
2010-05-01,0.09300000000000001,0.027000000000000003,0.016,0.017,0.775,0.45799999999999996,0.0516,0.0478,0.033,0.054000000000000006,0.021,0.00782216552308654,0.18494601957421053,0.05141843971631199,0.02340586714035675,0.011107843632244485
2010-06-01,0.09699999999999999,0.027000000000000003,0.016,0.017,0.784,0.444,0.051500000000000004,0.046200000000000005,0.0,0.08800000000000001,0.044000000000000004,0.004957021924575571,0.05848006988184462,0.05189462858951033,-0.013398423466260856,0.012966999973916815
2010-07-01,0.09300000000000001,0.025,0.017,0.018000000000000002,0.788,0.446,0.0513,0.047,0.18,0.1,0.042,0.0036286397094083614,0.03854153004440608,0.02396813405672682,-0.01465974614078347,0.013976061346749669
2010-08-01,0.085,0.027000000000000003,0.018000000000000002,0.019,0.785,0.478,0.0526,0.0481,0.263,0.091,0.017,0.004461153863660314,0.08071250850171752,0.023256543845332933,-0.0193671696227391,0.012455052371735498
2010-09-01,0.081,0.034,0.018000000000000002,0.018000000000000002,0.797,0.498,0.052199999999999996,0.048,0.084,0.083,0.015,-0.001544436227783308,0.07415965572054439,0.008362311641000097,-0.06357806449638026,0.013119867636201654
2010-10-01,0.076,0.037000000000000005,0.017,0.018000000000000002,0.7909999999999999,0.501,0.0521,0.047400000000000005,0.14300000000000002,0.11199999999999999,-0.032,0.006979326555006153,0.07507665473875091,0.008749395935600424,-0.042777984082949194,0.01189020810059005
2010-11-01,0.07400000000000001,0.03,0.015,0.015,0.799,0.507,0.051500000000000004,0.04650000000000001,0.111,0.071,0.037000000000000005,0.004971213528383558,0.07815172890998912,0.013251279149277373,-0.020610409410711572,0.009834093858941628
2010-12-01,0.07200000000000001,0.03,0.017,0.017,0.807,0.48200000000000004,0.050800000000000005,0.0467,0.05,0.08900000000000001,0.021,0.0037473118701206692,0.08007681929233867,0.022514571874230338,-0.005013472472017444,0.010966400336207549
2011-01-01,0.065,0.034,0.021,0.019,0.8470000000000001,0.5720000000000001,0.053,0.048,0.121,0.10300000000000001,0.107,0.003466717639059169,0.2628895779681506,0.14643832216430885,0.26905980603448265,0.013923744082184886
2011-02-01,0.05,0.039,0.026000000000000002,0.021,0.783,0.49600000000000005,0.0526,0.048600000000000004,0.079,0.018000000000000002,-0.055,0.0008676274012230323,0.1999229287090558,-0.06199796357053966,0.04534179978172448,0.014696845524991176
2011-03-01,0.043,0.040999999999999995,0.03,0.024,0.81,0.537,0.0541,0.0489,0.139,0.036000000000000004,0.024,0.00239875501175149,0.09172201801337021,0.017754456584243794,0.00990951313260724,0.01406818217210648
2011-04-01,0.039,0.038,0.03,0.025,0.8140000000000001,0.526,0.0542,0.0488,0.146,0.064,0.023,0.001011676620462794,0.10989263034160457,0.036525061811643056,-0.007613165578707615,0.011153397280391664
2011-05-01,0.037000000000000005,0.039,0.032,0.027000000000000003,0.8190000000000001,0.509,0.054900000000000004,0.049,0.18600000000000003,0.051,0.021,0.002189587170867071,0.1200369793694045,0.026934607457373083,0.007057712433315544,0.009761885570648943
2011-06-01,0.03,0.042,0.035,0.027999999999999997,0.826,0.504,0.0547,0.0487,0.166,0.051,0.016,0.0019206583721515362,0.11323459149546111,0.02643453410543728,0.041105280068544525,0.009182827148322081
2011-07-01,0.032,0.045,0.036000000000000004,0.027999999999999997,0.8140000000000001,0.519,0.0546,0.049,0.125,0.040999999999999995,0.002,0.001000008703856423,0.12217651728368328,0.0370892018779343,0.056707204268619193,0.00851531486466972
2011-08-01,0.04,0.047,0.035,0.027999999999999997,0.821,0.512,0.0558,0.0497,0.114,0.04,0.026000000000000002,0.001689280177662482,0.0982489962398827,0.048093733705487196,0.06693786320965578,0.009402216932449914
2011-09-01,0.042,0.038,0.033,0.026000000000000002,0.8220000000000001,0.555,0.056600000000000004,0.05,0.067,0.044000000000000004,0.013999999999999999,0.002590509617935481,0.10836720109146825,0.054355858444864014,0.07314940424627747,0.005522081673798196
2011-10-01,0.044000000000000004,0.036000000000000004,0.032,0.026000000000000002,0.818,0.473,0.0556,0.0501,0.028999999999999998,0.03,0.035,0.0008854305696827681,0.13133023447458902,0.05662993873074296,0.08324839117007188,0.0047312231014837725
2011-11-01,0.044000000000000004,0.042,0.035,0.027999999999999997,0.81,0.461,0.055999999999999994,0.0501,0.066,-0.017,0.013999999999999999,0.001681406339777283,0.09855656380178157,0.05785027808158616,0.1033354993965967,0.007419493390395715
2011-12-01,0.044000000000000004,0.042,0.036000000000000004,0.027000000000000003,0.8270000000000001,0.483,0.053700000000000005,0.0495,0.019,0.048,0.023,0.00211059619786397,0.0825071180184338,0.06358764376467763,0.09404091902271072,0.0075209636347106645
2012-01-01,0.048,0.033,0.031000000000000003,0.024,0.8420000000000001,0.528,0.057999999999999996,0.0506,0.034,-0.002,0.027000000000000003,0.0001648471057258405,0.2847808897582089,-0.0116908421736307,0.08533672982009244,0.003820366248574514
2012-02-01,0.053,0.03,0.025,0.024,0.823,0.489,0.0567,0.050199999999999995,0.1,0.021,0.051,0.009774708753541006,0.18713469073158207,0.1315884694246774,0.2404454568463681,0.0022205979742140336
2012-03-01,0.057,0.027000000000000003,0.019,0.018000000000000002,0.818,0.49,0.0562,0.05,-0.002,0.001,0.025,0.001053442440235131,0.08281483815074431,0.08213856910798789,0.19176561539833892,0.000636284646031271
2012-04-01,0.055,0.026000000000000002,0.017,0.016,0.821,0.495,0.055400000000000005,0.049400000000000006,0.013000000000000001,-0.012,0.01,-7.671713745338593e-05,0.07195350339037776,0.04320719939282225,0.16128783794192403,-9.82029271450191e-05
2012-05-01,0.055,0.025,0.016,0.015,0.838,0.535,0.055099999999999996,0.048499999999999995,0.044000000000000004,0.006999999999999999,0.027000000000000003,0.002359845641247347,0.042204266041096394,0.062217762167586566,0.17396428707212297,0.00385835937474166
2012-06-01,0.059000000000000004,0.022000000000000002,0.015,0.013999999999999999,0.8370000000000001,0.527,0.0538,0.047599999999999996,0.023,-0.006999999999999999,0.021,0.0016288664958543108,0.047054233320327654,0.06806608784848156,0.13796189614023535,0.007084722765674956
2012-07-01,0.06,0.015,0.012,0.012,0.843,0.516,0.052000000000000005,0.0464,0.075,0.011000000000000001,0.034,0.0018985936344804342,0.05229903536977498,0.06803336997995224,0.13397587697070779,0.008737558367411191
2012-08-01,0.057,0.013000000000000001,0.012,0.012,0.823,0.449,0.049,0.0441,0.040999999999999995,-0.049,0.024,0.001031111328650098,0.03618137109117159,0.06695736150537002,0.1299764532374703,0.007336070748672485
2012-09-01,0.052000000000000005,0.021,0.015,0.013999999999999999,0.8370000000000001,0.5650000000000001,0.048600000000000004,0.0429,0.076,-0.028999999999999998,0.033,0.0016244178063022472,0.021857354061781464,0.06050930612880623,0.12559683818545953,0.010087378494329613
2012-10-01,0.046,0.021,0.016,0.013999999999999999,0.8340000000000001,0.557,0.0484,0.042300000000000004,0.08,-0.02,0.002,0.0008673382761579518,0.02573339024043242,0.05536067960006674,0.0945325337415559,0.009504528436267368
2012-11-01,0.044000000000000004,0.016,0.013000000000000001,0.013999999999999999,0.8390000000000001,0.544,0.047400000000000005,0.04190000000000001,0.066,0.053,0.024,0.0032224728924506963,0.03009780162714204,0.05184891880595699,0.06393113714322696,0.006062260256795682
2012-12-01,0.045,0.013999999999999999,0.011000000000000001,0.013000000000000001,0.843,0.5660000000000001,0.0454,0.041600000000000005,0.106,-0.013999999999999999,-0.002,0.001673092445370159,0.05527572889214638,0.04519805997471171,0.08593924942354136,0.003851066440273776
2013-01-01,0.048,0.016,0.013000000000000001,0.015,0.838,0.522,0.0484,0.0417,0.048,-0.018000000000000002,-0.068,0.006900798375673673,-0.19052863436123346,-0.0911281489594743,0.10126644173879029,0.0032867679828321172
2013-02-01,0.053,0.016,0.013999999999999999,0.013999999999999999,0.838,0.544,0.0461,0.0406,-0.012,0.015,0.032,-0.0017038999675004622,-0.19450831867983231,0.01396290769558739,0.04749030810038768,0.00476424102362305
2013-03-01,0.05,0.015,0.016,0.015,0.833,0.522,0.0455,0.039700000000000006,0.009000000000000001,0.099,-0.006,0.003136747024789059,-0.14347019674873618,-0.019710220597833228,0.01954391976181369,0.0058468208669144595
2013-04-01,0.051,0.013000000000000001,0.016,0.015,0.833,0.525,0.0442,0.0386,0.073,0.017,0.0,0.006828355596387539,-0.1126801291628512,0.01304370420412626,0.13699011739736022,0.00653332797657713
2013-05-01,0.048,0.011000000000000001,0.017,0.016,0.8390000000000001,0.537,0.043,0.037700000000000004,0.023,0.023,-0.009000000000000001,0.004274388473316577,-0.10097747024864012,0.028642590286425795,0.1053284970960986,0.0050592723015912
2013-06-01,0.049,0.012,0.016,0.015,0.843,0.522,0.041100000000000005,0.0373,0.003,0.008,0.005,0.002396562182126658,-0.0944533462513042,0.03251586348825253,0.09872625859933648,0.0048235887096339525
2013-07-01,0.046,0.016,0.017,0.015,0.851,0.564,0.0431,0.037700000000000004,0.016,0.006999999999999999,0.004,0.0031297175662407988,-0.0634424701694346,0.03493793521041488,0.08569315901094532,0.005825747810265014
2013-08-01,0.039,0.015,0.015,0.013000000000000001,0.8420000000000001,0.573,0.0433,0.038,0.02,0.052000000000000005,0.009000000000000001,0.004234321722453984,-0.04201639493451126,0.02921089442935898,0.07720544613194114,0.006572178277634233
2013-09-01,0.046,0.01,0.017,0.015,0.838,0.524,0.0426,0.0382,-0.075,0.025,0.001,7.469101879969742e-05,-0.02903815879207383,0.0272923091986097,0.06203910425546311,0.005671950293076655
2013-10-01,0.047,0.009000000000000001,0.018000000000000002,0.016,0.843,0.528,0.0421,0.0381,0.028999999999999998,-0.009000000000000001,0.028999999999999998,0.004594990425184307,-0.021709099180568847,0.03554389852352635,0.07814304411425055,0.006439346601615714
2013-11-01,0.051,0.012,0.02,0.017,0.8470000000000001,0.531,0.04190000000000001,0.037700000000000004,-0.023,0.04,0.019,0.002226208655900166,-0.013296363980086934,0.03678684959009537,0.08808428839088012,0.009213438400393237
2013-12-01,0.053,0.011000000000000001,0.019,0.016,0.846,0.509,0.040999999999999995,0.0374,-0.048,0.004,0.026000000000000002,0.004378907652593186,-0.005462650543063274,0.043062978477538705,0.07812386796185766,0.010339004530578677
2014-01-01,0.052000000000000005,0.011000000000000001,0.017,0.015,0.8740000000000001,0.614,0.0415,0.0375,0.035,-0.023,0.106,0.0003934320111861211,0.009603841536614643,0.08676789587852496,-0.05803214634579523,0.011893693789580162
2014-02-01,0.052000000000000005,0.01,0.017,0.013999999999999999,0.848,0.614,0.0405,0.0371,0.10400000000000001,-0.017,-0.048,0.005207724663655568,0.04325776658270364,-0.09523809523809523,-0.003627952276600954,0.008666256977342357
2014-03-01,0.055,0.013000000000000001,0.021,0.017,0.85,0.583,0.0409,0.0369,0.033,-0.023,0.036000000000000004,0.004420230678044064,0.033755095108695565,-0.007123834886817559,0.01889193422083002,0.007094957215024067
2014-04-01,0.055,0.015,0.023,0.019,0.84,0.614,0.0404,0.0369,-0.008,-0.009000000000000001,0.022000000000000002,0.003931374177856171,0.01245179512248118,0.016364009438801785,-0.08116716445771888,0.005076919096476118
2014-05-01,0.06,0.017,0.022000000000000002,0.018000000000000002,0.853,0.598,0.0402,0.0363,0.015,-0.022000000000000002,0.03,0.00015721263914016958,0.017352095697329428,-0.005385321866911541,-0.06319891396704791,0.0062066818965522685
2014-06-01,0.061,0.017,0.021,0.017,0.858,0.608,0.0394,0.0358,0.057999999999999996,-0.044000000000000004,0.016,0.0008432661684072684,0.012170155856180198,0.002425007474338159,-0.0261806812571993,0.006499707510077002
2014-07-01,0.065,0.016,0.022000000000000002,0.019,0.8620000000000001,0.636,0.0393,0.0353,0.027999999999999997,-0.026000000000000002,0.018000000000000002,0.002026304269914476,0.014706242200308361,0.003715188392230173,-0.012341613465755574,0.006377000270138655
2014-08-01,0.076,0.013999999999999999,0.024,0.021,0.87,0.638,0.0376,0.035,0.017,0.054000000000000006,0.028999999999999998,-0.000962222906326673,-0.0018999320408923381,-0.14878477774224497,0.004226932582490628,0.005614596974298447
2014-09-01,0.071,0.011000000000000001,0.019,0.017,0.851,0.647,0.0376,0.035,0.126,0.011000000000000001,-0.027999999999999997,0.0030017880269552683,0.0013916148640220616,0.011937382353641945,0.013664161039622869,0.004433708324279362
2014-10-01,0.075,0.011000000000000001,0.018000000000000002,0.016,0.848,0.588,0.0364,0.0338,-0.013000000000000001,0.016,0.006999999999999999,0.001177920579647207,0.007440425556046959,0.02986964780890422,0.03672165095686952,0.004512749204933275
2014-11-01,0.083,0.01,0.016,0.013000000000000001,0.855,0.653,0.0355,0.033,0.071,-0.025,0.002,0.001110927478904244,0.008217311704347141,0.03322239031770047,0.051943332513361806,0.004726956897457502
2014-12-01,0.081,0.008,0.016,0.013999999999999999,0.887,0.662,0.0355,0.0333,0.151,0.026000000000000002,0.015,0.004203030155666029,0.017899418541301504,0.03197216500199063,0.05271619169712216,0.00452582496742826
2015-01-01,0.08,0.01,0.026000000000000002,0.024,0.8640000000000001,0.7170000000000001,0.0359,0.0334,0.09300000000000001,-0.024,-0.08,0.0043521354257414656,0.016805390408244136,-0.12707917498336663,0.11939665331133642,0.006008580259072804
2015-02-01,0.08,0.006,0.024,0.024,0.893,0.7070000000000001,0.0348,0.032400000000000005,-0.006,0.003,0.138,-0.0002141825179948853,0.021247142903132454,0.04635761589403975,0.06791134136506938,0.00523542438322
2015-03-01,0.083,0.005,0.022000000000000002,0.024,0.8740000000000001,0.6950000000000001,0.032100000000000004,0.029700000000000004,0.129,-0.027000000000000003,0.019,0.001854970968528917,0.030106378609274342,0.04056863139542677,0.04920421430172617,0.005724803624027164
2015-04-01,0.09,0.004,0.021,0.023,0.885,0.693,0.0296,0.0281,0.126,0.019,0.051,0.000539280806812954,0.057080779495983114,0.03078786655226362,0.12457621738302338,0.006215582846171852
2015-05-01,0.09300000000000001,0.006,0.021,0.022000000000000002,0.885,0.715,0.0327,0.030600000000000002,0.07,0.025,0.035,0.001811314709474203,0.06757511194157395,0.023001049317943334,0.10887197664720594,0.006326649441827037
2015-06-01,0.09,0.006999999999999999,0.02,0.022000000000000002,0.8590000000000001,0.746,0.0322,0.0301,0.069,-0.092,0.018000000000000002,0.006263768741549712,0.0835772655201854,0.06425636267232226,0.0918146639855355,0.00601492094655498
2015-07-01,0.09300000000000001,0.006999999999999999,0.021,0.025,0.873,0.7270000000000001,0.0317,0.0296,0.064,-0.047,0.022000000000000002,0.004961038120908299,0.08758560817980121,0.061029990382093224,0.10190658058258317,0.0052767457368574355
2015-08-01,0.092,0.006999999999999999,0.021,0.026000000000000002,0.8790000000000001,0.7440000000000001,0.0313,0.0294,0.09,-0.040999999999999995,0.003,0.005338222416938692,0.10973225856047786,0.25309163770702225,0.12059805447204064,0.007982186837008687
2015-09-01,0.094,0.005,0.02,0.024,0.893,0.758,0.0311,0.0292,0.078,-0.032,0.1,0.005101588610824166,0.09154851100928862,0.06894278314104074,0.15219481539670077,0.00984889778047382
2015-10-01,0.08800000000000001,0.008,0.022000000000000002,0.025,0.9159999999999999,0.8029999999999999,0.030600000000000002,0.028999999999999998,0.21100000000000002,0.057999999999999996,0.042,0.001415510241270894,0.08373394278508939,0.04698200012720766,0.1191546272220596,0.013860320529859749
2015-11-01,0.077,0.008,0.022000000000000002,0.026000000000000002,0.902,0.7959999999999999,0.0316,0.0304,0.141,0.034,0.032,0.001024045823382096,0.08858741554054061,0.04718675569091402,0.08420537949287565,0.011330389583045442
2015-12-01,0.075,0.011000000000000001,0.023,0.026000000000000002,0.9159999999999999,0.903,0.0323,0.031200000000000002,0.14400000000000002,-0.042,0.019,-0.0008360220091637416,0.06016446087971983,0.05944712828770804,0.061576536098876034,0.010078276846372525
2016-01-01,0.081,0.006,0.016,0.018000000000000002,0.9159999999999999,0.7000000000000001,0.032799999999999996,0.031000000000000003,-0.013999999999999999,0.032,0.10099999999999999,-0.0002856689409105684,0.17318936618071246,0.09705284552845539,-0.030023580933131178,0.005360043091136912
2016-02-01,0.083,0.011000000000000001,0.017,0.019,0.9,0.737,0.032100000000000004,0.029900000000000003,0.076,0.009000000000000001,0.017,0.002986792680452766,0.3444819216341455,0.06007106373528748,0.056842105263157805,0.009059234717652576
2016-03-01,0.078,0.008,0.017,0.019,0.919,0.818,0.032400000000000005,0.029700000000000004,0.133,0.018000000000000002,0.031000000000000003,0.004531419656771405,0.27515948963317394,0.11586544657816722,0.0996535779144474,0.009314458015493354
2016-04-01,0.07,0.01,0.019,0.02,0.915,0.782,0.0317,0.029300000000000003,0.083,0.013999999999999999,0.023,0.0031696121900892387,0.23002651712194067,0.07804925818929642,0.03233746584468089,0.011744272036267489
2016-05-01,0.067,0.008,0.018000000000000002,0.02,0.927,0.8340000000000001,0.0316,0.028900000000000002,0.12300000000000001,0.006999999999999999,0.028999999999999998,0.006039437874487277,0.20241195304162218,0.08899191728552092,0.040897680584413676,0.011847166746968174
2016-06-01,0.071,0.006999999999999999,0.018000000000000002,0.021,0.934,0.8940000000000001,0.030600000000000002,0.027700000000000002,0.139,0.12300000000000001,0.051,0.0023626556867623093,0.1782180075226758,0.04455861746847267,0.026581543818920528,0.012384699648621655
2016-07-01,0.069,0.004,0.013000000000000001,0.018000000000000002,0.91,0.6829999999999999,0.0296,0.026600000000000002,0.001,0.075,0.051,-0.0005270137375553928,0.14832963784183306,0.048152726273863466,0.033573570269303854,0.012041276540295964
2016-08-01,0.07200000000000001,0.005,0.013000000000000001,0.018000000000000002,0.924,0.664,0.029500000000000002,0.027000000000000003,0.055,0.011000000000000001,0.07200000000000001,0.001640297697707425,0.13733795150915395,0.04744534665833844,0.012485853240754796,0.008055579244619526
2016-09-01,0.069,0.013000000000000001,0.015,0.02,0.9,0.716,0.030299999999999997,0.027999999999999997,-0.032,0.013000000000000001,0.006999999999999999,-0.00046430343076067973,0.13569622685699523,0.03949513194413856,0.016357319341343768,0.007148445845662099
2016-10-01,0.071,0.015,0.018000000000000002,0.019,0.929,0.761,0.0308,0.028900000000000002,0.006,0.005,0.034,0.0009645997466974876,0.12048555741971012,0.04177550979081879,0.05430869123696014,0.003557031731697524
2016-11-01,0.073,0.015,0.016,0.017,0.9259999999999999,0.785,0.032,0.0304,0.016,0.001,0.045,0.005016830890025545,0.11780023469852874,0.04019463450101601,0.0556315348303702,0.004101936443144716
2016-12-01,0.075,0.013000000000000001,0.012,0.016,0.937,0.856,0.0329,0.0313,-0.012,-0.002,0.049,0.004360848143670069,0.11325699336806117,0.031428119062697935,0.056247080101207825,0.0037725609826750883
2017-01-01,0.069,0.022000000000000002,0.016,0.018000000000000002,0.925,0.76,0.0339,0.0316,0.018000000000000002,-0.01,0.065,0.0008914215887035937,0.1256271389175001,0.12459471977767489,0.01918819188191878,0.008291404616512121
2017-02-01,0.059000000000000004,0.021,0.016,0.018000000000000002,0.9400000000000001,0.7809999999999999,0.0338,0.0319,0.078,-0.01,-0.036000000000000004,0.005532175240635695,0.08412463951607241,0.039069864879019534,0.04471245452970729,0.008360515942791746
2017-03-01,0.062000000000000006,0.023,0.015,0.017,0.9259999999999999,0.798,0.034300000000000004,0.032100000000000004,0.012,-0.032,0.027000000000000003,0.002522857575252146,0.0922891716956944,0.009644259644259634,0.0442982638744327,0.00975769585638453
2017-04-01,0.066,0.02,0.013999999999999999,0.016,0.932,0.778,0.034100000000000005,0.032100000000000004,0.05,0.005,0.008,0.0018298623910568779,0.08623268383756066,0.00213471408457111,0.11835283823690257,0.00896417308822084
2017-05-01,0.061,0.02,0.013999999999999999,0.015,0.932,0.7690000000000001,0.0347,0.0326,0.054000000000000006,-0.05,0.004,0.0023007939439824553,0.09898283421795395,-0.002486624971742901,0.11029418406149238,0.009018710396516916
2017-06-01,0.059000000000000004,0.018000000000000002,0.013000000000000001,0.015,0.9400000000000001,0.8140000000000001,0.034100000000000005,0.0322,0.009000000000000001,-0.023,0.02,0.003330934547724667,0.0980248545111495,0.03875275740773865,0.07974521332730289,0.008194152286742806
2017-07-01,0.051,0.022000000000000002,0.018000000000000002,0.015,0.932,0.76,0.0346,0.032799999999999996,0.111,-0.026000000000000002,0.01,0.00648936092315779,0.08609825640893609,0.029718538707479425,0.07007598440390161,0.010009997781833313
2017-08-01,0.046,0.025,0.018000000000000002,0.015,0.929,0.766,0.0339,0.032799999999999996,0.061,-0.02,-0.011000000000000001,0.003906522875381881,0.09935495846675013,0.032296536590020075,0.10141626285451877,0.012020696727715663
2017-09-01,0.046,0.02,0.016,0.013999999999999999,0.953,0.8,0.034100000000000005,0.032400000000000005,0.195,0.022000000000000002,0.042,0.005756208440331249,0.0951801813711235,0.05062405967239525,0.07059063442487479,0.010521598229066065
2017-10-01,0.047,0.018000000000000002,0.013000000000000001,0.016,0.941,0.75,0.0351,0.0333,-0.031000000000000003,-0.038,0.026000000000000002,-0.008016072672600672,0.09829545191153222,0.027504567896435184,0.07090632251285478,0.010350674757061196
2017-11-01,0.048,0.012,0.011000000000000001,0.013000000000000001,0.9770000000000001,0.831,0.0359,0.0339,0.111,0.039,0.034,-0.0005869325227484979,0.0928659740147062,0.028120799354780956,0.08926315984992006,0.010420485260052459
2017-12-01,0.047,0.013999999999999999,0.013999999999999999,0.013999999999999999,0.956,0.768,0.0361,0.0342,-0.006999999999999999,0.017,0.025,0.0008031433072547145,0.09409140755765533,0.036702740041445914,0.08830343027558696,0.014043112022863902
2018-01-01,0.055,0.008,0.009000000000000001,0.01,0.97,0.818,0.0371,0.0347,0.167,-0.022000000000000002,-0.024,0.01110327388540142,0.079166420685991,-0.0943163097199341,0.15674915875111806,0.014140218209732769
2018-02-01,0.062000000000000006,0.013000000000000001,0.011000000000000001,0.012,0.981,0.8540000000000001,0.0365,0.0346,0.02,0.036000000000000004,0.10400000000000001,0.0015022605728208299,0.07971625683946448,0.055141129032258096,0.13413749507761819,0.013974847750003239
2018-03-01,0.057999999999999996,0.012,0.013000000000000001,0.013000000000000001,0.9920000000000001,0.878,0.0369,0.0345,0.098,0.121,0.043,0.001666303106392917,0.12803263436627788,0.007378596350740674,0.06870523196321554,0.01112294056501506
2018-04-01,0.057,0.015,0.013999999999999999,0.013999999999999999,0.9840000000000001,0.882,0.0369,0.0347,0.10800000000000001,0.019,0.049,0.002795946834648788,0.04293161898069453,0.04586656997824501,0.11950005378920503,0.010039993386286916
2018-05-01,0.059000000000000004,0.015,0.013000000000000001,0.013999999999999999,0.975,0.85,0.0375,0.0349,0.061,0.066,0.035,0.002749399327391018,0.13641796830832353,0.05559752228433301,0.13233379974618464,0.009925173811896393
2018-06-01,0.061,0.015,0.012,0.013000000000000001,0.98,0.836,0.037200000000000004,0.0346,0.023,0.087,0.036000000000000004,0.0022784940556651633,0.1396566224877469,0.026430580267462478,0.13787446156423888,0.009808943337313192
2018-07-01,0.067,0.011000000000000001,0.008,0.01,0.9840000000000001,0.8490000000000001,0.0373,0.0344,0.064,0.075,0.046,0.003004928635968156,0.12712597631943878,0.032856561132037054,0.16187059306331064,0.007891834700562317
2018-08-01,0.067,0.013999999999999999,0.009000000000000001,0.01,0.981,0.856,0.0366,0.0336,0.10099999999999999,0.063,0.034,0.003219860530940224,0.1250369354157872,0.035191090161282856,0.12975956026353463,0.008468904519980391
2018-09-01,0.064,0.021,0.013000000000000001,0.011000000000000001,0.965,0.767,0.0362,0.0329,-0.091,0.098,0.012,-0.004760894408506715,0.12831518721483226,0.02105687777329579,0.1345240004812127,0.010843626371829895
2018-10-01,0.068,0.02,0.012,0.01,0.978,0.841,0.0364,0.033100000000000004,0.11900000000000001,0.086,0.005,0.008365257111207853,0.1118052008897481,0.042904977204366146,0.11779615976887747,0.009607032624503464
2018-11-01,0.068,0.02,0.013999999999999999,0.012,0.988,0.856,0.0363,0.032799999999999996,0.0,0.013999999999999999,0.013999999999999999,-0.0003660499069502521,0.11106215415882703,0.046928387141761396,0.09401683896408408,0.009446774549008552
2018-12-01,0.068,0.013000000000000001,0.013000000000000001,0.011000000000000001,0.99,0.8390000000000001,0.0361,0.0319,0.038,0.057,0.015,-6.174323364987799e-05,0.10620419390696534,0.0580875384979862,0.09483206109941933,0.006129195764831952
2019-01-01,0.065,0.008,0.012,0.01,1.0170000000000001,0.8150000000000001,0.0358,0.031200000000000002,-0.016,0.057,0.066,-0.0008839330468258311,0.01430525164113794,0.32833105957253306,0.19368855175461208,0.003710608448251662
2019-02-01,0.062000000000000006,0.005,0.013000000000000001,0.011000000000000001,0.9640000000000001,0.79,0.035,0.0308,-0.018000000000000002,0.023,-0.035,-0.001129838170611634,-0.015062593890836307,-0.0026750740422279984,0.1875879461267156,0.004491487385620996
2019-03-01,0.068,0.004,0.009000000000000001,0.006999999999999999,1.014,0.838,0.0353,0.0304,0.003,0.027000000000000003,0.034,0.002401011855951083,-0.010734678340312165,0.02282534635475808,0.15277484176624934,0.006180033805330609
2019-04-01,0.066,0.006,0.009000000000000001,0.006999999999999999,0.996,0.841,0.0348,0.0298,-0.011000000000000001,0.009000000000000001,0.031000000000000003,0.00665101449551969,-0.0042976290199220335,0.04073496273184252,0.19157857954049096,0.009231256206486904
2019-05-01,0.066,0.006999999999999999,0.008,0.006,1.003,0.8240000000000001,0.0349,0.029300000000000003,0.011000000000000001,0.055999999999999994,0.034,0.004638763881656871,-0.008364781215131956,0.04801774724488328,0.16608114030361154,0.008535861051369054
2019-06-01,0.067,0.006999999999999999,0.009000000000000001,0.006999999999999999,0.9890000000000001,0.799,0.0325,0.027400000000000004,-0.018000000000000002,0.036000000000000004,0.019,9.724320883620408e-05,-0.006266461389691225,0.0749853216652221,0.1674847228016787,0.007382954281519805
2019-07-01,0.066,0.006,0.01,0.009000000000000001,0.9840000000000001,0.8250000000000001,0.031200000000000002,0.026400000000000003,-0.033,-0.003,0.013000000000000001,0.0005990082584608558,-0.004426965583234299,0.08163516743464005,0.14638310169700142,0.005769224417625285
2019-08-01,0.068,0.0,0.009000000000000001,0.008,1.021,0.886,0.0292,0.024700000000000003,0.006999999999999999,0.032,0.062000000000000006,-2.1313654534083072e-05,-0.017371973154110654,0.09229704694091656,0.13759498895336142,0.007566527350570951
2019-09-01,0.076,-0.004,0.006,0.005,0.995,0.93,0.0302,0.025099999999999997,0.099,-0.034,0.028999999999999998,0.005412352234356774,-0.02394615111407794,0.08594737673830588,0.13246411261283164,0.01025750243157253
2019-10-01,0.075,0.0,0.008,0.006,0.998,0.892,0.0301,0.025,0.045,-0.06,0.046,0.005942424097306684,-0.011389089252496154,0.08276950425365959,0.13167530224525037,0.016602502948444897
2019-11-01,0.077,0.002,0.006,0.005,1.0290000000000001,0.9450000000000001,0.0296,0.0245,0.04,0.0,0.054000000000000006,0.002785363739293274,-0.01181131900207577,0.08045823897695481,0.1370655693627767,0.002338760141971541
2019-12-01,0.079,0.006999999999999999,0.006999999999999999,0.006,1.0390000000000001,1.013,0.0298,0.0245,0.126,-0.046,0.048,0.001798609415313734,-0.00039513574275296115,-0.15761485607131365,0.13780873272566896,-0.010566561342994163
2020-01-01,0.078,0.012,0.006999999999999999,0.006,0.986,0.8440000000000001,0.029500000000000002,0.025099999999999997,0.005,-0.054000000000000006,0.068,-0.01069595752098977,-0.016530485667286876,0.045703526189661,0.20970478452663732,-0.02358097176167817
2020-02-01,0.08199999999999999,0.009000000000000001,0.005,0.004,0.971,0.649,0.028999999999999998,0.0252,0.055,-0.19,0.03,-0.002806258605167073,-0.049112317735342526,0.2642973464891274,0.15143261625580884,-0.019002894114843016
2020-03-01,0.084,0.008,0.005,0.002,0.9420000000000001,0.978,0.0288,0.0248,0.038,-0.317,-0.034,-0.0076821927966170735,-0.10843466215176234,0.24014655268124785,0.17768189418046498,-0.013456933941262683
2020-04-01,0.091,0.0,0.003,0.001,0.9720000000000001,1.053,0.028900000000000002,0.0258,0.095,-0.17500000000000002,-0.022000000000000002,-0.01818812412370846,-0.07948352170891404,0.12783144570286487,0.01951612903225808,-0.010987684249561536
2020-05-01,0.099,-0.002,0.006,0.002,1.0170000000000001,1.101,0.0281,0.0252,0.133,-0.078,-0.008,-0.01138721240705308,-0.1527319897944558,0.11181290542847377,0.0917946127116347,-0.012942264878359033
2020-06-01,0.099,0.002,0.008,0.004,1.0370000000000001,1.208,0.0267,0.024900000000000002,0.278,-0.06,-0.01,0.005509441383632776,-0.1488530803259902,0.10619261879372677,0.0989037553997667,-0.012235655497229825
2020-07-01,0.1,0.004,0.006999999999999999,0.003,0.9890000000000001,1.001,0.0262,0.0245,0.10300000000000001,-0.081,-0.017,0.013412547498539451,-0.10989881493060694,0.06597412064880626,0.10564300786137104,-0.012435076865073391
2020-08-01,0.095,0.008,0.008,0.004,1.0170000000000001,0.998,0.0255,0.0239,0.15,-0.106,-0.024,0.008652880828128673,-0.081088047042427,0.048818865456923266,0.10865538112189577,-0.016337898295045505
2020-09-01,0.092,0.009000000000000001,0.009000000000000001,0.006,1.031,1.002,0.0259,0.0244,0.19,-0.11599999999999999,0.053,0.011824925487911739,-0.058782524825182536,0.06770350159163252,0.12570128826361415,-0.021605396941870136
2020-10-01,0.09699999999999999,0.001,0.002,-0.003,1.01,1.099,0.026400000000000003,0.024700000000000003,0.095,-0.027999999999999997,-0.048,-0.001059823815111116,-0.02555585422986828,0.05799772163774031,0.11866689170021227,-0.030752116406202568
2020-11-01,0.09699999999999999,0.006,0.011000000000000001,0.006,1.012,1.074,0.027200000000000002,0.0256,0.12400000000000001,-0.115,-0.044000000000000004,0.002398317647503774,-0.03180462408937257,0.05851621255085693,0.1425511644802675,-0.016460464816387077
2020-12-01,0.098,0.006,0.011000000000000001,0.006,1.0150000000000001,0.993,0.0279,0.0259,0.067,-0.165,-0.001,0.005080104346373417,-0.026948005479564108,0.32002126387135355,0.15414681418073162,-0.004274028969832422
2021-01-01,0.10099999999999999,0.009000000000000001,0.012,0.006999999999999999,1.032,1.078,0.028300000000000002,0.0263,0.24600000000000002,-0.106,-0.061,0.010786062061502691,0.06462846174938308,-0.06907840890489447,0.055692974627056024,0.009229128151901467
2021-02-01,0.107,0.013999999999999999,0.012,0.006,1.023,1.0270000000000001,0.0281,0.026600000000000002,0.168,0.107,0.038,0.003432661346896992,0.23595962188288633,-0.03864221851795724,0.06615259197883128,0.010636285136747414
2021-03-01,0.11,0.019,0.013999999999999999,0.011000000000000001,1.045,1.0490000000000002,0.0288,0.0273,0.132,0.364,0.025,0.002217964781447535,0.2728528269313768,0.029946284691136915,0.12233345851232413,0.01204856802685228
2021-04-01,0.114,0.025,0.016,0.012,1.055,1.048,0.0291,0.0273,0.086,0.23,0.042,0.003531330844345035,0.3251907335293651,0.04075906372295646,0.15129222936531916,0.013885903790621157
2021-05-01,0.11,0.026000000000000002,0.015,0.012,1.054,1.093,0.028900000000000002,0.0269,0.039,0.049,0.03,0.003900546333622259,0.3683947860363217,0.05874405036081676,0.08415581777243553,0.012555773257033387
2021-06-01,0.109,0.023,0.015,0.011000000000000001,1.064,1.083,0.0292,0.027400000000000004,-0.016,0.052000000000000005,0.038,0.0007363238899283431,0.3670402406919895,0.08577071381548018,0.09371323634902873,0.009497320923617547
2021-07-01,0.114,0.026000000000000002,0.018000000000000002,0.013000000000000001,1.072,1.0790000000000002,0.0298,0.0281,0.111,0.102,0.062000000000000006,-0.002373651554879217,0.32703238285097247,0.08133869037442287,0.06291113907161727,0.008956398303932911
2021-08-01,0.125,0.026000000000000002,0.019,0.013000000000000001,1.062,0.981,0.031000000000000003,0.0288,0.024,0.109,0.032,0.00290125407436733,0.28944443290187194,0.07885046273745733,0.11892753466955153,0.0133280644284417
2021-09-01,0.128,0.024,0.02,0.013999999999999999,1.08,0.878,0.0318,0.0301,-0.026000000000000002,0.184,0.026000000000000002,-0.001054747597576124,0.2786661511875428,0.08356474777245859,0.09961078975368509,0.016924261127049256
2021-10-01,0.12400000000000001,0.032,0.027999999999999997,0.023,1.083,0.9159999999999999,0.0346,0.0326,0.054000000000000006,0.14,0.079,0.008014609125398664,0.21144805028472335,0.07719226018937841,0.10843822125493152,0.02485874501930274
2021-11-01,0.129,0.038,0.024,0.019,1.058,0.892,0.0361,0.0351,-0.017,0.133,0.048,0.006188033804425004,0.20755569496411463,0.07551867219917008,0.11060554707394399,0.02230469677818503
2021-12-01,0.132,0.037000000000000005,0.027000000000000003,0.022000000000000002,1.077,0.937,0.0366,0.0363,0.028999999999999998,0.204,0.035,0.004788346135738948,0.2049827348308153,0.10928769192046306,0.10784085979372793,0.016637784703180447
2022-01-01,0.127,0.036000000000000004,0.03,0.026000000000000002,1.0590000000000002,0.904,0.0391,0.0385,-0.099,0.166,0.094,2.783737601703251e-05,0.2787750791974657,0.1341656409354668,0.020990845189497342,0.01084263681639186
2022-02-01,0.11800000000000001,0.037000000000000005,0.032,0.028999999999999998,1.0490000000000002,1.011,0.0393,0.0388,0.069,0.055999999999999994,-0.047,0.0017917302305068012,0.21084597947777328,-0.06352459016393441,0.16729132456723117,0.010369834742255613
2022-03-01,0.10800000000000001,0.040999999999999995,0.033,0.028999999999999998,1.072,0.9840000000000001,0.0398,0.0384,-0.034,0.027000000000000003,0.051,0.0015683013350326288,0.2553686875536869,-0.018949106871224308,0.1777725184236083,0.01115215388176738
2022-04-01,0.095,0.048,0.036000000000000004,0.031000000000000003,1.061,1.003,0.0405,0.039,-0.046,0.062000000000000006,0.01,0.0027559646933052314,0.2586601098958763,0.028769067045051333,0.21287187462914026,0.013174315910752021
2022-05-01,0.094,0.054000000000000006,0.040999999999999995,0.034,1.057,0.998,0.0414,0.039,-0.034,0.06,0.005,0.004945950135199979,0.2152707806617915,0.01992574975346595,0.3240734957318343,0.01599588852501377
2022-06-01,0.09,0.06,0.044000000000000004,0.039,1.051,0.995,0.042300000000000004,0.0404,-0.067,0.035,-0.004,0.0009118727491120637,0.2009100512797941,-0.01920744911216976,0.2903122841077035,0.01881113271192625
2022-07-01,0.083,0.063,0.045,0.039,1.05,1.01,0.0453,0.041600000000000005,-0.07200000000000001,0.044000000000000004,-0.018000000000000002,5.622714063676426e-05,0.16683805316856382,0.025890351397288347,0.28617393998617624,0.020357556085378814
2022-08-01,0.075,0.057,0.044000000000000004,0.04,1.082,1.0090000000000001,0.047599999999999996,0.0435,-0.016,0.039,0.03,-0.0001706654807765062,0.16524135041832988,0.0311890486166293,0.21296984461235668,0.014911684909800105
2022-09-01,0.07,0.055999999999999994,0.045,0.040999999999999995,1.055,1.05,0.051500000000000004,0.0479,0.02,-0.009000000000000001,-0.052000000000000005,-0.0005970460937814437,0.15694338701627975,0.005896041004999741,0.201289736946614,0.011485807975397222
2022-10-01,0.064,0.057,0.048,0.042,1.066,1.056,0.0534,0.04820000000000001,-0.023,-0.037000000000000005,0.0,-0.001981103723711897,0.15691045538383475,0.021446735950844564,0.1983585478303176,0.008801143005776169
2022-11-01,0.059000000000000004,0.05,0.048,0.043,1.035,1.06,0.055700000000000006,0.047400000000000005,-0.002,-0.098,0.001,-0.0005135974954001199,0.15533998596083265,0.02128005198180638,0.19627198016619984,0.010112861311093901
2022-12-01,0.05,0.05,0.048,0.040999999999999995,1.041,1.046,0.0564,0.0463,-0.059000000000000004,0.003,-0.031000000000000003,-0.0006647361697241649,0.15072454501595578,0.01832229079687786,0.19663943247790705,0.014487547499889342
2023-01-01,0.044000000000000004,0.052000000000000005,0.05,0.040999999999999995,1.022,1.013,0.0547,0.0458,-0.028999999999999998,-0.028999999999999998,-0.013000000000000001,0.0004484244872638499,-0.13635173511107535,-0.0012403100775193465,-0.07823885681839693,0.01982354720844448
2023-02-01,0.040999999999999995,0.048,0.048,0.04,1.075,1.122,0.052199999999999996,0.045599999999999995,0.0,0.053,-0.008,0.0032770033980808935,-0.22484851949239737,0.05697693990910624,-0.07494389141243307,0.015041700271925862
2023-03-01,0.038,0.042,0.048,0.04,1.076,1.121,0.0496,0.044000000000000004,0.024,0.040999999999999995,-0.023,0.002943789576895028,-0.21602592959394973,0.050990120940947126,-0.11985504032816874,0.009358001519941705
2023-04-01,0.032,0.037000000000000005,0.046,0.04,1.048,1.078,0.04820000000000001,0.0424,-0.006,-0.028999999999999998,-0.011000000000000001,0.001116024082065792,-0.20201424623594433,0.0011034102272335922,-0.1553233564388048,0.004028555036897252
2023-05-01,0.023,0.033,0.043,0.039,1.054,1.055,0.0483,0.0421,0.019,-0.033,-0.003,0.0016215470136000931,-0.18527146766498137,0.004464666571875497,-0.22770961667734624,0.0017470385853650683
2023-06-01,0.022000000000000002,0.027000000000000003,0.040999999999999995,0.035,1.064,1.192,0.0481,0.0426,0.083,-0.022000000000000002,-0.005,0.002244251174731318,-0.1819731241667163,0.03976331883514006,-0.2074131556742359,-0.0013374455932320117
2023-07-01,0.025,0.023,0.039,0.033,1.03,1.045,0.048,0.042800000000000005,0.013999999999999999,-0.059000000000000004,-0.019,0.0001493959317259907,-0.16621069652313192,0.002523695769438339,-0.18472500185308727,-0.0035889135190791954
2023-08-01,0.022000000000000002,0.034,0.039,0.033,1.0270000000000001,1.02,0.0483,0.0431,-0.019,-0.071,-0.055999999999999994,0.003569765461966199,-0.164707712517717,0.001698803831940987,-0.18040525015389064,0.005071595462825762
2023-09-01,0.025,0.037000000000000005,0.038,0.033,1.0290000000000001,1.028,0.049,0.0435,-0.028999999999999998,-0.079,0.004,0.004302231917826589,-0.16042078615599697,0.014239492317551727,-0.1796042378351148,0.010551402232686247
