,CDS_premium_AA,CDS_premium_BBB,spread_3y,bond_spread,CD_3mon,CP_3mon,credit_int_rate,deposit_int_rate,credit_deposit_spread,overnight_rate
2001-01-01,0.01757368421052632,0.056478947368421066,0.007526315789473685,0.006599999999999999,0.06439473684210525,0.06975263157894737,0.08449999999999999,0.0666,0.0179,0.05269473684210527
2001-02-01,0.013665,0.062185000000000004,0.0035399999999999997,0.009805,0.057275,0.06281,0.0834,0.0609,0.0225,0.05083
2001-03-01,0.013166666666666672,0.06219047619047619,0.008423809523809524,0.01155714285714286,0.056814285714285706,0.06137142857142857,0.08259999999999999,0.0582,0.0244,0.04987142857142859
2001-04-01,0.013194999999999998,0.060375,0.01583,0.01153,0.05841,0.061405,0.081,0.05740000000000001,0.0236,0.04984
2001-05-01,0.01241818181818182,0.057786363636363636,0.01458636363636364,0.01113181818181818,0.058550000000000005,0.06133636363636364,0.0799,0.0576,0.0223,0.04979545454545454
2001-06-01,0.01194,0.053915,0.01047,0.011040000000000001,0.05648500000000001,0.057859999999999995,0.0789,0.057,0.0219,0.049795
2001-07-01,0.012457142857142861,0.053719047619047625,0.009676190476190475,0.010747619047619051,0.05322380952380952,0.05501904761904762,0.07780000000000001,0.055700000000000006,0.0221,0.04788095238095238
2001-08-01,0.01357727272727273,0.05490454545454546,0.005890909090909092,0.0113,0.04917272727272728,0.050627272727272736,0.0751,0.0518,0.0233,0.04561818181818183
2001-09-01,0.014325000000000001,0.056174999999999996,0.005895,0.013080000000000001,0.046659999999999986,0.04850499999999999,0.0726,0.049,0.0236,0.042795000000000014
2001-10-01,0.015695,0.05710500000000001,0.00743,0.017995,0.04353499999999998,0.045805,0.0707,0.045700000000000005,0.025,0.04004
2001-11-01,0.01440454545454545,0.05549090909090909,0.01354090909090909,0.015281818181818181,0.04537727272727273,0.04713181818181818,0.0692,0.0458,0.0234,0.03982727272727273
2001-12-01,0.011775,0.053119999999999994,0.019295,0.010815,0.04846500000000001,0.05039,0.0684,0.0464,0.022000000000000002,0.039535
2002-01-01,0.0099,0.05145909090909091,0.02085909090909091,0.010154545454545449,0.047890909090909095,0.04951818181818182,0.0683,0.0472,0.0211,0.03955909090909091
2002-02-01,0.009729411764705882,0.05130588235294118,0.01914117647058823,0.01078823529411765,0.04533529411764706,0.04680588235294117,0.0671,0.0464,0.0207,0.039764705882352945
2002-03-01,0.007529999999999999,0.048435000000000006,0.023115,0.0087,0.046415,0.048315000000000004,0.0672,0.047,0.0202,0.039915
2002-04-01,0.007309523809523809,0.04724285714285714,0.02471428571428572,0.008276190476190475,0.04786190476190477,0.049071428571428564,0.0675,0.0472,0.0203,0.03998571428571429
2002-05-01,0.007740909090909092,0.047363636363636365,0.02078636363636364,0.007972727272727272,0.048072727272727274,0.04930000000000001,0.06730000000000001,0.0479,0.0194,0.04218636363636364
2002-06-01,0.008255555555555554,0.04765,0.01673333333333333,0.00836111111111111,0.048488888888888894,0.049550000000000004,0.0671,0.048,0.0191,0.042777777777777776
2002-07-01,0.008876190476190477,0.04800476190476191,0.014485714285714291,0.008414285714285716,0.049123809523809535,0.05017142857142857,0.0672,0.04820000000000001,0.019,0.04264761904761905
2002-08-01,0.008523809523809524,0.046747619047619045,0.011295238095238089,0.008614285714285715,0.048023809523809524,0.04896190476190476,0.0665,0.047400000000000005,0.0191,0.04269047619047619
2002-09-01,0.006925000000000001,0.04528499999999999,0.01119,0.007945,0.048119999999999996,0.049115000000000006,0.0664,0.047400000000000005,0.019,0.042894999999999996
2002-10-01,0.0062,0.04330454545454545,0.01140454545454545,0.007231818181818181,0.049100000000000005,0.05003636363636364,0.067,0.0472,0.0198,0.04283181818181817
2002-11-01,0.006076190476190476,0.04110952380952381,0.01038571428571429,0.0051095238095238095,0.04910476190476191,0.05045714285714287,0.0665,0.0471,0.0194,0.042833333333333334
2002-12-01,0.00599,0.040244999999999996,0.010324999999999999,0.004835,0.049,0.050275,0.0658,0.046900000000000004,0.0189,0.042984999999999995
2003-01-01,0.005171428571428572,0.038866666666666674,0.007119047619047619,0.004652380952380952,0.047042857142857136,0.04838095238095238,0.0651,0.0463,0.0188,0.04262380952380952
2003-02-01,0.005200000000000001,0.03849,0.00481,0.004189999999999998,0.045385,0.046585,0.0639,0.044500000000000005,0.0194,0.042960000000000005
2003-03-01,0.006519047619047619,0.038357142857142854,0.005347619047619048,0.004138095238095238,0.047595238095238086,0.05044761904761905,0.06480000000000001,0.043,0.021800000000000003,0.04190952380952381
2003-04-01,0.00795,0.03907727272727273,0.00345,0.004363636363636363,0.04615454545454546,0.052477272727272734,0.0641,0.0433,0.020800000000000003,0.04229090909090909
2003-05-01,0.009963157894736842,0.04076842105263157,0.0020157894736842112,0.0040999999999999995,0.04387894736842106,0.05031052631578947,0.06280000000000001,0.0422,0.0206,0.040610526315789465
2003-06-01,0.012095,0.042980000000000004,0.0006799999999999999,0.00393,0.04281499999999999,0.046925,0.062400000000000004,0.0415,0.0209,0.039935
2003-07-01,0.01282272727272727,0.04373636363636364,0.005363636363636363,0.005840909090909091,0.04147727272727272,0.04537727272727273,0.062000000000000006,0.0409,0.0211,0.03822272727272727
2003-08-01,0.0125,0.044405,0.00867,0.006405000000000001,0.03896,0.042635,0.060300000000000006,0.0394,0.0209,0.03727
2003-09-01,0.009921052631578949,0.04621052631578947,0.004968421052631579,0.005263157894736842,0.03834736842105263,0.04115789473684211,0.059699999999999996,0.0385,0.0212,0.03716315789473684
2003-10-01,0.009063636363636364,0.047709090909090916,0.005277272727272727,0.005904545454545455,0.03930909090909091,0.041122727272727276,0.06,0.0381,0.0219,0.037263636363636374
2003-11-01,0.007634999999999999,0.04871,0.0102,0.00575,0.04226,0.043285000000000004,0.0613,0.0394,0.0219,0.03764
2003-12-01,0.0073318181818181815,0.050190909090909085,0.01123636363636364,0.005581818181818181,0.04342727272727273,0.04508181818181819,0.062000000000000006,0.0412,0.020800000000000003,0.037613636363636356
2004-01-01,0.007816666666666668,0.051072222222222234,0.01134444444444445,0.005372222222222223,0.04262777777777778,0.04531111111111113,0.0625,0.0415,0.021,0.037666666666666675
2004-02-01,0.008015000000000001,0.052005,0.01075,0.0060750000000000005,0.04075,0.043555,0.0609,0.0402,0.0207,0.037425
2004-03-01,0.00789090909090909,0.05263181818181819,0.008336363636363637,0.006713636363636364,0.03933181818181818,0.04166363636363636,0.061200000000000004,0.039,0.0222,0.03753636363636363
2004-04-01,0.0075049999999999995,0.052165,0.007925,0.0070799999999999995,0.039115000000000004,0.041355,0.0602,0.039,0.0212,0.037469999999999996
2004-05-01,0.006847368421052632,0.0515421052631579,0.0063789473684210535,0.007673684210526316,0.03897368421052632,0.0409,0.059699999999999996,0.0382,0.0215,0.03751578947368421
2004-06-01,0.00629090909090909,0.05089090909090909,0.005309090909090909,0.0073363636363636365,0.03906818181818182,0.040218181818181827,0.060599999999999994,0.0383,0.0223,0.03751818181818181
2004-07-01,0.0058,0.05029545454545455,0.004409090909090909,0.006909090909090909,0.039063636363636356,0.0402,0.0596,0.0384,0.0212,0.03755454545454546
2004-08-01,0.005577272727272728,0.04979545454545454,0.002304545454545455,0.005063636363636364,0.03701363636363636,0.03844090909090909,0.0581,0.0366,0.0215,0.03601363636363637
2004-09-01,0.005131578947368422,0.04928421052631579,0.0009105263157894737,0.005457894736842106,0.035236842105263164,0.03691052631578947,0.05740000000000001,0.0351,0.0223,0.03513684210526316
2004-10-01,0.004680952380952381,0.048647619047619044,0.00039047619047619055,0.005076190476190476,0.03523333333333333,0.03667142857142857,0.0571,0.0348,0.0223,0.03508095238095238
2004-11-01,0.004454545454545455,0.04841818181818182,0.0007636363636363636,0.005431818181818181,0.03423636363636363,0.03566363636363636,0.055999999999999994,0.0342,0.021800000000000003,0.03351818181818182
2004-12-01,0.004513043478260871,0.048660869565217396,0.0002739130434782609,0.005760869565217391,0.03393913043478261,0.03530434782608695,0.0552,0.034100000000000005,0.0211,0.03260869565217391
2005-01-01,0.004661904761904762,0.048876190476190476,0.003980952380952381,0.007709523809523811,0.03474285714285715,0.03636190476190476,0.0558,0.034,0.021800000000000003,0.03251904761904762
2005-02-01,0.004441176470588235,0.04865882352941177,0.009370588235294117,0.006929411764705882,0.0358764705882353,0.03757058823529412,0.0553,0.0346,0.0207,0.03255882352941176
2005-03-01,0.004340909090909091,0.04701818181818182,0.007909090909090909,0.007318181818181817,0.03549090909090909,0.03733636363636364,0.0563,0.0349,0.021400000000000002,0.03233636363636364
2005-04-01,0.004225,0.04500999999999999,0.00605,0.008295,0.035155,0.03696,0.0559,0.035,0.0209,0.03251
2005-05-01,0.004133333333333333,0.04398571428571429,0.004595238095238096,0.007119047619047619,0.03506666666666667,0.0364,0.055,0.0347,0.0203,0.03281904761904762
2005-06-01,0.003942857142857142,0.04364285714285715,0.0054,0.006666666666666666,0.035133333333333336,0.03636666666666667,0.055,0.0344,0.0206,0.03267142857142857
2005-07-01,0.003995238095238096,0.04374761904761905,0.008661904761904763,0.0077761904761904765,0.03509047619047619,0.0363952380952381,0.055099999999999996,0.0347,0.0204,0.03233809523809524
2005-08-01,0.004177272727272727,0.04408636363636364,0.01084545454545454,0.007431818181818183,0.03495454545454546,0.036240909090909094,0.054900000000000004,0.0348,0.0201,0.032427272727272735
2005-09-01,0.003961904761904762,0.04338095238095238,0.012695238095238091,0.006290476190476191,0.0369904761904762,0.038195238095238095,0.056100000000000004,0.038,0.0181,0.03237142857142858
2005-10-01,0.00392,0.042030000000000005,0.01369,0.005575,0.039255,0.041159999999999995,0.057300000000000004,0.0386,0.0187,0.034315000000000005
2005-11-01,0.004045454545454545,0.04167727272727273,0.01595909090909091,0.0058772727272727275,0.03956363636363637,0.04118181818181818,0.0571,0.0396,0.0175,0.03492727272727273
2005-12-01,0.004295454545454545,0.041445454545454556,0.013690909090909089,0.005368181818181819,0.040386363636363644,0.04260909090909091,0.05740000000000001,0.0414,0.016,0.03681818181818182
2006-01-01,0.004771428571428571,0.04163809523809524,0.01271428571428571,0.005566666666666668,0.04151904761904762,0.043942857142857145,0.0579,0.0414,0.0165,0.03740952380952381
2006-02-01,0.0046500000000000005,0.03921,0.009425,0.00414,0.042509999999999985,0.044555,0.0576,0.0421,0.015500000000000002,0.03909
2006-03-01,0.0037590909090909094,0.03555454545454545,0.00925909090909091,0.004940909090909091,0.042690909090909085,0.044504545454545456,0.0589,0.0426,0.0163,0.03972272727272727
2006-04-01,0.002875,0.033585,0.009515000000000001,0.0049900000000000005,0.043345,0.04484,0.058300000000000005,0.0437,0.0146,0.039670000000000004
2006-05-01,0.00271,0.032545000000000004,0.007750000000000001,0.004275,0.04360000000000001,0.045,0.0589,0.0435,0.0154,0.039615000000000004
2006-06-01,0.002738095238095238,0.03179523809523809,0.006904761904761905,0.003542857142857143,0.04467619047619048,0.04628095238095238,0.059800000000000006,0.044800000000000006,0.015,0.04154285714285715
2006-07-01,0.00294,0.03162,0.0064,0.0027,0.04625999999999999,0.0481,0.061,0.0446,0.016399999999999998,0.042140000000000004
2006-08-01,0.003240909090909091,0.03168181818181818,0.003527272727272728,0.001636363636363636,0.04676818181818182,0.048640909090909096,0.0616,0.0452,0.016399999999999998,0.04408181818181818
2006-09-01,0.003309523809523809,0.031347619047619055,0.0018857142857142861,0.001995238095238095,0.046361904761904764,0.04784761904761904,0.0613,0.045700000000000005,0.015600000000000001,0.04471428571428573
2006-10-01,0.003047368421052631,0.03102631578947368,0.001210526315789474,0.001731578947368421,0.04573684210526316,0.04753157894736842,0.0609,0.0447,0.016200000000000003,0.04475789473684211
2006-11-01,0.0032636363636363644,0.03118636363636364,0.002245454545454546,0.001809090909090909,0.046036363636363646,0.04754090909090909,0.0604,0.0447,0.015700000000000002,0.04473636363636364
2006-12-01,0.00361,0.031495,0.0031850000000000003,0.001355,0.04755,0.048985,0.061900000000000004,0.046,0.0159,0.044905
2007-01-01,0.003581818181818182,0.03148181818181818,0.0046545454545454555,0.0007636363636363636,0.04917272727272728,0.050704545454545454,0.0632,0.046900000000000004,0.0163,0.04631818181818182
2007-02-01,0.003747368421052631,0.031705263157894736,0.0040789473684210535,0.0009947368421052633,0.04947894736842105,0.051100000000000007,0.0634,0.0479,0.015500000000000002,0.045894736842105266
2007-03-01,0.004028571428571428,0.03190952380952381,0.0029428571428571433,0.001452380952380952,0.049400000000000006,0.051100000000000007,0.0637,0.0479,0.0158,0.045885714285714294
2007-04-01,0.004,0.03172380952380953,0.004390476190476191,0.001338095238095238,0.04953333333333334,0.05119047619047619,0.0635,0.0484,0.0151,0.046638095238095235
2007-05-01,0.00389047619047619,0.0315047619047619,0.005980952380952381,0.001180952380952381,0.050442857142857137,0.05230476190476191,0.06480000000000001,0.048600000000000004,0.016200000000000003,0.04614761904761904
2007-06-01,0.003975,0.03181,0.00741,0.002385,0.05034500000000001,0.052485000000000004,0.06420000000000001,0.0487,0.015500000000000002,0.04532
2007-07-01,0.004019047619047619,0.03159523809523809,0.00690952380952381,0.001776190476190476,0.05049523809523811,0.05258095238095239,0.0641,0.0497,0.0144,0.046552380952380956
2007-08-01,0.00415909090909091,0.031349999999999996,0.0034818181818181823,0.001368181818181818,0.052127272727272723,0.054150000000000004,0.06559999999999999,0.051100000000000007,0.014499999999999999,0.04897272727272728
2007-09-01,0.004558823529411765,0.03152941176470588,0.00391764705882353,0.0012882352941176471,0.05336470588235294,0.056100000000000004,0.067,0.05280000000000001,0.014199999999999999,0.04965294117647059
2007-10-01,0.005563636363636364,0.03174545454545455,0.004240909090909091,0.001386363636363636,0.053427272727272726,0.05701363636363637,0.0679,0.0527,0.0152,0.05003181818181818
2007-11-01,0.006240909090909091,0.03182272727272728,0.005404545454545455,0.0006909090909090909,0.05428181818181819,0.05770454545454547,0.068,0.055,0.013000000000000001,0.05004545454545454
2007-12-01,0.008421052631578947,0.03279473684210526,0.008852631578947369,-0.0006526315789473684,0.05731052631578948,0.06253684210526315,0.0708,0.0584,0.0124,0.04978421052631579
2008-01-01,0.01195454545454546,0.03475909090909091,0.004431818181818182,0.001195454545454545,0.05813181818181817,0.06544545454545454,0.0725,0.0601,0.0124,0.04986363636363637
2008-02-01,0.01214444444444444,0.03483333333333333,0.0005944444444444445,0.002177777777777778,0.05280555555555555,0.058194444444444444,0.069,0.054000000000000006,0.015,0.04970555555555556
2008-03-01,0.00979047619047619,0.033928571428571426,0.0014714285714285719,0.0021285714285714293,0.052528571428571424,0.056280952380952376,0.069,0.0533,0.015700000000000002,0.049695238095238084
2008-04-01,0.00921904761904762,0.03479523809523809,-0.0001523809523809524,0.001861904761904762,0.05383333333333333,0.05828095238095238,0.06910000000000001,0.0545,0.0146,0.04990476190476192
2008-05-01,0.009378947368421053,0.03607368421052632,0.00278421052631579,0.00221578947368421,0.053636842105263156,0.05848421052631579,0.0696,0.053899999999999997,0.015700000000000002,0.04962105263157895
2008-06-01,0.009785,0.037160000000000006,0.007019999999999999,0.00192,0.053625,0.0584,0.0702,0.055,0.0152,0.04886
2008-07-01,0.01027826086956522,0.0387304347826087,0.009630434782608695,0.0006478260869565218,0.05519565217391304,0.05948260869565217,0.0712,0.0567,0.014499999999999999,0.04950869565217391
2008-08-01,0.013405,0.042355000000000004,0.005685,0.0013850000000000002,0.057665,0.061475,0.0731,0.0591,0.013999999999999999,0.05199
2008-09-01,0.01653333333333333,0.04633809523809524,0.005604761904761905,0.0017476190476190482,0.057947619047619046,0.06384285714285715,0.07440000000000001,0.0605,0.0139,0.05175238095238096
2008-10-01,0.02855,0.05985454545454545,0.002054545454545454,0.0044227272727272735,0.06031818181818181,0.0706909090909091,0.0779,0.0631,0.0148,0.0484409090909091
2008-11-01,0.0359,0.070025,0.00923,0.007545,0.056185,0.07346,0.0753,0.059500000000000004,0.0158,0.039985
2008-12-01,0.04379545454545454,0.08328636363636363,0.006068181818181818,0.008977272727272728,0.04678636363636364,0.06928181818181818,0.0689,0.0558,0.0131,0.032081818181818184
2009-01-01,0.03907368421052631,0.08512631578947367,0.008042105263157896,0.009805263157894735,0.03216315789473684,0.05175263157894737,0.0591,0.041600000000000005,0.0175,0.024
2009-02-01,0.032869999999999996,0.08621500000000001,0.015825,0.01455,0.027005,0.035485,0.055700000000000006,0.0323,0.0234,0.01982
2009-03-01,0.024504545454545452,0.08431363636363637,0.01685,0.01288636363636364,0.024472727272727268,0.03135454545454546,0.055,0.029700000000000004,0.0253,0.01756818181818182
2009-04-01,0.01920909090909091,0.08050454545454545,0.0176,0.01140909090909091,0.024195454545454548,0.030804545454545453,0.054000000000000006,0.0288,0.0252,0.01757727272727273
2009-05-01,0.01326315789473684,0.07593157894736843,0.0183421052631579,0.01214210526315789,0.024100000000000003,0.03032631578947368,0.0542,0.028399999999999998,0.0258,0.01895263157894737
2009-06-01,0.011186363636363642,0.07303181818181818,0.020945454545454538,0.011604545454545449,0.024104545454545462,0.02882727272727273,0.0547,0.0296,0.025099999999999997,0.01929090909090909
2009-07-01,0.01365217391304348,0.07435217391304348,0.020930434782608698,0.010900000000000002,0.024100000000000003,0.02764347826086957,0.0553,0.0292,0.026099999999999998,0.019321739130434782
2009-08-01,0.01321428571428571,0.07454761904761906,0.02417619047619048,0.010261904761904762,0.02477619047619048,0.02775238095238096,0.056100000000000004,0.030699999999999998,0.025400000000000002,0.019771428571428572
2009-09-01,0.011718181818181822,0.07368181818181818,0.024036363636363637,0.009727272727272727,0.026390909090909093,0.02855909090909091,0.0582,0.0333,0.024900000000000002,0.01967727272727273
2009-10-01,0.01131904761904762,0.07331428571428572,0.02469523809523809,0.009761904761904762,0.02792857142857143,0.0297047619047619,0.0588,0.0351,0.023700000000000002,0.01995714285714286
2009-11-01,0.011109523809523809,0.07284761904761904,0.0232,0.01071428571428571,0.0279,0.02971428571428572,0.0587,0.0354,0.0233,0.02
2009-12-01,0.011090909090909089,0.07206818181818182,0.022427272727272733,0.01067272727272727,0.0282,0.03000454545454545,0.0581,0.037000000000000005,0.0211,0.01997272727272727
2010-01-01,0.01118,0.07184,0.022850000000000002,0.010685,0.0288,0.03118,0.05940000000000001,0.038700000000000005,0.0207,0.019965
2010-02-01,0.01134736842105263,0.07199473684210526,0.0219,0.011078947368421051,0.0288,0.031184210526315793,0.0584,0.036000000000000004,0.022400000000000003,0.01995263157894737
2010-03-01,0.01075454545454545,0.07137272727272728,0.0194,0.009786363636363636,0.028281818181818182,0.03064090909090909,0.056900000000000006,0.0327,0.0242,0.02007272727272727
2010-04-01,0.009213636363636365,0.06979545454545455,0.017722727272727272,0.011336363636363641,0.02512727272727273,0.027227272727272732,0.054900000000000004,0.028900000000000002,0.026000000000000002,0.02003181818181818
2010-05-01,0.007784210526315789,0.06841578947368421,0.01697894736842105,0.012531578947368421,0.0245,0.02665263157894737,0.054000000000000006,0.028900000000000002,0.025099999999999997,0.020121052631578953
2010-06-01,0.008985714285714286,0.0687,0.017538095238095238,0.01180952380952381,0.02452380952380953,0.02721428571428572,0.053200000000000004,0.03,0.0232,0.01998571428571428
2010-07-01,0.009263636363636363,0.06867727272727274,0.01701363636363636,0.01024545454545454,0.02583636363636364,0.02806363636363637,0.053899999999999997,0.031000000000000003,0.0229,0.022004545454545454
2010-08-01,0.009495454545454547,0.06893181818181819,0.014759090909090911,0.009504545454545455,0.02631363636363636,0.028486363636363643,0.055099999999999996,0.0316,0.0235,0.02276818181818182
2010-09-01,0.009357894736842107,0.06881578947368422,0.012252631578947371,0.008047368421052633,0.026600000000000002,0.028205263157894744,0.0545,0.0308,0.023700000000000002,0.022721052631578947
2010-10-01,0.008852380952380954,0.06904285714285716,0.009904761904761906,0.008647619047619048,0.026619047619047622,0.02798571428571429,0.053700000000000005,0.0301,0.0236,0.0226
2010-11-01,0.007899999999999999,0.06865,0.01025909090909091,0.01082727272727273,0.0273,0.028450000000000003,0.0534,0.0309,0.0225,0.02376818181818182
2010-12-01,0.009191304347826086,0.06961304347826087,0.0075,0.012091304347826091,0.027999999999999997,0.02969130434782609,0.054000000000000006,0.0332,0.020800000000000003,0.02503478260869565
2011-01-01,0.008085714285714286,0.06816666666666668,0.01052380952380952,0.009871428571428573,0.02925238095238095,0.031166666666666672,0.0564,0.0346,0.021800000000000003,0.02651904761904762
2011-02-01,0.0078000000000000005,0.06798823529411765,0.011923529411764711,0.00821764705882353,0.03128235294117647,0.03309411764705882,0.056600000000000004,0.0362,0.0204,0.02754705882352941
2011-03-01,0.007981818181818184,0.0684,0.008072727272727271,0.0077227272727272735,0.03354545454545454,0.03527727272727273,0.057800000000000004,0.0367,0.0211,0.02925454545454545
2011-04-01,0.00791904761904762,0.06838095238095238,0.0074476190476190475,0.007371428571428572,0.03401904761904762,0.03541904761904762,0.057,0.0368,0.0202,0.030152380952380948
2011-05-01,0.007895000000000001,0.068205,0.00655,0.006835,0.034585,0.035815,0.0576,0.0367,0.0209,0.030270000000000002
2011-06-01,0.0074523809523809525,0.06786666666666667,0.004747619047619047,0.005895238095238096,0.03532857142857143,0.03686666666666667,0.057999999999999996,0.037000000000000005,0.021,0.03196190476190476
2011-07-01,0.0070714285714285705,0.06701904761904763,0.005204761904761905,0.004590476190476191,0.035871428571428575,0.03737142857142858,0.058600000000000006,0.0379,0.0207,0.03265238095238095
2011-08-01,0.007209090909090908,0.06696818181818183,0.003218181818181818,0.003890909090909091,0.03589999999999999,0.03730454545454546,0.0584,0.037700000000000004,0.0207,0.03252272727272727
2011-09-01,0.007930000000000001,0.06734,0.00196,0.00308,0.03581,0.03709000000000001,0.0576,0.0371,0.020499999999999997,0.03255
2011-10-01,0.00824,0.06753,0.00219,0.00386,0.035750000000000004,0.0371,0.057699999999999994,0.0371,0.0206,0.03243
2011-11-01,0.008486363636363636,0.06692272727272726,0.001440909090909091,0.004086363636363636,0.03560909090909091,0.03707727272727273,0.058300000000000005,0.0369,0.021400000000000002,0.03259090909090909
2011-12-01,0.008818181818181817,0.06680909090909092,0.001113636363636364,0.0045000000000000005,0.0355,0.037040909090909103,0.056900000000000006,0.037700000000000004,0.0192,0.03265
2012-01-01,0.0087,0.06665499999999999,0.00121,0.004245,0.035525,0.03691,0.0579,0.0375,0.0204,0.03258
2012-02-01,0.00818095238095238,0.06585714285714286,0.001842857142857143,0.0038,0.03525238095238096,0.036623809523809524,0.0571,0.0373,0.0198,0.032561904761904764
2012-03-01,0.008028571428571428,0.0653,0.0030571428571428572,0.003966666666666667,0.03542380952380952,0.03659523809523809,0.05740000000000001,0.037200000000000004,0.0202,0.03247619047619048
2012-04-01,0.00751,0.06462000000000001,0.0025,0.003975,0.035425,0.03634,0.0571,0.037000000000000005,0.0201,0.032485
2012-05-01,0.006271428571428571,0.06254761904761905,0.0012809523809523809,0.0037095238095238097,0.0354,0.03600000000000001,0.056600000000000004,0.0364,0.0202,0.032595238095238094
2012-06-01,0.005795000000000001,0.061945,0.00039,0.0034150000000000005,0.0354,0.035665,0.0558,0.0363,0.0195,0.032585
2012-07-01,0.005836363636363636,0.06170909090909091,-0.0007909090909090909,0.002831818181818182,0.03335,0.03385,0.0545,0.034300000000000004,0.0202,0.030959090909090912
2012-08-01,0.00565909090909091,0.05962727272727273,-0.0016818181818181821,0.002563636363636363,0.03194545454545455,0.03206363636363637,0.052199999999999996,0.0319,0.0203,0.02996363636363637
2012-09-01,0.0050149999999999995,0.058740000000000014,-0.00188,0.00234,0.031365,0.032,0.0513,0.0318,0.0195,0.029965000000000002
2012-10-01,0.005147619047619048,0.05897142857142858,-0.0004095238095238095,0.001942857142857143,0.02927142857142857,0.03044761904761905,0.049800000000000004,0.0308,0.019,0.0282
2012-11-01,0.005254545454545455,0.05909090909090909,0.0004909090909090909,0.001922727272727273,0.0285,0.0298,0.049400000000000006,0.0302,0.0192,0.02755454545454545
2012-12-01,0.0045210526315789465,0.059394736842105264,0.001,0.002847368421052632,0.028794736842105262,0.02985263157894737,0.0484,0.031000000000000003,0.0174,0.02753684210526316
2013-01-01,0.0045000000000000005,0.05978181818181818,-5e-05,0.0030590909090909093,0.02855454545454545,0.02954090909090909,0.05,0.03,0.02,0.02756363636363636
2013-02-01,0.00351578947368421,0.05951578947368421,-0.0004526315789473684,0.0033894736842105273,0.02832631578947368,0.02906315789473684,0.049100000000000005,0.0294,0.0197,0.02747894736842105
2013-03-01,0.00345,0.059539999999999996,-0.0015,0.003095,0.028130000000000002,0.02881,0.0477,0.028700000000000003,0.019,0.027440000000000003
2013-04-01,0.003572727272727272,0.05975909090909091,-0.001995454545454546,0.002872727272727273,0.02795454545454545,0.02871363636363637,0.04730000000000001,0.0275,0.0198,0.02747272727272728
2013-05-01,0.003652380952380953,0.059923809523809525,0.00034761904761904756,0.0030333333333333328,0.027185714285714282,0.02788095238095238,0.046200000000000005,0.0267,0.0195,0.025647619047619048
2013-06-01,0.0037,0.06002105263157895,0.003694736842105263,0.004436842105263158,0.02690526315789473,0.02752105263157895,0.0452,0.026600000000000002,0.018600000000000002,0.02493157894736842
2013-07-01,0.004630434782608696,0.06103478260869565,0.004126086956521739,0.005534782608695652,0.02679565217391304,0.02735217391304348,0.046,0.026400000000000003,0.0196,0.02468260869565218
2013-08-01,0.003919047619047619,0.06086190476190477,0.004376190476190476,0.006733333333333333,0.026600000000000002,0.02720952380952381,0.0455,0.0263,0.0192,0.02498571428571429
2013-09-01,0.0039611111111111106,0.060944444444444454,0.003966666666666667,0.0063388888888888896,0.026600000000000002,0.0273,0.0454,0.026400000000000003,0.019,0.02501111111111111
2013-10-01,0.004163333333333333,0.06123095238095239,0.0033404761904761897,0.006035714285714287,0.02658571428571429,0.02738095238095238,0.0446,0.0263,0.0183,0.02499047619047619
2013-11-01,0.004294285714285714,0.06129619047619048,0.0043614285714285725,0.006478571428571429,0.0265,0.027790476190476192,0.045,0.0262,0.0188,0.02496666666666667
2013-12-01,0.004192857142857143,0.06117095238095239,0.004405714285714286,0.007119523809523809,0.02650952380952381,0.028171428571428573,0.0452,0.0267,0.018500000000000003,0.02499047619047619
2014-01-01,0.0042735,0.061275500000000004,0.003919000000000001,0.007546000000000001,0.026525,0.028345,0.0453,0.0265,0.0188,0.024980000000000002
2014-02-01,0.004256,0.061198499999999996,0.0035425,0.006681,0.0265,0.027805,0.044500000000000005,0.0263,0.0182,0.024864999999999998
2014-03-01,0.004295238095238095,0.06120238095238095,0.003735238095238095,0.00669952380952381,0.0265,0.0277047619047619,0.0446,0.026000000000000002,0.018600000000000002,0.024785714285714293
2014-04-01,0.004279545454545454,0.061223636363636355,0.003753181818181818,0.006647272727272727,0.0265,0.027595454545454538,0.0442,0.026000000000000002,0.0182,0.024877272727272727
2014-05-01,0.004251052631578947,0.061187894736842115,0.0033842105263157903,0.005637368421052632,0.0265,0.02756315789473684,0.044000000000000004,0.0259,0.0181,0.024900000000000002
2014-06-01,0.004225263157894737,0.06117578947368422,0.002457368421052632,0.005398421052631579,0.0265,0.027400000000000004,0.044000000000000004,0.0257,0.0183,0.02482105263157895
2014-07-01,0.004125652173913043,0.061097391304347826,0.0005782608695652174,0.004981304347826087,0.0265,0.027260869565217394,0.043899999999999995,0.024900000000000002,0.019,0.02486086956521739
2014-08-01,0.0038675,0.061106999999999995,0.001772,0.005465500000000001,0.025165000000000003,0.02588,0.0418,0.0236,0.0182,0.02348
2014-09-01,0.003805789473684211,0.06128526315789474,0.0015494736842105261,0.006071578947368421,0.023536842105263158,0.02428947368421053,0.0414,0.022799999999999997,0.018600000000000002,0.02235263157894737
2014-10-01,0.003560952380952381,0.06109714285714286,0.0014352380952380951,0.0053,0.02212857142857143,0.02319047619047619,0.04,0.021800000000000003,0.0182,0.02076190476190476
2014-11-01,0.0032765,0.061178,0.0013830000000000001,0.005538,0.02138,0.022400000000000003,0.0388,0.021,0.0178,0.0198
2014-12-01,0.00317,0.06142636363636364,0.0014318181818181819,0.005377272727272727,0.0213,0.02299090909090909,0.0391,0.0216,0.0175,0.0199
2015-01-01,0.003171904761904762,0.06169714285714285,0.00039285714285714276,0.003753333333333333,0.02128571428571429,0.022580952380952382,0.039,0.0209,0.0181,0.01989047619047619
2015-02-01,0.002763529411764706,0.06166823529411765,0.0002394117647058823,0.0032188235294117653,0.021152941176470593,0.022400000000000003,0.0386,0.0204,0.0182,0.01985882352941176
2015-03-01,0.0026354545454545454,0.061625,0.0002381818181818182,0.004113181818181818,0.01953636363636364,0.02004090909090909,0.0361,0.0192,0.0169,0.01826818181818182
2015-04-01,0.0024909090909090914,0.061490909090909096,-0.0001104545454545455,0.004380909090909091,0.01812727272727273,0.018822727272727272,0.0336,0.0178,0.0158,0.01731818181818182
2015-05-01,0.002396111111111111,0.061491666666666674,0.0012544444444444439,0.006148888888888889,0.018000000000000002,0.01871666666666667,0.0356,0.0175,0.0181,0.01736666666666667
2015-06-01,0.002383181818181818,0.06149318181818182,0.001825,0.006946363636363636,0.01704545454545455,0.01727727272727273,0.0349,0.0167,0.0182,0.01578636363636363
2015-07-01,0.00224695652173913,0.06142130434782609,0.0027678260869565207,0.0067365217391304345,0.01647826086956522,0.017,0.034300000000000004,0.015700000000000002,0.018600000000000002,0.014834782608695649
2015-08-01,0.0024535000000000004,0.0617405,0.0023495,0.005733,0.016395,0.016955,0.0344,0.015500000000000002,0.0189,0.014935
2015-09-01,0.002944,0.06220900000000001,0.0015125,0.005645,0.01602,0.016855000000000002,0.034300000000000004,0.0154,0.0189,0.014810000000000002
2015-10-01,0.00335,0.0626642857142857,0.001274761904761905,0.004607142857142857,0.015771428571428568,0.0170047619047619,0.0342,0.0158,0.0184,0.01483333333333333
2015-11-01,0.003666190476190476,0.06312190476190477,0.0025152380952380947,0.005022380952380953,0.015852380952380948,0.01743333333333333,0.0344,0.0166,0.0178,0.01493333333333333
2015-12-01,0.0042359090909090905,0.06365954545454545,0.0021922727272727267,0.004613181818181818,0.0167,0.01903181818181818,0.0346,0.0172,0.0174,0.01470909090909091
2016-01-01,0.004627500000000001,0.064048,0.0012835,0.0039685,0.01665,0.01828,0.0349,0.0165,0.0184,0.01489
2016-02-01,0.004761666666666667,0.06427333333333334,-0.0002605555555555555,0.003517777777777777,0.01637222222222222,0.01762222222222222,0.0347,0.0158,0.0189,0.01487222222222222
2016-03-01,0.004813181818181818,0.06454454545454545,-2e-05,0.00356,0.016263636363636362,0.01711818181818182,0.035,0.015600000000000001,0.0194,0.01490909090909091
2016-04-01,0.004719,0.06467700000000001,-0.00032,0.0034165000000000003,0.0161,0.017045,0.0344,0.015600000000000001,0.0188,0.01484
2016-05-01,0.004555,0.06485899999999999,-0.000455,0.0033295000000000004,0.01581,0.016819999999999998,0.0345,0.0154,0.0191,0.014895
2016-06-01,0.004549523809523809,0.06499619047619047,0.0002404761904761905,0.00283047619047619,0.014257142857142859,0.01557619047619048,0.033100000000000004,0.0144,0.0187,0.012952380952380951
2016-07-01,0.0043280952380952385,0.06503095238095238,-0.0003247619047619048,0.001834761904761905,0.01361904761904762,0.0152,0.0323,0.013200000000000002,0.0191,0.01226190476190476
2016-08-01,0.0040686363636363646,0.06487136363636364,-0.0001209090909090909,0.001792727272727273,0.01349090909090909,0.015127272727272729,0.0323,0.0131,0.0192,0.01233181818181818
2016-09-01,0.00392,0.06478210526315789,0.0006231578947368422,0.0019973684210526322,0.0134,0.01504210526315789,0.0327,0.013500000000000002,0.0192,0.012410526315789469
2016-10-01,0.0042055,0.0650915,0.0011070000000000001,0.002355,0.013545000000000001,0.015005,0.0329,0.0141,0.0188,0.01233
2016-11-01,0.004116363636363636,0.06518772727272727,0.0035886363636363637,0.00356,0.01418636363636363,0.015254545454545462,0.0336,0.0151,0.018500000000000003,0.01226818181818182
2016-12-01,0.004698181818181819,0.06589272727272728,0.004417272727272727,0.004677272727272729,0.015372727272727269,0.016531818181818182,0.0344,0.015600000000000001,0.0188,0.01223636363636364
2017-01-01,0.0046105,0.06637749999999999,0.003929500000000001,0.004684,0.014950000000000001,0.016705,0.0351,0.0151,0.02,0.012425
2017-02-01,0.0046405000000000005,0.0666545,0.0041545,0.004980000000000001,0.0149,0.016445,0.0345,0.0149,0.0196,0.012310000000000001
2017-03-01,0.0049913636363636375,0.06704045454545454,0.004588636363636364,0.005123181818181819,0.01478636363636364,0.01635454545454545,0.0348,0.0149,0.0199,0.01226818181818182
2017-04-01,0.0051695000000000005,0.06732300000000001,0.004282500000000001,0.005042,0.0143,0.0163,0.0342,0.0148,0.0194,0.01228
2017-05-01,0.00526,0.06752684210526315,0.004402105263157895,0.005672105263157894,0.01392631578947368,0.0162421052631579,0.0345,0.0148,0.0197,0.01230526315789474
2017-06-01,0.0053471428571428585,0.06770761904761904,0.004228095238095238,0.004923809523809524,0.0138,0.016,0.0344,0.0149,0.0195,0.012395238095238091
2017-07-01,0.00537952380952381,0.06780380952380953,0.004896190476190477,0.0051276190476190475,0.013885714285714279,0.01593809523809524,0.0345,0.0148,0.0197,0.01236666666666667
2017-08-01,0.0054027272727272735,0.06785000000000001,0.005295454545454546,0.005070454545454545,0.01388636363636363,0.0159,0.034300000000000004,0.0148,0.0195,0.01227727272727273
2017-09-01,0.005473809523809524,0.06791047619047619,0.005352380952380953,0.005010952380952381,0.0138,0.0159,0.0346,0.015300000000000001,0.0193,0.012528571428571429
2017-10-01,0.005476875,0.06797,0.00776,0.0042943750000000004,0.0138375,0.0159125,0.0346,0.0163,0.0183,0.01244375
2017-11-01,0.005592727272727273,0.06808772727272727,0.008884545454545454,0.003903181818181818,0.014499999999999999,0.01699545454545454,0.0355,0.0179,0.0176,0.01257727272727273
2017-12-01,0.005490500000000001,0.06808900000000001,0.0059975,0.003723,0.0166,0.018000000000000002,0.0362,0.0181,0.0181,0.015085
2018-01-01,0.005325909090909091,0.06794772727272727,0.006897272727272728,0.004362727272727273,0.016550000000000002,0.018000000000000002,0.0369,0.018000000000000002,0.0189,0.01494090909090909
2018-02-01,0.005386666666666667,0.06774000000000001,0.007767222222222222,0.004933888888888889,0.0165,0.018000000000000002,0.0368,0.018000000000000002,0.0188,0.01489444444444444
2018-03-01,0.005603333333333333,0.06780095238095238,0.007707142857142857,0.00436952380952381,0.0165,0.01808571428571429,0.0367,0.018500000000000003,0.0182,0.014919047619047622
2018-04-01,0.006019523809523809,0.06820428571428572,0.006924761904761905,0.004624761904761905,0.0165,0.0182,0.0365,0.0182,0.0183,0.014728571428571431
2018-05-01,0.006096999999999999,0.0682255,0.0075015,0.005068,0.0165,0.0182,0.0368,0.0184,0.0184,0.01497
2018-06-01,0.006304736842105263,0.06840631578947369,0.006748947368421053,0.004806315789473685,0.0165,0.0182,0.0365,0.0187,0.0178,0.014884210526315791
2018-07-01,0.006528181818181818,0.06859454545454545,0.005972272727272727,0.004519545454545454,0.0165,0.0182,0.0367,0.0182,0.018500000000000003,0.01485454545454545
2018-08-01,0.0063686363636363645,0.06826954545454544,0.005189090909090909,0.00439,0.0165,0.01811363636363637,0.0363,0.0181,0.0182,0.01491363636363636
2018-09-01,0.004501764705882353,0.06523,0.004527058823529412,0.003623529411764706,0.0165,0.01811176470588235,0.0361,0.0184,0.0177,0.015388235294117649
2018-10-01,0.00441952380952381,0.06504714285714285,0.0051,0.0032823809523809524,0.01677619047619048,0.0182,0.0364,0.0193,0.0171,0.01513809523809524
2018-11-01,0.004624090909090909,0.06513272727272727,0.004290454545454546,0.00269,0.01709090909090909,0.01845909090909091,0.0366,0.0196,0.017,0.01508181818181818
2018-12-01,0.004796000000000001,0.065485,0.000747,0.0016769999999999999,0.01905,0.0197,0.037200000000000004,0.020499999999999997,0.0167,0.017655
2019-01-01,0.00455909090909091,0.06535954545454545,0.0005704545454545454,0.001841818181818182,0.01865909090909091,0.0197,0.0373,0.02,0.0173,0.01756818181818182
2019-02-01,0.004475294117647059,0.06527588235294117,0.0005164705882352941,0.0018617647058823531,0.01874117647058823,0.0197,0.037000000000000005,0.0193,0.0177,0.01759411764705882
2019-03-01,0.004547,0.0652915,0.00039,0.0016430000000000001,0.018955,0.019770000000000003,0.0366,0.0195,0.0171,0.017585
2019-04-01,0.004714090909090908,0.0654431818181818,-0.0001395454545454545,0.001532727272727273,0.01859545454545455,0.0198,0.0365,0.0188,0.0177,0.01746363636363636
2019-05-01,0.00474,0.06545142857142858,-0.0007071428571428571,0.001488095238095238,0.0184,0.01945238095238095,0.0362,0.018600000000000002,0.0176,0.01744761904761905
2019-06-01,0.005081052631578947,0.06600684210526316,-0.0025389473684210516,0.00122,0.01803684210526316,0.01926842105263158,0.0349,0.0179,0.017,0.01756842105263158
2019-07-01,0.0050321739130434785,0.06607347826086957,-0.002597826086956522,0.001240869565217391,0.01680434782608696,0.018634782608695652,0.034,0.0169,0.0171,0.016313043478260868
2019-08-01,0.00525047619047619,0.06626809523809525,-0.003361904761904762,0.0009038095238095239,0.01491428571428572,0.017271428571428573,0.0319,0.0152,0.0167,0.01510952380952381
2019-09-01,0.005046842105263159,0.06607315789473683,-0.00213,0.0013278947368421052,0.01536315789473684,0.0172,0.033100000000000004,0.015700000000000002,0.0174,0.01517368421052632
2019-10-01,0.005041904761904762,0.06612619047619048,-1.90476190476188e-06,0.002202857142857143,0.01457619047619048,0.01686666666666667,0.032,0.015500000000000002,0.0165,0.01363809523809524
2019-11-01,0.0051076190476190475,0.06620285714285715,0.002415238095238095,0.002588571428571428,0.01518095238095238,0.0165,0.0318,0.016200000000000003,0.015600000000000001,0.012795238095238099
2019-12-01,0.0055861904761904755,0.06669,0.001396190476190476,0.00263,0.015300000000000001,0.01667619047619047,0.0322,0.016,0.016200000000000003,0.01283333333333333
2020-01-01,0.005814999999999999,0.06694750000000001,0.00123,0.002833,0.014650000000000002,0.0169,0.0319,0.0154,0.0165,0.012725
2020-02-01,0.00594,0.0671855,2.550000000000001e-05,0.0028754999999999996,0.014165,0.01651,0.0308,0.0143,0.0165,0.012390000000000002
2020-03-01,0.0074895454545454545,0.06914318181818181,0.0009081818181818182,0.003942272727272727,0.0123,0.01649545454545454,0.0291,0.012700000000000001,0.016399999999999998,0.009972727272727274
2020-04-01,0.0112035,0.0734225,0.0027445000000000004,0.0047995,0.011000000000000001,0.02116,0.027999999999999997,0.012,0.016,0.007405000000000001
2020-05-01,0.01300052631578947,0.07561157894736843,0.001547894736842105,0.005156315789473684,0.01022105263157895,0.01918421052631579,0.0282,0.010700000000000001,0.0175,0.0069684210526315795
2020-06-01,0.01368545454545455,0.07665045454545455,0.0034972727272727273,0.0054272727272727285,0.00793181818181818,0.015595454545454551,0.027200000000000002,0.0089,0.0183,0.004781818181818182
2020-07-01,0.01393173913043478,0.07717869565217392,0.003256956521739131,0.005345217391304348,0.007869565217391305,0.01476521739130435,0.027000000000000003,0.008199999999999999,0.0188,0.004769565217391304
2020-08-01,0.0136325,0.0771305,0.003291,0.005436,0.006805,0.01433,0.0263,0.008100000000000001,0.0182,0.00505
2020-09-01,0.013311904761904761,0.07682238095238096,0.004079999999999999,0.005924285714285714,0.0063,0.01209047619047619,0.026600000000000002,0.0088,0.0178,0.0047952380952380955
2020-10-01,0.013286315789473679,0.07688526315789473,0.004099473684210526,0.00597,0.0063,0.0111,0.026600000000000002,0.0088,0.0178,0.005073684210526316
2020-11-01,0.012824761904761901,0.07670952380952381,0.004649047619047619,0.006454761904761904,0.006595238095238097,0.01101904761904762,0.0271,0.009000000000000001,0.0181,0.004966666666666666
2020-12-01,0.01241409090909091,0.07649454545454547,0.004698181818181819,0.0070490909090909085,0.006600000000000001,0.010900000000000002,0.027400000000000004,0.009000000000000001,0.0184,0.005081818181818182
2021-01-01,0.011680999999999999,0.0756855,0.004747499999999999,0.0075639999999999995,0.0067800000000000004,0.010305,0.027200000000000002,0.0087,0.018500000000000003,0.004894999999999999
2021-02-01,0.01059444444444444,0.07443999999999999,0.004952222222222222,0.0085,0.007333333333333333,0.010011111111111111,0.027400000000000004,0.0085,0.0189,0.004922222222222223
2021-03-01,0.009577727272727272,0.07326409090909092,0.0063300000000000006,0.009071818181818181,0.007477272727272727,0.01,0.027700000000000002,0.0086,0.0191,0.0048818181818181825
2021-04-01,0.008451363636363637,0.07213090909090909,0.006379545454545455,0.009025909090909091,0.007372727272727272,0.009836363636363636,0.027400000000000004,0.0084,0.019,0.004790909090909091
2021-05-01,0.007572631578947369,0.07124894736842105,0.006338947368421053,0.009967894736842106,0.006821052631578948,0.0097,0.027200000000000002,0.0083,0.0189,0.004747368421052631
2021-06-01,0.006108636363636364,0.06987909090909092,0.00801909090909091,0.008012272727272727,0.006631818181818182,0.0097,0.027700000000000002,0.0094,0.0183,0.005104545454545455
2021-07-01,0.004683636363636365,0.06825454545454546,0.00919409090909091,0.005568636363636363,0.006940909090909091,0.0097,0.027700000000000002,0.0097,0.018000000000000002,0.005281818181818182
2021-08-01,0.004274285714285714,0.06759333333333334,0.008630952380952382,0.00493809523809524,0.007652380952380953,0.009985714285714285,0.028700000000000003,0.0103,0.0184,0.005776190476190477
2021-09-01,0.0043805263157894745,0.06681578947368422,0.007652105263157895,0.005458947368421052,0.009805263157894735,0.01146842105263158,0.0296,0.0117,0.0179,0.007773684210526316
2021-10-01,0.0046010526315789484,0.06534105263157895,0.010919473684210531,0.005567894736842106,0.01075789473684211,0.01201052631578947,0.030699999999999998,0.0129,0.0178,0.00741578947368421
2021-11-01,0.005385909090909091,0.06421227272727273,0.01157454545454545,0.004021818181818182,0.01168181818181818,0.01336363636363636,0.0323,0.015700000000000002,0.0166,0.008120909090909092
2021-12-01,0.006097826086956522,0.06463217391304348,0.008000869565217393,0.00387,0.01272173913043478,0.015352173913043481,0.0325,0.017,0.015500000000000002,0.010273478260869572
2022-01-01,0.005717,0.0644555,0.009225999999999998,0.0043235,0.013945,0.016035,0.0345,0.0165,0.018000000000000002,0.011750499999999999
2022-02-01,0.005876666666666667,0.06439055555555555,0.01035055555555556,0.004050000000000001,0.015,0.016399999999999998,0.0351,0.017,0.0181,0.01229111111111111
2022-03-01,0.006588095238095238,0.06489,0.01119285714285714,0.004145238095238095,0.01502857142857143,0.01642857142857143,0.035,0.0174,0.0176,0.012457142857142861
2022-04-01,0.00689952380952381,0.06530380952380953,0.015477142857142861,0.002786190476190476,0.0163,0.01788571428571429,0.0357,0.0187,0.017,0.013166666666666672
2022-05-01,0.007554285714285715,0.06598761904761904,0.014714761904761899,0.0027609523809523813,0.0177,0.0195047619047619,0.0368,0.0202,0.0166,0.01512380952380952
2022-06-01,0.0075525,0.066027,0.0172735,0.001631,0.01986,0.02239,0.039,0.024100000000000003,0.0149,0.0174985
2022-07-01,0.008887619047619049,0.06738047619047619,0.01178190476190476,0.00062,0.024066666666666674,0.026376190476190484,0.0421,0.029300000000000003,0.0128,0.020133333333333333
2022-08-01,0.009797272727272727,0.06831181818181818,0.009403636363636362,0.0007468181818181818,0.02789545454545455,0.029059090909090913,0.0452,0.0298,0.0154,0.022708636363636358
2022-09-01,0.009978,0.068539,0.0140255,-5.199999999999999e-05,0.03014,0.031665,0.0471,0.0338,0.013300000000000001,0.025310000000000003
2022-10-01,0.01201052631578947,0.0705357894736842,0.013663157894736839,0.0003205263157894737,0.03693157894736842,0.040163157894736845,0.0526,0.0401,0.0125,0.029762105263157902
2022-11-01,0.015924545454545448,0.07436318181818181,0.008377272727272728,0.0002059090909090909,0.039918181818181825,0.052622727272727265,0.0564,0.0429,0.013500000000000002,0.03097772727272727
2022-12-01,0.01672590909090909,0.07542818181818182,0.0037981818181818177,-0.000890909090909091,0.04020909090909092,0.05515909090909091,0.055700000000000006,0.0422,0.013500000000000002,0.03237818181818182
2023-01-01,0.0124365,0.073274,0.000727,-0.00049,0.03801,0.049145,0.0546,0.0383,0.0163,0.0329275
2023-02-01,0.008044,0.07161350000000001,-0.0003015,-0.00020150000000000002,0.03519,0.042295,0.053200000000000004,0.0354,0.0178,0.034256
2023-03-01,0.007232727272727273,0.07134409090909091,-0.0003936363636363636,-0.0001309090909090909,0.03607272727272727,0.04048636363636363,0.0517,0.0356,0.0161,0.03432863636363636
2023-04-01,0.008092,0.07195449999999999,-0.00237,0.0005565,0.034980000000000004,0.0401,0.0501,0.034300000000000004,0.0158,0.034655
2023-05-01,0.008089,0.071935,-0.0016965,0.000717,0.03644,0.0401,0.0512,0.0356,0.015600000000000001,0.035725
2023-06-01,0.00808,0.07196761904761904,0.00047619047619047624,0.0006357142857142857,0.03751428571428571,0.0401095238095238,0.0517,0.0369,0.0148,0.03565333333333333
2023-07-01,0.007985238095238097,0.07190428571428571,0.001382857142857143,0.0004280952380952381,0.03747142857142857,0.04028571428571429,0.051100000000000007,0.0368,0.0143,0.035070000000000004
2023-08-01,0.00772909090909091,0.07182227272727273,0.002274090909090909,0.001325909090909091,0.037018181818181825,0.0403,0.051,0.0365,0.014499999999999999,0.035399090909090915
2023-09-01,0.007601052631578948,0.07180105263157895,0.003416315789473684,0.001068947368421053,0.03763157894736842,0.04051578947368421,0.0517,0.0381,0.013600000000000001,0.03595315789473684
