index,bank_int_spread,m1_rate,m2_rate,lf_rate,liquidity,nonbank_deposit,deposit,nonbank_loan_rate,krw_deposit,sup_CD,finan_bonds,comp_loan,simple_loan,mortgage_loan,money_mort_loan
2001-09-01,0.0236,0.193,0.084,0.107,0.138,0.061573124121859446,0.13916622851034702,0.0862,0.13916622851034702,0.27512773679254576,0.28803884616507824,0.0712,0.106,0.0626,0.0751
2001-10-01,0.025,0.249,0.09699999999999999,0.11800000000000001,0.131,0.06559227051112734,0.12409885445800731,0.0816,0.12409885445800731,0.15393348121882372,0.23444918134388254,0.0693,0.10250000000000001,0.0679,0.08220000000000001
2001-11-01,0.0234,0.254,0.08900000000000001,0.114,0.127,0.06889277622790513,0.12012501220062245,0.0859,0.12012501220062245,0.31825213853645873,0.1980445109209405,0.0678,0.0986,0.060300000000000006,0.06860000000000001
2001-12-01,0.022000000000000002,0.25,0.083,0.113,0.134,0.091987891463692,0.11863274158272032,0.0782,0.11863274158272032,0.41882192579503724,0.24315549513843554,0.0669,0.099,0.061500000000000006,0.062400000000000004
2002-01-01,0.0211,0.256,0.085,0.11599999999999999,0.132,0.05860182900440061,0.14627888150521995,0.0803,0.14627888150521995,0.46605516429500055,0.7177000525642314,0.0669,0.0981,0.06,0.066
2002-02-01,0.0207,0.281,0.08800000000000001,0.11900000000000001,0.134,0.041967203257830224,0.16403398558454108,0.0784,0.16403398558454108,0.4839329004237307,0.7752570903805853,0.0659,0.0866,0.0649,0.0733
2002-03-01,0.0202,0.268,0.111,0.129,0.155,0.05601828428980457,0.16930217818922677,0.07980000000000001,0.16930217818922677,0.560352918122353,0.7990936387732929,0.06570000000000001,0.0926,0.0654,0.07400000000000001
2002-04-01,0.0203,0.289,0.12300000000000001,0.13699999999999998,0.146,0.06782248576836356,0.15046298407484898,0.08320000000000001,0.15046298407484898,0.5863495807234914,0.7843710442817369,0.0658,0.0966,0.0669,0.0741
2002-05-01,0.0194,0.284,0.12400000000000001,0.13699999999999998,0.149,0.0701458054732431,0.14878567966351397,0.0755,0.14878567966351397,0.5330596621740501,0.8268187029123799,0.0646,0.09789999999999999,0.0679,0.0723
2002-06-01,0.0191,0.264,0.125,0.135,0.14300000000000002,0.06607691881377495,0.14611919514978244,0.07780000000000001,0.14611919514978244,0.5840728028141796,0.7524144088683543,0.0647,0.09699999999999999,0.06849999999999999,0.0676
2002-07-01,0.019,0.226,0.115,0.13,0.145,0.04879863421729453,0.13464413295394254,0.0787,0.13464413295394254,0.47199494316041657,0.7725965104742394,0.06480000000000001,0.09789999999999999,0.06860000000000001,0.0669
2002-08-01,0.0191,0.203,0.107,0.12400000000000001,0.14,0.04396092324328573,0.1317800976969825,0.0795,0.1317800976969825,0.5590388525148172,0.7962503209158188,0.0641,0.0866,0.06730000000000001,0.06910000000000001
2002-09-01,0.019,0.18,0.106,0.12400000000000001,0.12300000000000001,0.025810567312677755,0.12314007628561958,0.0795,0.12314007628561958,0.5416152201037829,0.7912483737020314,0.0646,0.09480000000000001,0.067,0.0676
2002-10-01,0.0198,0.16899999999999998,0.11599999999999999,0.125,0.138,0.03584812448611538,0.1371904709147304,0.07780000000000001,0.1371904709147304,0.5352202811069501,0.8725442098616336,0.0644,0.1024,0.0678,0.07150000000000001
2002-11-01,0.0194,0.161,0.133,0.13699999999999998,0.146,0.051719928071426266,0.13010050335802972,0.07400000000000001,0.13010050335802972,0.49540644204262796,0.9038203430358198,0.0641,0.1024,0.0679,0.0695
2002-12-01,0.0189,0.152,0.141,0.133,0.134,0.05249429586023106,0.11746125633127112,0.0734,0.11746125633127112,0.5330378503076991,0.8951434209151874,0.0641,0.0985,0.0679,0.0655
2003-01-01,0.0188,0.13699999999999998,0.139,0.131,0.132,0.07590897304023679,0.08794610121567195,0.077,0.08794610121567195,0.41531344315282437,0.45499512611788634,0.0635,0.09730000000000001,0.0669,0.06849999999999999
2003-02-01,0.0194,0.095,0.133,0.125,0.121,0.0827245278266208,0.06854157645108219,0.0748,0.06854157645108219,0.35167462279331857,0.4534445114087956,0.062400000000000004,0.0692,0.06559999999999999,0.06860000000000001
2003-03-01,0.021800000000000003,0.078,0.11900000000000001,0.11699999999999999,0.096,0.02811690462092374,0.09283381709874507,0.0702,0.09283381709874507,0.16385845746137925,0.3558160568974348,0.0637,0.0743,0.066,0.0679
2003-04-01,0.020800000000000003,0.053,0.10300000000000001,0.102,0.091,0.015347328416053413,0.08703187602195146,0.0759,0.08703187602195146,0.3514099592044831,0.3417168878750051,0.0631,0.0786,0.0649,0.0659
2003-05-01,0.0206,0.052000000000000005,0.091,0.094,0.08,0.009110607908881926,0.09545911639058582,0.07490000000000001,0.09545911639058582,0.3976605625496225,0.26491047960791836,0.0618,0.08310000000000001,0.063,0.0651
2003-06-01,0.0209,0.059000000000000004,0.079,0.091,0.079,0.010178349643292242,0.09879779444152659,0.0766,0.09879779444152659,0.34363209194625277,0.25839536293451965,0.0618,0.0868,0.061500000000000006,0.0638
2003-07-01,0.0211,0.062000000000000006,0.07,0.087,0.081,0.016691474593794886,0.10051140463912417,0.0738,0.10051140463912417,0.4137589071992553,0.23767453857397905,0.061399999999999996,0.08779999999999999,0.060700000000000004,0.0635
2003-08-01,0.0209,0.069,0.067,0.079,0.081,0.011100804677778086,0.09067212272077321,0.0677,0.09067212272077321,0.3583092640562839,0.2296617592931516,0.0599,0.07,0.0581,0.0643
2003-09-01,0.0212,0.068,0.057999999999999996,0.075,0.076,0.010762111458837584,0.05829226567581004,0.0758,0.05829226567581004,0.37492867301361116,0.2827267711859196,0.059500000000000004,0.0772,0.05740000000000001,0.0629
2003-10-01,0.0219,0.053,0.038,0.059000000000000004,0.065,0.005952994016676114,0.056950327518532406,0.0745,0.056950327518532406,0.45007259818606615,0.2338505358587946,0.0599,0.0803,0.0575,0.0626
2003-11-01,0.0219,0.055999999999999994,0.032,0.053,0.064,-0.0254862330271746,0.07609693550720888,0.0726,0.07609693550720888,0.42732793680962594,0.1629424394541413,0.0611,0.08,0.0604,0.0613
2003-12-01,0.020800000000000003,0.054000000000000006,0.03,0.05,0.055999999999999994,-0.018391795689931805,0.0673114025205513,0.0727,0.0673114025205513,0.5063867291340567,0.1476478623333533,0.0618,0.0792,0.06280000000000001,0.059000000000000004
2004-01-01,0.021,0.06,0.024,0.049,0.055999999999999994,-0.035574218221697505,0.07626421922522905,0.0739,0.07626421922522905,0.5941038409967805,0.09433094336928152,0.06230000000000001,0.0716,0.0629,0.0602
2004-02-01,0.0207,0.075,0.026000000000000002,0.051,0.068,-0.037767012628814885,0.09108183715373146,0.06480000000000001,0.09108183715373146,0.5373157545095608,0.07198540120667779,0.0611,0.0484,0.061500000000000006,0.0613
2004-03-01,0.0222,0.083,0.027000000000000003,0.053,0.069,0.010681846944512343,0.043334126804008506,0.0676,0.043334126804008506,0.6133399450933669,0.16385777205846383,0.0613,0.059500000000000004,0.059800000000000006,0.060700000000000004
2004-04-01,0.0212,0.099,0.031000000000000003,0.055,0.076,0.036109701804984184,0.04408604103627403,0.06910000000000001,0.04408604103627403,0.5213660200372758,0.19738275243712916,0.0601,0.0687,0.060300000000000006,0.060300000000000006
2004-05-01,0.0215,0.094,0.039,0.059000000000000004,0.073,0.032897370561948386,0.026589688438022393,0.0817,0.026589688438022393,0.4884394130453767,0.21452144528679962,0.059500000000000004,0.0659,0.0601,0.0593
2004-06-01,0.0223,0.09300000000000001,0.045,0.062000000000000006,0.077,0.04143195928255809,0.01948685406789482,0.0645,0.01948685406789482,0.4675546699592518,0.231120493391721,0.0608,0.0676,0.0599,0.059800000000000006
2004-07-01,0.0212,0.102,0.051,0.063,0.07400000000000001,0.04036558074629917,0.009730362364647393,0.06620000000000001,0.009730362364647393,0.40368441744211786,0.23959485273334735,0.059699999999999996,0.0661,0.0593,0.059500000000000004
2004-08-01,0.0215,0.084,0.055999999999999994,0.067,0.067,0.048440092293493074,0.002815158079635288,0.0666,0.002815158079635288,0.346472317301662,0.21723100599622477,0.058600000000000006,0.046900000000000004,0.057999999999999996,0.0588
2004-09-01,0.0223,0.075,0.062000000000000006,0.068,0.08,0.06010798991038294,0.0398759761857524,0.0853,0.0398759761857524,0.29935623974532344,0.14248127472338878,0.057699999999999994,0.0609,0.0563,0.0592
2004-10-01,0.0223,0.083,0.07,0.073,0.071,0.06678299788421453,0.0067732597475423885,0.0695,0.0067732597475423885,0.2894180913286609,0.1409425272417025,0.057300000000000004,0.065,0.055700000000000006,0.0588
2004-11-01,0.021800000000000003,0.067,0.057999999999999996,0.065,0.062000000000000006,0.10782412354309172,-0.02092560606910467,0.0699,-0.02092560606910467,0.2631362293328736,0.18014144353948328,0.0563,0.0651,0.0547,0.0575
2004-12-01,0.0211,0.081,0.059000000000000004,0.069,0.075,0.11776702492232455,-0.013541781952890864,0.0753,-0.013541781952890864,0.22719742208790863,0.18582844757688924,0.055400000000000005,0.0646,0.0541,0.0567
2005-01-01,0.021800000000000003,0.063,0.063,0.07,0.071,0.12103585066575344,-0.012160021408771675,0.0678,-0.012160021408771675,0.10170796667499142,0.19463003149890923,0.0564,0.061500000000000006,0.0545,0.0575
2005-02-01,0.0207,0.084,0.064,0.068,0.07,0.12369249661970537,-0.017217067260390927,0.0639,-0.017217067260390927,0.16472003418307646,0.18252267076984635,0.0563,0.0421,0.0553,0.056600000000000004
2005-03-01,0.021400000000000002,0.094,0.066,0.064,0.066,0.10989380821494923,-0.018751671013390644,0.0637,-0.018751671013390644,0.21825740157445683,0.09876121753286986,0.0565,0.0584,0.05480000000000001,0.0565
2005-04-01,0.0209,0.095,0.069,0.066,0.078,0.11350495933080451,-0.008351460007213107,0.0608,-0.008351460007213107,0.21579003429424312,0.08836778975569332,0.056600000000000004,0.0625,0.053200000000000004,0.0556
2005-05-01,0.0203,0.095,0.07,0.066,0.077,0.11939984528495422,0.003393045776296716,0.058499999999999996,0.003393045776296716,0.15747835721537756,0.08746339547797445,0.055700000000000006,0.0622,0.051500000000000004,0.0555
2005-06-01,0.0206,0.10800000000000001,0.07400000000000001,0.07200000000000001,0.081,0.11816616881617985,0.012663546046685103,0.0621,0.012663546046685103,0.24779782732801994,0.06918053852169007,0.055999999999999994,0.0625,0.0513,0.05480000000000001
2005-07-01,0.0204,0.133,0.079,0.075,0.087,0.1179944679018362,0.01272046269369951,0.05940000000000001,0.01272046269369951,0.331560020757696,0.029042054729601804,0.0558,0.0613,0.0518,0.055099999999999996
2005-08-01,0.0201,0.14400000000000002,0.077,0.076,0.086,0.11005946058769062,0.010152293022158755,0.0605,0.010152293022158755,0.4320060759942488,0.015183682697993738,0.0553,0.057,0.0526,0.054900000000000004
2005-09-01,0.0181,0.128,0.065,0.069,0.079,0.08328092495522671,0.01591972616041924,0.060300000000000006,0.01591972616041924,0.3941958655425542,0.03918606616721456,0.0567,0.0608,0.0536,0.0542
2005-10-01,0.0187,0.09699999999999999,0.065,0.069,0.083,0.07428229016965135,0.02760557508911919,0.0631,0.02760557508911919,0.37453344136681566,0.04418598588009704,0.0575,0.065,0.056100000000000004,0.0547
2005-11-01,0.0175,-0.011000000000000001,0.066,0.07200000000000001,0.091,0.06609306859992851,0.037029623952439854,0.0576,0.037029623952439854,0.3636022706660466,0.08117804264797283,0.0575,0.0629,0.0559,0.0545
2005-12-01,0.016,-0.005,0.07,0.073,0.09,0.07283593920871279,0.03849199713593314,0.05940000000000001,0.03849199713593314,0.3701446387667555,0.11780086462310617,0.057999999999999996,0.0625,0.055999999999999994,0.0541
2006-01-01,0.0165,0.017,0.073,0.07200000000000001,0.087,0.07379463276163743,0.01414707536353602,0.0562,0.01414707536353602,0.377257248248617,0.13630342264107875,0.058499999999999996,0.0625,0.0564,0.0547
2006-02-01,0.015500000000000002,-0.006999999999999999,0.07200000000000001,0.07400000000000001,0.081,0.07661832381477397,0.014853413602971058,0.058600000000000006,0.014853413602971058,0.3572405071391106,0.16886153944350438,0.05940000000000001,0.0617,0.0558,0.054900000000000004
2006-03-01,0.0163,-0.027000000000000003,0.066,0.07,0.085,0.09529665785307376,0.019982723591055584,0.056100000000000004,0.019982723591055584,0.3802903158853803,0.23355079525237668,0.0599,0.06269999999999999,0.0546,0.05480000000000001
2006-04-01,0.0146,-0.03,0.068,0.07400000000000001,0.079,0.09243761228570593,0.012866970253720992,0.0559,0.012866970253720992,0.31810666450151176,0.25123422712634236,0.0592,0.06280000000000001,0.0542,0.0552
2006-05-01,0.0154,-0.023,0.071,0.076,0.08800000000000001,0.1011929051232247,0.019799917616573286,0.056600000000000004,0.019799917616573286,0.3277678592288972,0.26286357150359946,0.0599,0.06280000000000001,0.0541,0.0559
2006-06-01,0.015,-0.03,0.077,0.073,0.092,0.10113117404818261,0.031334414035257024,0.061399999999999996,0.031334414035257024,0.19252920433144077,0.29789205924368284,0.0609,0.0652,0.05480000000000001,0.0563
2006-07-01,0.016399999999999998,-0.047,0.077,0.073,0.085,0.094892302648453,0.03100688867274823,0.057999999999999996,0.03100688867274823,0.09775054226058087,0.34341334755272845,0.0616,0.0639,0.0579,0.056600000000000004
2006-08-01,0.016399999999999998,-0.061,0.075,0.07400000000000001,0.09300000000000001,0.10133097267229899,0.03247546193561204,0.056100000000000004,0.03247546193561204,0.08524520714685453,0.37562728906262005,0.062000000000000006,0.0592,0.058600000000000006,0.057300000000000004
2006-09-01,0.015600000000000001,-0.055999999999999994,0.08900000000000001,0.079,0.102,0.1328701268140403,0.0333539667651073,0.054900000000000004,0.0333539667651073,0.08655771642917591,0.3540094298015136,0.0621,0.060300000000000006,0.057699999999999994,0.0564
2006-10-01,0.016200000000000003,-0.019,0.10099999999999999,0.087,0.102,0.1447244132960694,0.034031309796228384,0.060700000000000004,0.034031309796228384,0.053783370682827986,0.34424371674414717,0.0618,0.0638,0.056900000000000006,0.0575
2006-11-01,0.015700000000000002,0.1,0.111,0.094,0.102,0.14181279081891587,0.0359570774981314,0.0592,0.0359570774981314,0.0832639537562623,0.30081749426203197,0.0616,0.0639,0.056900000000000006,0.0581
2006-12-01,0.0159,0.10400000000000001,0.114,0.096,0.107,0.13788179451443744,0.053317907621159025,0.0599,0.053317907621159025,0.2146337550664505,0.276903882332881,0.063,0.0632,0.0588,0.0592
2007-01-01,0.0163,0.079,0.113,0.098,0.105,0.14152474679995983,0.04154335711065205,0.0599,0.04154335711065205,0.3564739725191848,0.29211150987960594,0.0639,0.0636,0.0611,0.0587
2007-02-01,0.015500000000000002,0.07400000000000001,0.115,0.099,0.106,0.13235298818151373,0.03738121963272272,0.0613,0.03738121963272272,0.31877722878656967,0.2773111427650172,0.0643,0.06280000000000001,0.0618,0.0587
2007-03-01,0.0158,0.03,0.115,0.102,0.114,0.13003888695711435,0.049997465664922164,0.0596,0.049997465664922164,0.28272747147422433,0.27183131628056056,0.0641,0.0631,0.062000000000000006,0.059000000000000004
2007-04-01,0.0151,-0.057,0.111,0.10099999999999999,0.109,0.12090006636005293,0.049400044509480975,0.0611,0.049400044509480975,0.28410981449341477,0.25707915083656974,0.0637,0.0646,0.0613,0.059800000000000006
2007-05-01,0.016200000000000003,-0.07,0.109,0.10099999999999999,0.11199999999999999,0.1227889990404583,0.04248166312413849,0.0639,0.04248166312413849,0.3124200074088713,0.24715942728913293,0.0651,0.0661,0.0617,0.059800000000000006
2007-06-01,0.015500000000000002,-0.075,0.109,0.10400000000000001,0.114,0.14629916457664527,0.035085018538935614,0.060599999999999994,0.035085018538935614,0.3601199810842972,0.2308618957227659,0.0647,0.0661,0.0613,0.060300000000000006
2007-07-01,0.0144,-0.084,0.109,0.1,0.10800000000000001,0.14738428833199949,0.02815158946983322,0.0596,0.02815158946983322,0.4152406407716825,0.21190903803664007,0.0646,0.0649,0.062400000000000004,0.0608
2007-08-01,0.014499999999999999,-0.086,0.114,0.10300000000000001,0.111,0.14585093987283565,0.023580762403321673,0.0613,0.023580762403321673,0.4211435015945557,0.20593857807656052,0.0659,0.0652,0.0638,0.0609
2007-09-01,0.014199999999999999,-0.087,0.11,0.10300000000000001,0.109,0.13088533099012828,0.0032201488559632364,0.059000000000000004,0.0032201488559632364,0.4383403637237975,0.22539545415995463,0.0674,0.0666,0.0652,0.062400000000000004
2007-10-01,0.0152,-0.107,0.10800000000000001,0.10400000000000001,0.11900000000000001,0.14389754453451092,0.012858547070420482,0.061,0.012858547070420482,0.47430445644800967,0.24523285791264166,0.06820000000000001,0.0678,0.0655,0.0629
2007-11-01,0.013000000000000001,-0.11199999999999999,0.113,0.10400000000000001,0.115,0.13445050236880152,0.017259039888784487,0.0654,0.017259039888784487,0.4721622822048301,0.25749218816173963,0.06820000000000001,0.0675,0.0659,0.0637
2007-12-01,0.0124,-0.125,0.115,0.106,0.113,0.12893935138464044,0.0007602717578688142,0.0616,0.0007602717578688142,0.33268342406417967,0.23781746356235203,0.0716,0.0696,0.06849999999999999,0.066
2008-01-01,0.0124,-0.135,0.125,0.114,0.127,0.15788360153601452,0.05185849457425609,0.0602,0.05185849457425609,0.2682404609914262,0.22547754126294783,0.0726,0.0709,0.0708,0.0665
2008-02-01,0.015,-0.132,0.134,0.11599999999999999,0.13,0.1690798808372597,0.052865287670365316,0.0618,0.052865287670365316,0.3126090120114807,0.205135115139268,0.0693,0.0732,0.0672,0.0658
2008-03-01,0.015700000000000002,-0.106,0.139,0.11900000000000001,0.125,0.15780822603457675,0.04535819983562497,0.07,0.04535819983562497,0.30467580432684077,0.18506717269768885,0.0692,0.0704,0.067,0.0661
2008-04-01,0.0146,-0.023,0.149,0.127,0.145,0.1838207409967187,0.06401349845410186,0.0633,0.06401349845410186,0.32497677334338587,0.21537116242505783,0.06910000000000001,0.0698,0.068,0.0668
2008-05-01,0.015700000000000002,0.01,0.158,0.131,0.14400000000000002,0.17768357308936053,0.06820855052876329,0.0639,0.06820855052876329,0.2806200615113181,0.19832172524047487,0.0696,0.069,0.0679,0.067
2008-06-01,0.0152,0.01,0.151,0.127,0.13,0.15279277982392084,0.056533370825827566,0.0652,0.056533370825827566,0.3014217040906743,0.178954804848456,0.0704,0.0718,0.0677,0.0675
2008-07-01,0.014499999999999999,0.013999999999999999,0.14800000000000002,0.121,0.134,0.15059017585110573,0.07060130577858695,0.0611,0.07060130577858695,0.2998979310503226,0.17451915730485687,0.0712,0.0741,0.0692,0.0679
2008-08-01,0.013999999999999999,0.022000000000000002,0.147,0.11800000000000001,0.134,0.1526678399435434,0.09544518369379668,0.0545,0.09544518369379668,0.24349551522663232,0.19308408100994182,0.073,0.0756,0.0716,0.069
2008-09-01,0.0139,0.027000000000000003,0.145,0.122,0.12,0.1207653537340922,0.10721118371873568,0.061500000000000006,0.10721118371873568,0.1984364853504206,0.18305473769919103,0.07440000000000001,0.07400000000000001,0.0725,0.0699
2008-10-01,0.0148,0.042,0.142,0.11900000000000001,0.111,0.09330587767437484,0.14086454387130284,0.055999999999999994,0.14086454387130284,0.1738161251070721,0.16658475589619984,0.078,0.07690000000000001,0.0758,0.0712
2008-11-01,0.0158,0.055,0.14,0.114,0.111,0.10875613053399552,0.13856826260837166,0.057,0.13856826260837166,0.12836634583787077,0.16432292068806556,0.0751,0.0755,0.0742,0.0714
2008-12-01,0.0131,0.052000000000000005,0.131,0.10400000000000001,0.10099999999999999,0.12615158574228935,0.129532676723447,0.060700000000000004,0.129532676723447,0.0718426337766217,0.1701018813590571,0.0687,0.0719,0.0681,0.0713
2009-01-01,0.0175,0.083,0.12,0.092,0.102,0.11763906456410812,0.11794288579193053,0.061,0.11794288579193053,-0.02222134658445156,0.13706460004982357,0.05940000000000001,0.06849999999999999,0.0563,0.0664
2009-02-01,0.0234,0.098,0.114,0.08800000000000001,0.102,0.11357277394734999,0.1349512879601888,0.0637,0.1349512879601888,-0.05250051196314527,0.1325424074049646,0.0556,0.0717,0.0538,0.0649
2009-03-01,0.0253,0.14300000000000002,0.111,0.084,0.102,0.11323982789296817,0.1301686007322078,0.0645,0.1301686007322078,-0.06571719434277384,0.12450817431098081,0.05480000000000001,0.06620000000000001,0.0543,0.0649
2009-04-01,0.0252,0.174,0.106,0.077,0.091,0.103898738582181,0.11801180490742554,0.0639,0.11801180490742554,-0.040078714302468274,0.06500296385311838,0.0543,0.068,0.053,0.0608
2009-05-01,0.0258,0.17,0.099,0.073,0.091,0.0981429840081087,0.11549822151118105,0.0669,0.11549822151118105,-0.04044583665209861,0.08033695391239423,0.0543,0.0671,0.0525,0.0602
2009-06-01,0.025099999999999997,0.185,0.096,0.07,0.094,0.08390134161808432,0.12070303315875187,0.0649,0.12070303315875187,-0.05139119066006318,0.09028706747997302,0.0553,0.068,0.0525,0.060599999999999994
2009-07-01,0.026099999999999998,0.185,0.09699999999999999,0.077,0.094,0.08248730216185018,0.11747189913916918,0.0789,0.11747189913916918,-0.03942596585570266,0.08391470828541996,0.0553,0.0706,0.0529,0.0611
2009-08-01,0.025400000000000002,0.185,0.1,0.08,0.085,0.071771743905747,0.12095833094081487,0.0667,0.12095833094081487,-0.035620790399214244,0.037126997577877775,0.055999999999999994,0.0616,0.0545,0.0601
2009-09-01,0.024900000000000002,0.195,0.1,0.077,0.09699999999999999,0.09301123312202036,0.12963750721752845,0.0677,0.12963750721752845,0.00201194293872867,0.029612544561003748,0.057800000000000004,0.06860000000000001,0.057699999999999994,0.06
2009-10-01,0.023700000000000002,0.196,0.105,0.078,0.102,0.09626897580036718,0.10314978756890732,0.068,0.10314978756890732,0.017591825946294135,-0.0647104254887814,0.0584,0.0719,0.059000000000000004,0.0582
2009-11-01,0.0233,0.17300000000000001,0.09699999999999999,0.076,0.1,0.08786591091311732,0.10050875609736457,0.0644,0.10050875609736457,0.0362594578879975,-0.09049904243321552,0.0584,0.0712,0.0587,0.0558
2009-12-01,0.0211,0.16399999999999998,0.09300000000000001,0.081,0.10800000000000001,0.06009952570109472,0.10675279754107597,0.0713,0.10675279754107597,-0.02391624519634679,-0.10161461212786391,0.0579,0.06910000000000001,0.059000000000000004,0.05480000000000001
2010-01-01,0.0207,0.15,0.09300000000000001,0.081,0.10400000000000001,0.04994739027090942,0.1398728626893964,0.0654,0.1398728626893964,-0.04620481544773672,-0.09998086612600254,0.0592,0.0688,0.0588,0.0543
2010-02-01,0.022400000000000003,0.159,0.094,0.086,0.10099999999999999,0.04556521868213174,0.1338980872523079,0.0468,0.1338980872523079,-0.06429149848407718,-0.09029122350632016,0.058300000000000005,0.059500000000000004,0.0575,0.054400000000000004
2010-03-01,0.0242,0.126,0.09300000000000001,0.08800000000000001,0.10300000000000001,0.06210582381710731,0.1424316160475124,0.0613,0.1424316160475124,-0.14774816287104897,-0.10032924831095348,0.05740000000000001,0.0663,0.0547,0.0542
2010-04-01,0.026000000000000002,0.10800000000000001,0.094,0.09,0.09699999999999999,0.0537620170023212,0.14274055666269717,0.061200000000000004,0.14274055666269717,-0.2867520023282932,-0.10077564172896088,0.055099999999999996,0.0666,0.0507,0.052000000000000005
2010-05-01,0.025099999999999997,0.109,0.09300000000000001,0.08900000000000001,0.094,0.06287582908296672,0.1674643229122203,0.059699999999999996,0.1674643229122203,-0.3876670553724441,-0.10062513081122496,0.05480000000000001,0.0632,0.0478,0.0521
2010-06-01,0.0232,0.105,0.09699999999999999,0.09300000000000001,0.092,0.06616522792920387,0.16741291079569595,0.0644,0.16741291079569595,-0.5025740886119059,-0.11260756960364662,0.054000000000000006,0.0664,0.046200000000000005,0.0533
2010-07-01,0.0229,0.111,0.09300000000000001,0.08800000000000001,0.091,0.05916899642545443,0.18188164964569029,0.06559999999999999,0.18188164964569029,-0.6104058596752066,-0.11389204013793433,0.0545,0.06730000000000001,0.047,0.0542
2010-08-01,0.0235,0.11,0.085,0.08,0.092,0.06749411167709994,0.169049937533492,0.0526,0.169049937533492,-0.6988312306948975,-0.11885331675422091,0.055700000000000006,0.058600000000000006,0.0481,0.05480000000000001
2010-09-01,0.023700000000000002,0.102,0.081,0.077,0.08800000000000001,0.07461105484579515,0.14837099245266747,0.056600000000000004,0.14837099245266747,-0.7453244549996457,-0.15689832135973888,0.055099999999999996,0.06559999999999999,0.048,0.0543
2010-10-01,0.0236,0.09,0.076,0.07200000000000001,0.086,0.09011659495355566,0.1634660651262648,0.0543,0.1634660651262648,-0.8601066299455644,-0.06912056183976892,0.0541,0.0679,0.047400000000000005,0.0538
2010-11-01,0.0225,0.11800000000000001,0.07400000000000001,0.073,0.083,0.08213119303430368,0.1632283839357888,0.0572,0.1632283839357888,-0.9509689715511873,-0.07026615750835467,0.054000000000000006,0.0697,0.04650000000000001,0.0535
2010-12-01,0.020800000000000003,0.129,0.07200000000000001,0.069,0.07200000000000001,0.07156607613317234,0.1511864944971297,0.0601,0.1511864944971297,-0.9136376593825429,-0.07329267419359736,0.0552,0.0665,0.0467,0.0526
2011-01-01,0.021800000000000003,0.126,0.065,0.066,0.068,0.06427209907111198,0.12243026958064707,0.061500000000000006,0.12243026958064707,-0.9314253890344422,-0.05152688762935786,0.0571,0.0633,0.048,0.052000000000000005
2011-02-01,0.0204,0.115,0.05,0.052000000000000005,0.068,0.045462066831850646,0.11768012794709488,0.061200000000000004,0.11768012794709488,-0.9726944947668242,-0.05499219906527556,0.0581,0.05740000000000001,0.048600000000000004,0.053099999999999994
2011-03-01,0.0211,0.11599999999999999,0.043,0.047,0.066,0.030718713152086952,0.11624753879786155,0.0601,0.11624753879786155,-0.8908686374520453,-0.09716170667326622,0.0596,0.0666,0.0489,0.053099999999999994
2011-04-01,0.0202,0.096,0.039,0.045,0.066,0.040636941149427994,0.11282297986608167,0.0584,0.11282297986608167,-0.7618032785062019,-0.08316019162460644,0.057999999999999996,0.06849999999999999,0.0488,0.0533
2011-05-01,0.0209,0.07400000000000001,0.037000000000000005,0.044000000000000004,0.059000000000000004,0.024718161353536536,0.08399937143572687,0.0608,0.08399937143572687,-0.7130368916588327,-0.0870217279637632,0.058300000000000005,0.0706,0.049,0.053899999999999997
2011-06-01,0.021,0.054000000000000006,0.03,0.040999999999999995,0.062000000000000006,0.027384681489415617,0.08113614705505788,0.0584,0.08113614705505788,-0.6252722662695591,-0.08931492042392285,0.0589,0.0702,0.0487,0.053899999999999997
2011-07-01,0.0207,0.038,0.032,0.046,0.071,0.050840057389730346,0.08281363274702891,0.0605,0.08281363274702891,-0.6005307665938785,-0.1097698934541969,0.059800000000000006,0.0683,0.049,0.0543
2011-08-01,0.0207,0.054000000000000006,0.04,0.055999999999999994,0.071,0.043904409777845786,0.08075324134337268,0.0564,0.08075324134337268,-0.5057553046858249,-0.09782661717119213,0.0592,0.0621,0.0497,0.0543
2011-09-01,0.020499999999999997,0.051,0.042,0.057,0.073,0.054578969117959945,0.08373828861433068,0.0513,0.08373828861433068,-0.44666068569214706,-0.06464166755637542,0.0587,0.0641,0.05,0.0542
2011-10-01,0.0206,0.040999999999999995,0.044000000000000004,0.061,0.076,0.05184127549578669,0.07434642650169046,0.0524,0.07434642650169046,-0.3487243158253761,-0.06523408815391316,0.058600000000000006,0.0702,0.0501,0.0547
2011-11-01,0.021400000000000002,0.02,0.044000000000000004,0.062000000000000006,0.078,0.05049911124196746,0.06902525602712033,0.0547,0.06902525602712033,-0.2637866033727534,-0.05055436955847328,0.059000000000000004,0.0718,0.0501,0.05480000000000001
2011-12-01,0.0192,0.016,0.044000000000000004,0.062000000000000006,0.084,0.044840974448052906,0.08118979044107154,0.0553,0.08118979044107154,-0.28453676438339465,-0.04948663063676998,0.0581,0.06730000000000001,0.0495,0.0535
2012-01-01,0.0204,0.023,0.048,0.065,0.08199999999999999,0.05095957555400461,0.06972188829412417,0.0547,0.06972188829412417,-0.27733960574048994,-0.06774705808427652,0.058300000000000005,0.0639,0.0506,0.0529
2012-02-01,0.0198,0.011000000000000001,0.053,0.07200000000000001,0.083,0.05921963417502082,0.06418785440372005,0.057300000000000004,0.06418785440372005,-0.18908428081496342,-0.0942151785987653,0.05740000000000001,0.0617,0.050199999999999995,0.053099999999999994
2012-03-01,0.0202,0.021,0.057,0.087,0.099,0.08845836954574329,0.07819773272069934,0.0575,0.07819773272069934,-0.16681719079135587,-0.049095324265108806,0.0579,0.0652,0.05,0.0527
2012-04-01,0.0201,0.027999999999999997,0.055,0.086,0.08800000000000001,0.07916240796348895,0.06450169985384772,0.059699999999999996,0.06450169985384772,-0.22517701047586058,-0.060329020801201214,0.0576,0.0689,0.049400000000000006,0.051
2012-05-01,0.0202,0.035,0.055,0.084,0.095,0.09321140880677774,0.06933840947008475,0.0588,0.06933840947008475,-0.18914011471695483,-0.054005252331712696,0.05740000000000001,0.0705,0.048499999999999995,0.052199999999999996
2012-06-01,0.0195,0.047,0.059000000000000004,0.085,0.1,0.10344818534327116,0.07274327993981981,0.0579,0.07274327993981981,-0.22478808446315687,-0.05583987305239039,0.0567,0.0699,0.047599999999999996,0.052000000000000005
2012-07-01,0.0202,0.054000000000000006,0.06,0.084,0.09,0.09956576251680804,0.0609830019144516,0.0565,0.0609830019144516,-0.256778186028027,-0.0373056411220353,0.0553,0.0681,0.0464,0.051100000000000007
2012-08-01,0.0203,0.04,0.057,0.078,0.092,0.10039180955868288,0.05737114566973665,0.0564,0.05737114566973665,-0.3068171977181798,-0.038397248612923825,0.0536,0.06230000000000001,0.0441,0.050300000000000004
2012-09-01,0.0195,0.035,0.052000000000000005,0.076,0.091,0.0900595604487074,0.05460739826774736,0.0558,0.05460739826774736,-0.31810839560496174,-0.039786037134165855,0.053,0.0658,0.0429,0.0499
2012-10-01,0.019,0.055,0.046,0.071,0.079,0.096389754826452,0.035809933830182356,0.056100000000000004,0.035809933830182356,-0.30942606392627386,-0.017636705138783678,0.050800000000000005,0.0663,0.042300000000000004,0.0497
2012-11-01,0.0192,0.053,0.044000000000000004,0.071,0.079,0.10218204210846055,0.03859498877010834,0.0545,0.03859498877010834,-0.31223989749976383,-0.010425462657748907,0.050499999999999996,0.0661,0.04190000000000001,0.0493
2012-12-01,0.0174,0.057999999999999996,0.045,0.073,0.08,0.11386528618435177,0.04383577703523879,0.053899999999999997,0.04383577703523879,-0.2761476459629949,-0.010220991133411116,0.0501,0.06269999999999999,0.041600000000000005,0.0488
2013-01-01,0.02,0.057999999999999996,0.048,0.077,0.08,0.12053299260053496,0.0467894197243024,0.0516,0.0467894197243024,-0.15429519182036314,-0.02071779037761452,0.0504,0.0601,0.0417,0.0479
2013-02-01,0.0197,0.08,0.053,0.081,0.08199999999999999,0.12519891895181653,0.04124851675839125,0.0525,0.04124851675839125,-0.17374027078727486,-0.005761218562028613,0.050300000000000004,0.056900000000000006,0.0406,0.048
2013-03-01,0.019,0.07400000000000001,0.05,0.068,0.071,0.09637209240217849,0.03233454196718322,0.0518,0.03233454196718322,-0.19968965759159732,-0.021534291711237757,0.048600000000000004,0.06230000000000001,0.039700000000000006,0.047400000000000005
2013-04-01,0.0198,0.087,0.051,0.069,0.076,0.08748462485636593,0.0362549399240299,0.051100000000000007,0.0362549399240299,-0.22063298983085203,-0.008118877292885655,0.04820000000000001,0.0633,0.0386,0.04650000000000001
2013-05-01,0.0195,0.084,0.048,0.068,0.073,0.08548991884053836,0.03154849060522933,0.0504,0.03154849060522933,-0.12529251280275544,-0.006725625384650381,0.04730000000000001,0.0625,0.037700000000000004,0.0461
2013-06-01,0.018600000000000002,0.102,0.049,0.066,0.068,0.08313821677611292,0.03210853971768049,0.048600000000000004,0.03210853971768049,-0.1116493735564567,0.016328401788194447,0.047,0.061,0.0373,0.0455
2013-07-01,0.0196,0.107,0.046,0.065,0.069,0.06492707582751883,0.01592332973623251,0.050300000000000004,0.01592332973623251,0.06667461262970441,0.03221976654137099,0.046900000000000004,0.0601,0.037700000000000004,0.0447
2013-08-01,0.0192,0.095,0.039,0.063,0.07400000000000001,0.07031801002741321,0.023691280064790366,0.0507,0.023691280064790366,0.060553001148111935,0.052857691152755994,0.0461,0.0553,0.038,0.044500000000000005
2013-09-01,0.019,0.115,0.046,0.067,0.068,0.07159962871015024,0.024997877823712763,0.0489,0.024997877823712763,-0.004900091089209878,0.07873066785116838,0.045899999999999996,0.057,0.0382,0.0442
2013-10-01,0.0183,0.107,0.047,0.067,0.075,0.05786078274648864,0.03648278659981417,0.05,0.03648278659981417,-0.0227429105119761,0.07609033280940779,0.045599999999999995,0.0587,0.0381,0.043899999999999995
2013-11-01,0.0188,0.121,0.051,0.068,0.075,0.060645290407845935,0.029839443051583203,0.0526,0.029839443051583203,0.028647380641465544,0.08724382481259725,0.0458,0.059000000000000004,0.037700000000000004,0.0432
2013-12-01,0.018500000000000003,0.113,0.053,0.066,0.073,0.06734864091846081,0.01941331249270504,0.0472,0.01941331249270504,0.04798015749632233,0.10226322104832772,0.0467,0.0579,0.0374,0.042800000000000005
2014-01-01,0.0188,0.109,0.052000000000000005,0.067,0.079,0.0602400186747401,0.025575002251057462,0.0464,0.025575002251057462,0.010463995025280937,0.11682299592053906,0.046200000000000005,0.0543,0.0375,0.042800000000000005
2014-02-01,0.0182,0.098,0.052000000000000005,0.064,0.07400000000000001,0.061967557530457046,0.034092768823874756,0.044800000000000006,0.034092768823874756,-0.00723458612130066,0.13635558244817367,0.0458,0.054900000000000004,0.0371,0.0421
2014-03-01,0.018600000000000002,0.10099999999999999,0.055,0.064,0.068,0.05405770472563876,0.03176459101493403,0.0461,0.03176459101493403,0.014980160168679322,0.14616009296417337,0.045700000000000005,0.055099999999999996,0.0369,0.0421
2014-04-01,0.0182,0.091,0.055,0.062000000000000006,0.069,0.06076447229609036,0.030099960521443127,0.0446,0.030099960521443127,0.10615263126999298,0.15000431474640327,0.0451,0.0546,0.0369,0.041299999999999996
2014-05-01,0.0181,0.1,0.06,0.066,0.076,0.06437134248360402,0.039771418508387404,0.044500000000000005,0.039771418508387404,-0.002379096070178574,0.11930651292663219,0.045,0.053899999999999997,0.0363,0.0412
2014-06-01,0.0183,0.09300000000000001,0.061,0.067,0.073,0.05888720225041359,0.038125883639451116,0.044500000000000005,0.038125883639451116,0.025503893707777663,0.08969861885249249,0.0453,0.0529,0.0358,0.0412
2014-07-01,0.019,0.092,0.065,0.069,0.081,0.08773772206294786,0.05330577007631388,0.0444,0.05330577007631388,-0.19509197142493123,0.07581690646479379,0.0454,0.052199999999999996,0.0353,0.0409
2014-08-01,0.0182,0.11900000000000001,0.076,0.073,0.079,0.08288693302026437,0.051210870432394195,0.0447,0.051210870432394195,-0.25463917439080513,0.058045259588623235,0.0435,0.050800000000000005,0.035,0.0402
2014-09-01,0.018600000000000002,0.11800000000000001,0.071,0.071,0.078,0.08567686683227715,0.051089183777413213,0.0442,0.051089183777413213,-0.19165805387332768,0.025281742572339217,0.042800000000000005,0.0495,0.035,0.0398
2014-10-01,0.0182,0.121,0.075,0.073,0.081,0.10059265209415098,0.05123236654969437,0.0446,0.05123236654969437,-0.20713679553786712,0.0196559883513555,0.0414,0.0488,0.0338,0.039
2014-11-01,0.0178,0.126,0.083,0.081,0.087,0.09970969579702896,0.0631126389524368,0.0438,0.0631126389524368,-0.2717252237466617,0.03560029968047887,0.0402,0.0466,0.033,0.0381
2014-12-01,0.0175,0.134,0.081,0.08199999999999999,0.085,0.09615985245192235,0.06782517301857877,0.0426,0.06782517301857877,-0.2526186044016938,0.24820801891388372,0.04070000000000001,0.047,0.0333,0.0373
2015-01-01,0.0181,0.125,0.08,0.084,0.085,0.10431024275003918,0.058135643297572724,0.0401,0.058135643297572724,-0.22715419218880006,0.23817169883257305,0.0402,0.0453,0.0334,0.0384
2015-02-01,0.0182,0.14300000000000002,0.08,0.086,0.086,0.10775216083480295,0.05211582736198675,0.0412,0.05211582736198675,-0.21079419204073524,0.2311675687156357,0.0402,0.0458,0.032400000000000005,0.0375
2015-03-01,0.0169,0.155,0.083,0.09300000000000001,0.09,0.11580473263732238,0.06200549553000695,0.0405,0.06200549553000695,-0.23241041274919258,0.24239036669104266,0.0381,0.045700000000000005,0.029700000000000004,0.0365
2015-04-01,0.0158,0.177,0.09,0.1,0.09699999999999999,0.12795295284462638,0.06670892773650898,0.0402,0.06670892773650898,-0.2858252566279796,0.23459387861630135,0.0367,0.0443,0.0281,0.0359
2015-05-01,0.0181,0.189,0.09300000000000001,0.10300000000000001,0.096,0.12420198497583282,0.06568506411321227,0.037700000000000004,0.06568506411321227,-0.21377617576681138,0.2430526442930068,0.0371,0.0444,0.030600000000000002,0.0357
2015-06-01,0.0182,0.185,0.09,0.105,0.098,0.12785353567709135,0.06686161032580892,0.0378,0.06686161032580892,-0.170039815543835,0.27214858327854574,0.0361,0.046,0.0301,0.0348
2015-07-01,0.018600000000000002,0.21,0.09300000000000001,0.106,0.091,0.11514090698984619,0.06924694393649214,0.0376,0.06924694393649214,0.02051246270517832,0.277926627541863,0.0354,0.0444,0.0296,0.034100000000000005
2015-08-01,0.0189,0.21300000000000002,0.092,0.10400000000000001,0.09,0.11648736022124877,0.07279407179011427,0.0378,0.07279407179011427,0.1664625901519028,0.28873398198309236,0.0357,0.043,0.0294,0.0337
2015-09-01,0.0189,0.214,0.094,0.105,0.09300000000000001,0.10586608858320805,0.07546402968465787,0.0362,0.07546402968465787,0.22666070196111054,0.2915588226577264,0.0356,0.0434,0.0292,0.0333
2015-10-01,0.0184,0.215,0.08800000000000001,0.102,0.091,0.09880921747222168,0.07181843087244687,0.0386,0.07181843087244687,0.36500825674037457,0.28279246386220863,0.0357,0.0434,0.028999999999999998,0.033
2015-11-01,0.0178,0.20600000000000002,0.077,0.092,0.078,0.09221886988404006,0.06239672173879701,0.0373,0.06239672173879701,0.36944231226469865,0.2665820598411646,0.0356,0.0438,0.0304,0.032799999999999996
2015-12-01,0.0174,0.196,0.075,0.08900000000000001,0.086,0.09659062996113318,0.07416415924039464,0.0361,0.07416415924039464,0.3788683731485166,0.04371180628447949,0.0362,0.0426,0.031200000000000002,0.0325
2016-01-01,0.0184,0.207,0.081,0.08900000000000001,0.086,0.10095283014188552,0.07580755085716834,0.0388,0.07580755085716834,0.41476882277808397,0.07545952846595617,0.0357,0.0417,0.031000000000000003,0.0325
2016-02-01,0.0189,0.19399999999999998,0.083,0.08900000000000001,0.08199999999999999,0.10097781844914776,0.0808102356538739,0.0379,0.0808102356538739,0.37067708038218344,0.0677441788820129,0.0357,0.0441,0.029900000000000003,0.032100000000000004
2016-03-01,0.0194,0.188,0.078,0.086,0.084,0.09181258340718378,0.0771824611583071,0.0359,0.0771824611583071,0.34332008115487855,0.06039397985038493,0.036000000000000004,0.045,0.029700000000000004,0.031200000000000002
2016-04-01,0.0188,0.18,0.07,0.08,0.076,0.09425920183874446,0.06919358219233195,0.034300000000000004,0.06919358219233195,0.16941163970768974,0.06302670281288036,0.0355,0.0442,0.029300000000000003,0.0311
2016-05-01,0.0191,0.162,0.067,0.077,0.069,0.09882405790239912,0.0669784716222728,0.0358,0.0669784716222728,0.13824769653727326,0.058613773934504676,0.0355,0.043899999999999995,0.028900000000000002,0.0309
2016-06-01,0.0187,0.159,0.071,0.079,0.07200000000000001,0.09147810488877288,0.06930719689643086,0.0346,0.06930719689643086,0.06017128058949312,0.044711903531877324,0.034100000000000005,0.0433,0.027700000000000002,0.0302
2016-07-01,0.0191,0.138,0.069,0.076,0.077,0.10631946783944969,0.06778434943033829,0.0361,0.06778434943033829,0.10086539345679904,0.04161434516841718,0.0337,0.0443,0.026600000000000002,0.03
2016-08-01,0.0192,0.13,0.07200000000000001,0.08,0.077,0.1061999804015221,0.0659053953653599,0.034100000000000005,0.0659053953653599,0.01746301981586963,0.03436711478347506,0.0338,0.0426,0.027000000000000003,0.0294
2016-09-01,0.0192,0.129,0.069,0.078,0.079,0.0983090679447543,0.06252342760349423,0.0317,0.06252342760349423,-0.031158761724928086,0.0545147688881629,0.0337,0.042699999999999995,0.027999999999999997,0.0296
2016-10-01,0.0188,0.125,0.071,0.081,0.076,0.0971307969765442,0.06859352329569121,0.027999999999999997,0.06859352329569121,-0.13664207100535833,0.05303057063700661,0.0338,0.041299999999999996,0.028900000000000002,0.03
2016-11-01,0.018500000000000003,0.125,0.073,0.08199999999999999,0.081,0.10785733835618884,0.07399621232728193,0.0301,0.07399621232728193,-0.07127250480644226,0.0336889277159784,0.0345,0.04190000000000001,0.0304,0.029900000000000003
2016-12-01,0.0188,0.12400000000000001,0.075,0.081,0.079,0.09464981022980604,0.06426810338734046,0.0318,0.06426810338734046,-0.04149530736206327,0.03726615621532487,0.0354,0.04190000000000001,0.0313,0.0298
2017-01-01,0.02,0.11699999999999999,0.069,0.08,0.07,0.08768645667476231,0.05726530201786943,0.034100000000000005,0.05726530201786943,-0.07675171006129741,0.01770621321561303,0.0355,0.0403,0.0316,0.03
2017-02-01,0.0196,0.09699999999999999,0.059000000000000004,0.07400000000000001,0.076,0.08816217731612992,0.05615893837236358,0.0322,0.05615893837236358,-0.05373916521908369,0.02546898796579738,0.0349,0.0421,0.0319,0.0296
2017-03-01,0.0199,0.106,0.062000000000000006,0.073,0.073,0.08499135406734672,0.05114989795152507,0.0311,0.05114989795152507,-0.09953124234960009,0.020356677741199838,0.0353,0.0432,0.032100000000000004,0.029300000000000003
2017-04-01,0.0194,0.099,0.066,0.07400000000000001,0.08,0.09496133542047559,0.05521333078098444,0.032799999999999996,0.05521333078098444,0.148211562635537,0.02903930924649688,0.0342,0.0466,0.032100000000000004,0.0294
2017-05-01,0.0197,0.095,0.061,0.071,0.077,0.08437326389832636,0.05011065371671128,0.0271,0.05011065371671128,0.24942930838343141,0.040367206092894535,0.0345,0.044500000000000005,0.0326,0.0285
2017-06-01,0.0195,0.09300000000000001,0.059000000000000004,0.067,0.075,0.08054466567590157,0.05389096521427216,0.0279,0.05389096521427216,0.3461417710867739,0.040859590958562564,0.0345,0.0441,0.0322,0.029300000000000003
2017-07-01,0.0197,0.095,0.051,0.065,0.07200000000000001,0.08135413267499217,0.04805400486040355,0.030600000000000002,0.04805400486040355,0.30523675640865106,0.050455253280646095,0.0344,0.044800000000000006,0.032799999999999996,0.028900000000000002
2017-08-01,0.0195,0.091,0.046,0.062000000000000006,0.068,0.07068443310034965,0.0496929276607899,0.0309,0.0496929276607899,0.355453866258202,0.04744117977423199,0.0344,0.0453,0.032799999999999996,0.0292
2017-09-01,0.0193,0.079,0.046,0.059000000000000004,0.069,0.07011568355356473,0.06481170446877692,0.0304,0.06481170446877692,0.3038943455569892,0.028800221492175825,0.0348,0.046,0.032400000000000005,0.0292
2017-10-01,0.0183,0.098,0.047,0.059000000000000004,0.062000000000000006,0.06678377935969639,0.05057834125332255,0.031000000000000003,0.05057834125332255,0.2539572032385514,0.03415628130944584,0.0345,0.0463,0.0333,0.0301
2017-11-01,0.0176,0.07200000000000001,0.048,0.057999999999999996,0.064,0.0634647940352902,0.048059496761142045,0.0316,0.048059496761142045,0.16430743210488993,0.05485198043258173,0.0354,0.045599999999999995,0.0339,0.030299999999999997
2017-12-01,0.0181,0.069,0.047,0.061,0.068,0.06848283248931031,0.050734609145587056,0.0347,0.050734609145587056,0.07659521503328758,0.05318622486263698,0.0364,0.0466,0.0342,0.0301
2018-01-01,0.0189,0.063,0.055,0.064,0.07200000000000001,0.07898628979949791,0.059218742394881514,0.0361,0.059218742394881514,0.09812340720921624,0.06305581361663311,0.0368,0.045700000000000005,0.0347,0.030600000000000002
2018-02-01,0.0188,0.081,0.062000000000000006,0.069,0.071,0.06939351673356818,0.05806768031673437,0.034100000000000005,0.05806768031673437,0.10449066145582415,0.057434772695730996,0.0369,0.0461,0.0346,0.0304
2018-03-01,0.0182,0.066,0.057999999999999996,0.067,0.07400000000000001,0.07178144775753037,0.0639470040489033,0.0337,0.0639470040489033,0.16478046150236286,0.057025416358366436,0.0366,0.0471,0.0345,0.0308
2018-04-01,0.0183,0.062000000000000006,0.057,0.066,0.065,0.06165015801346355,0.06479043004250883,0.0332,0.06479043004250883,0.0668518928669369,0.05351200729051993,0.0364,0.047400000000000005,0.0347,0.0308
2018-05-01,0.0184,0.062000000000000006,0.059000000000000004,0.066,0.07200000000000001,0.07032937205922077,0.07109081421290248,0.0332,0.07109081421290248,-0.050976139386083495,0.04348840983745054,0.0366,0.0468,0.0349,0.0315
2018-06-01,0.0178,0.059000000000000004,0.061,0.067,0.071,0.07091384305561929,0.06539973604596451,0.0333,0.06539973604596451,-0.08322021373058558,0.05257630916809512,0.0363,0.0468,0.0346,0.031400000000000004
2018-07-01,0.018500000000000003,0.048,0.067,0.071,0.065,0.06598220362584338,0.06801421005689343,0.0333,0.06801421005689343,-0.07711671894681973,0.05634819508960034,0.0364,0.0464,0.0344,0.031400000000000004
2018-08-01,0.0182,0.04,0.067,0.071,0.068,0.06805098658492288,0.06221139669793981,0.0323,0.06221139669793981,-0.1191986104817712,0.06135721670793481,0.0362,0.044800000000000006,0.0336,0.0315
2018-09-01,0.0177,0.043,0.064,0.07200000000000001,0.067,0.06956774280850123,0.05637960612690192,0.0346,0.05637960612690192,-0.1581746820183422,0.05086768693137917,0.0362,0.0464,0.0329,0.0322
2018-10-01,0.0171,0.017,0.068,0.07400000000000001,0.073,0.07981390700447133,0.07028732336564078,0.032799999999999996,0.07028732336564078,-0.04996538053417016,0.042920473729018645,0.0365,0.0442,0.033100000000000004,0.0323
2018-11-01,0.017,0.027000000000000003,0.068,0.075,0.069,0.07190168971196198,0.06181565605732616,0.0346,0.06181565605732616,0.05709111755833229,0.026484007405420455,0.0369,0.045599999999999995,0.032799999999999996,0.0325
2018-12-01,0.0167,0.019,0.068,0.076,0.066,0.07438121474333918,0.06625446931425619,0.035,0.06625446931425619,0.09185273904534573,0.02581897162698015,0.037700000000000004,0.0463,0.0319,0.0326
2019-01-01,0.0173,0.021,0.065,0.07400000000000001,0.067,0.0692622260750729,0.06629480000078414,0.0346,0.06629480000078414,0.05600302801913145,0.013198920534149785,0.0381,0.0444,0.031200000000000002,0.0326
2019-02-01,0.0177,0.019,0.062000000000000006,0.071,0.067,0.07402871403199272,0.06818218657452449,0.036000000000000004,0.06818218657452449,0.05885379257424988,0.006636270228635614,0.0378,0.045599999999999995,0.0308,0.032400000000000005
2019-03-01,0.0171,0.026000000000000002,0.068,0.076,0.065,0.08053113011597132,0.07406111685496461,0.0364,0.07406111685496461,0.09536618592193076,0.018115140447083268,0.0371,0.0463,0.0304,0.0326
2019-04-01,0.0177,0.03,0.066,0.077,0.069,0.07757230234701887,0.07362100013833482,0.037000000000000005,0.07362100013833482,0.13482265321803144,0.01071695393728737,0.0371,0.04650000000000001,0.0298,0.032100000000000004
2019-05-01,0.0176,0.032,0.066,0.079,0.066,0.06903038756951256,0.07035920032741107,0.0359,0.07035920032741107,0.1351303330962912,0.008369297618630846,0.0367,0.04650000000000001,0.029300000000000003,0.032
2019-06-01,0.017,0.033,0.067,0.08,0.071,0.08107129358982292,0.07222572782137619,0.0356,0.07222572782137619,0.07390772437768386,-0.00990467796958812,0.0358,0.0455,0.027400000000000004,0.032100000000000004
2019-07-01,0.0171,0.038,0.066,0.08,0.07200000000000001,0.07212987453708618,0.07635221102242448,0.0379,0.07635221102242448,-0.08625003763543708,-0.01441229588627262,0.0352,0.0437,0.026400000000000003,0.031200000000000002
2019-08-01,0.0167,0.047,0.068,0.08199999999999999,0.076,0.08027398665337566,0.08575579174237982,0.0383,0.08575579174237982,-0.057469618523278476,-0.024400671672256753,0.0332,0.041299999999999996,0.024700000000000003,0.0302
2019-09-01,0.0174,0.05,0.076,0.084,0.07200000000000001,0.08902207010097737,0.07834564325846709,0.0358,0.07834564325846709,-0.05261001132001399,-0.012087770853645385,0.0342,0.04360000000000001,0.025099999999999997,0.0308
2019-10-01,0.0165,0.053,0.075,0.083,0.07400000000000001,0.08241538892722479,0.07430165618151453,0.0313,0.07430165618151453,-0.17690949790600155,-0.016530914499190467,0.032799999999999996,0.045899999999999996,0.025,0.0302
2019-11-01,0.015600000000000001,0.07,0.077,0.084,0.081,0.09167231970239788,0.09364312192510929,0.0319,0.09364312192510929,-0.23870393624425654,-0.018687010575098265,0.0329,0.045599999999999995,0.0245,0.0305
2019-12-01,0.016200000000000003,0.096,0.079,0.08199999999999999,0.078,0.09364355413948207,0.08287297318428613,0.0339,0.08287297318428613,-0.2740372765101382,-0.024129018323133366,0.0336,0.0458,0.0245,0.0305
2020-01-01,0.0165,0.115,0.078,0.08199999999999999,0.077,0.08723713515265022,0.08223915856628794,0.0345,0.08223915856628794,-0.2711210539142598,-0.023056591620450918,0.0332,0.0449,0.025099999999999997,0.0301
2020-02-01,0.0165,0.12,0.08199999999999999,0.085,0.08,0.09401164025392907,0.09350855676483164,0.034,0.09350855676483164,-0.32941486862354996,-0.008964457029323468,0.0319,0.0449,0.0252,0.029300000000000003
2020-03-01,0.016399999999999998,0.146,0.084,0.083,0.075,0.07639246401291852,0.10074588004396913,0.0363,0.10074588004396913,-0.31682482351980673,0.0003228622959014897,0.0294,0.0433,0.0248,0.028399999999999998
2020-04-01,0.016,0.16899999999999998,0.091,0.086,0.079,0.0786008442144571,0.10261906406615252,0.026000000000000002,0.10261906406615252,-0.3242300250993904,0.007997586788433587,0.027700000000000002,0.04360000000000001,0.0258,0.027400000000000004
2020-05-01,0.0175,0.193,0.099,0.08800000000000001,0.086,0.08920916633918505,0.11435106068927953,0.033,0.11435106068927953,-0.3119037706966468,0.039724012250925374,0.028300000000000002,0.0426,0.0252,0.0267
2020-06-01,0.0183,0.21300000000000002,0.099,0.086,0.08,0.07455958737182265,0.1124102932998811,0.0346,0.1124102932998811,-0.2913482377912483,0.04263704771732501,0.0275,0.0412,0.024900000000000002,0.0258
2020-07-01,0.0188,0.23,0.1,0.084,0.084,0.07554862631881798,0.103423339579331,0.0319,0.103423339579331,-0.27303992754041767,0.06111403990905905,0.027400000000000004,0.042300000000000004,0.0245,0.0252
2020-08-01,0.0182,0.24,0.095,0.079,0.076,0.07015124223387736,0.09417895882072343,0.033100000000000004,0.09417895882072343,-0.2956941635046929,0.06899460544730378,0.0268,0.0388,0.0239,0.0252
2020-09-01,0.0178,0.251,0.092,0.079,0.083,0.07360264751049948,0.1093277072894465,0.027999999999999997,0.1093277072894465,-0.3281161500557963,0.0711750033936577,0.027000000000000003,0.0398,0.0244,0.0253
2020-10-01,0.0178,0.278,0.09699999999999999,0.081,0.084,0.0797090711990161,0.10537584498029229,0.032,0.10537584498029229,-0.2523711268569265,0.08037516475331316,0.0268,0.043,0.024700000000000003,0.025400000000000002
2020-11-01,0.0181,0.268,0.09699999999999999,0.08199999999999999,0.084,0.08077263950350161,0.1007559699986892,0.028900000000000002,0.1007559699986892,-0.2703188606762933,0.08779220247742683,0.027200000000000002,0.0434,0.0256,0.0256
2020-12-01,0.0184,0.256,0.098,0.084,0.086,0.07156059756556075,0.11358567164660659,0.028900000000000002,0.11358567164660659,-0.2926650294098703,0.08822491156874081,0.0273,0.0425,0.0259,0.025
2021-01-01,0.018500000000000003,0.252,0.10099999999999999,0.086,0.08900000000000001,0.08222670041508645,0.11157679209517067,0.030600000000000002,0.11157679209517067,-0.2503757186461546,0.10779943236992262,0.0269,0.0406,0.0263,0.024700000000000003
2021-02-01,0.0189,0.26,0.107,0.08900000000000001,0.08900000000000001,0.074565267530282,0.10821653145266892,0.031200000000000002,0.10821653145266892,-0.11477595117246522,0.11373303235592917,0.0269,0.041100000000000005,0.026600000000000002,0.0239
2021-03-01,0.0191,0.245,0.11,0.09300000000000001,0.096,0.08856145316085104,0.10252546769162894,0.029700000000000004,0.10252546769162894,-0.08987314433215264,0.09698681481746829,0.027400000000000004,0.041299999999999996,0.0273,0.0235
2021-04-01,0.019,0.242,0.114,0.095,0.10800000000000001,0.1198533336938382,0.09708664195526871,0.0263,0.09708664195526871,0.0940019935305457,0.1001027808143815,0.0268,0.0421,0.0273,0.0232
2021-05-01,0.0189,0.223,0.11,0.092,0.08900000000000001,0.09031553867502118,0.08758382909960015,0.031200000000000002,0.08758382909960015,0.11501086973928848,0.07170608841879476,0.0267,0.0437,0.0269,0.0225
2021-06-01,0.0183,0.21300000000000002,0.109,0.094,0.095,0.08721245514312773,0.09457688990495196,0.027400000000000004,0.09457688990495196,0.18641218770465656,0.0859602115361045,0.027200000000000002,0.0458,0.027400000000000004,0.023
2021-07-01,0.018000000000000002,0.20500000000000002,0.114,0.099,0.099,0.11166610534626707,0.10390887252007519,0.0279,0.10390887252007519,0.27661812575853534,0.06645913839758723,0.0269,0.0464,0.0281,0.0234
2021-08-01,0.0184,0.2,0.125,0.10400000000000001,0.10400000000000001,0.09909363529960918,0.11082202562271895,0.028900000000000002,0.11082202562271895,0.3377687000855103,0.07145156763418409,0.0278,0.0497,0.0288,0.023799999999999998
2021-09-01,0.0179,0.197,0.128,0.106,0.09699999999999999,0.09879723749391714,0.09914040316402667,0.0301,0.09914040316402667,0.4739653608991453,0.047149794306094533,0.0288,0.049800000000000004,0.0301,0.0246
2021-10-01,0.0178,0.18,0.12400000000000001,0.102,0.10099999999999999,0.1001799358128969,0.10250653305400169,0.0269,0.10250653305400169,0.46176185690164967,0.06369334915566115,0.0294,0.0504,0.0326,0.0244
2021-11-01,0.0166,0.17600000000000002,0.129,0.106,0.099,0.0911539136699112,0.09756072774267516,0.027999999999999997,0.09756072774267516,0.5734849227714919,0.059740452821618245,0.031200000000000002,0.050800000000000005,0.0351,0.025099999999999997
2021-12-01,0.015500000000000002,0.156,0.132,0.107,0.105,0.10323410758613656,0.0960722528507488,0.0311,0.0960722528507488,0.7533654903256324,0.05398044544075868,0.031400000000000004,0.0509,0.0363,0.025400000000000002
2022-01-01,0.018000000000000002,0.14300000000000002,0.127,0.106,0.1,0.10431257428483158,0.09560008498114969,0.0313,0.09560008498114969,0.7021634591217807,0.04112372403156008,0.033,0.049,0.0385,0.0262
2022-02-01,0.0181,0.11599999999999999,0.11800000000000001,0.099,0.095,0.09510511837903077,0.09118964007083184,0.029300000000000003,0.09118964007083184,0.6570697190099057,0.02560203504857211,0.0337,0.0526,0.0388,0.0268
2022-03-01,0.0176,0.113,0.10800000000000001,0.091,0.085,0.09150031123746064,0.08563679472856245,0.0296,0.08563679472856245,0.6292589021651971,0.014231616664185476,0.0339,0.050199999999999995,0.0384,0.027700000000000002
2022-04-01,0.017,0.095,0.095,0.081,0.075,0.06173216731715239,0.08929981150066772,0.029900000000000003,0.08929981150066772,0.4885653928724144,0.01457188146991383,0.0345,0.0507,0.039,0.0292
2022-05-01,0.0166,0.087,0.094,0.08199999999999999,0.087,0.07792857173507892,0.09279408039293048,0.0316,0.09279408039293048,0.5026720853175872,0.029604458242728404,0.036000000000000004,0.056100000000000004,0.039,0.0294
2022-06-01,0.0149,0.078,0.09,0.078,0.077,0.08134847869786786,0.08450149534634271,0.0319,0.08450149534634271,0.43635872746875215,0.023973423774293696,0.0384,0.0576,0.0404,0.031200000000000002
2022-07-01,0.0128,0.053,0.083,0.07200000000000001,0.073,0.056286308209931094,0.07796478103442459,0.0337,0.07796478103442459,0.46777833635506316,0.04266217361995754,0.0412,0.0599,0.041600000000000005,0.033
2022-08-01,0.0154,0.025,0.075,0.067,0.069,0.06993428892830078,0.06755784586582281,0.0375,0.06755784586582281,0.4602809465511893,0.03521639336396972,0.0446,0.062400000000000004,0.0435,0.034
2022-09-01,0.013300000000000001,-0.004,0.07,0.062000000000000006,0.07,0.06144023149951246,0.07069168792058106,0.0354,0.07069168792058106,0.47023387472196726,0.06259565757506207,0.0466,0.067,0.0479,0.0368
2022-10-01,0.0125,-0.035,0.064,0.06,0.062000000000000006,0.04641707434864763,0.07266678509397291,0.0367,0.07266678509397291,0.4500149762839846,0.03202738235276293,0.0527,0.0737,0.04820000000000001,0.0381
2022-11-01,0.013500000000000002,-0.068,0.059000000000000004,0.053,0.06,0.052005798820598526,0.06736209553638996,0.031000000000000003,0.06736209553638996,0.3300049794367606,0.01893508185289645,0.0567,0.0755,0.047400000000000005,0.041100000000000005
2022-12-01,0.013500000000000002,-0.09,0.05,0.048,0.05,0.04736677549743404,0.046514280976444944,0.0391,0.046514280976444944,0.17288689830173812,0.033342245063832876,0.0556,0.0737,0.0463,0.044000000000000004
2023-01-01,0.0163,-0.113,0.044000000000000004,0.040999999999999995,0.033,0.04464379347744949,0.029668700120174106,0.041299999999999996,0.029668700120174106,0.19843529903051002,0.03456060526199779,0.0547,0.07150000000000001,0.0458,0.0449
2023-02-01,0.0178,-0.12400000000000001,0.040999999999999995,0.037000000000000005,0.032,0.04781428033588588,0.026793582874273032,0.0437,0.026793582874273032,0.2706119482585204,0.028364282815047905,0.0536,0.0694,0.045599999999999995,0.0467
2023-03-01,0.0161,-0.13,0.038,0.036000000000000004,0.031000000000000003,0.04004321565641484,0.019572815009701015,0.042699999999999995,0.019572815009701015,0.31254070114306787,0.027990750324658364,0.0525,0.0699,0.044000000000000004,0.0478
2023-04-01,0.0158,-0.133,0.032,0.036000000000000004,0.027999999999999997,0.03539669053327831,0.012121622067040606,0.044000000000000004,0.012121622067040606,0.35017831081078044,0.008109588248241458,0.0509,0.071,0.0424,0.0479
2023-05-01,0.015600000000000001,-0.138,0.023,0.027999999999999997,0.022000000000000002,0.028172913094331672,0.0033509966657367706,0.0432,0.0033509966657367706,0.3359578734000839,-0.0014119478016710848,0.052000000000000005,0.0661,0.0421,0.048499999999999995
2023-06-01,0.0148,-0.14,0.022000000000000002,0.025,0.027000000000000003,0.032699834494943306,0.011059016489679281,0.0433,0.011059016489679281,0.3413555099609835,-0.011334708463841962,0.053200000000000004,0.0644,0.0426,0.0493
2023-07-01,0.0143,-0.122,0.025,0.028999999999999998,0.021,0.02646144286997298,0.010018406313041255,0.0429,0.010018406313041255,0.32060892370201133,0.021241286227951562,0.0525,0.06480000000000001,0.042800000000000005,0.050300000000000004
2023-08-01,0.014499999999999999,-0.11199999999999999,0.022000000000000002,0.025,0.02,0.029514762314282395,0.013878828647344644,0.0442,0.013878828647344644,0.32668843908897166,-0.036900098073267856,0.0521,0.0674,0.0431,0.051100000000000007
2023-09-01,0.013600000000000001,-0.1,0.025,0.026000000000000002,0.019,0.030343804360410176,0.009157986176632642,0.042,0.009157986176632642,0.33218568332236464,-0.022981784725860203,0.0527,0.0714,0.0435,0.0513
