,production_idx,mine_prod_idx,const_prod_idx,service_idx,admin_prod_idx,gen_machine_idx,elec_machine_idx,prec_machine_idx,other_device_idx,vehicle_idx,other_vehicle_idx
2001-01-31,0.025390625,-0.04231625835189312,0.062374245472836876,0.05410447761194037,0.03881987577639756,-0.030674846625766916,-0.04474708171206221,0.08752735229759301,-0.12528473804100226,-0.15945611866501852,0.2265625
2001-02-28,0.049689440993788914,0.05528846153846145,0.09730848861283659,0.04826254826254828,-0.018975332068311257,0.026365348399246757,-0.1368613138686131,0.10879629629629606,-0.021164021164021163,0.06000000000000005,-0.18085106382978722
2001-03-31,0.025688073394495525,0.01476793248945163,0.02694136291600646,0.03690685413005279,-0.023026315789473673,-0.04057971014492756,-0.1399999999999999,0.08152173913043481,-0.07805429864253399,-0.07351351351351343,0.09976247030878849
2001-04-30,0.05681818181818166,0.044642857142857206,0.057949479940564874,0.06776556776556752,0.023064250411861442,-0.22615803814713908,-0.13003095975232182,-0.062962962962963,-0.06249999999999989,0.22946175637393784,-0.05599999999999994
2001-05-31,0.04528985507246386,0.016949152542372836,0.023383768913342484,0.06842105263157872,-0.0033167495854062867,-0.20575539568345325,-0.10142348754448405,-0.08061420345489445,-0.054147465437788034,0.06400966183574885,0.49731182795698925
2001-06-30,0.02166064981949467,0.010775862068965525,-0.03875968992248047,0.04385964912280693,-0.01620745542949742,-0.27417027417027406,0.02586206896551735,-0.15217391304347838,-0.02564102564102566,-0.01904761904761898,-0.19393939393939386
2001-07-31,0.0072727272727273196,-0.04051172707889117,-0.06395348837209291,0.039007092198581894,0.024890190336749773,-0.1377551020408163,-0.16295025728987989,-0.10047846889952161,-0.11832946635730868,0.024618991793669665,0.7808641975308643
2001-08-31,0.03339517625231925,-0.03609341825902335,0.09720176730485997,0.063176895306859,-0.008445945945945943,-0.3348348348348348,-0.27439024390243894,-0.1526032315978456,-0.026378896882494063,0.014193548387096744,0.03853955375253548
2001-09-30,0.0842490842490844,0.04357298474945526,0.2566371681415931,0.08170515097690956,0.03730272596843598,-0.19927536231884058,-0.1336717428087988,-0.2062391681109187,0.00796359499431154,0.15549597855227892,0.6681922196796339
2001-10-31,0.032315978456014305,-0.030487804878048808,0.07593123209169073,0.06140350877192957,-0.012882447665056418,-0.22309197651663404,-0.11755725190839705,-0.15602836879432613,-0.004566210045662156,0.23363095238095233,0.02242990654205612
2001-11-30,0.07374100719424459,0.024844720496894457,0.16550764951321262,0.08202443280977323,0.06500000000000017,-0.15876288659793814,-0.08974358974358987,-0.058931860036832484,0.15725806451612878,0.3112582781456954,0.7933333333333334
2001-12-31,0.06949152542372894,0.014799154334038,0.18789407313997475,0.07973421926910285,0.03976608187134523,-0.09394572025052195,0.14583333333333326,-0.06024096385542177,0.08787128712871306,0.17348608837970558,0.2727272727272727
2002-01-31,0.10666666666666669,0.13953488372093026,0.19696969696969702,0.09734513274336276,-0.01644245142002987,-0.20253164556962022,0.2240325865580446,-0.06841046277666007,0.14973958333333326,0.2176470588235293,-0.17038216560509556
2002-02-28,0.06508875739644981,-0.009111617312072884,0.1924528301886792,0.08103130755064458,0.07930367504835578,-0.26055045871559646,0.20295983086680747,-0.014613778705636626,0.11891891891891881,-0.02767295597484276,0.02226345083487935
2002-03-31,0.09481216457960628,0.06860706860706856,0.07870370370370372,0.12033898305084745,0.0016835016835017313,-0.10422960725075536,0.1896243291592128,-0.15410385259631498,0.10797546012269943,0.06534422403733942,0.1533477321814256
2002-04-30,0.10394265232974931,0.10470085470085477,0.04634831460674138,0.12178387650085765,0.03220611916264082,-0.012323943661971648,0.10676156583629881,0.21541501976284572,0.09212121212121183,0.13248847926267282,0.23093220338983067
2002-05-31,0.08665511265164638,0.0854166666666667,0.02150537634408578,0.1018062397372741,0.04991680532445919,0.023550724637681153,0.18019801980198014,0.21711899791231737,0.059683313032886876,0.185017026106697,-0.08976660682226223
2002-06-30,0.06537102473498213,0.021321961620469176,0.09274193548387077,0.08739495798319341,0.01153212520593061,0.13518886679920494,0.03361344537815136,0.09401709401709413,-0.031328320802005094,-0.12135922330097082,1.0751879699248117
2002-07-31,0.11191335740072184,0.10444444444444456,0.15838509316770177,0.12116040955631391,0.03428571428571425,0.0019723865877712132,0.19057377049180335,-0.014184397163120366,0.019736842105263275,0.04919908466819223,0.8752166377816291
2002-08-31,0.07360861759425474,0.08810572687224671,-0.024161073825503254,0.08998302207130737,0.011925042589437718,0.006772009029345272,0.1869747899159664,0.019067796610169552,-0.032019704433497664,0.22646310432569994,-0.1582031249999999
2002-09-30,0.042229729729729604,0.016701461377870652,-0.09859154929577474,0.08538587848932666,0.011065006915629283,0.10180995475113108,0.3437499999999998,0.29694323144104806,-0.08352144469525957,-0.10904872389791187,-0.4156378600823045
2002-10-31,0.1095652173913042,0.1383647798742138,0.07989347536617841,0.1074380165289257,0.04404567699836881,0.10327455919395456,0.08650519031141868,0.1596638655462186,0.005733944954128489,0.12545235223160422,-0.27970749542961615
2002-11-30,0.07202680067001666,0.09292929292929308,0.0656324582338903,0.0693548387096774,0.010954616588419341,0.20588235294117663,0.19190140845070447,0.3287671232876712,0.008130081300812941,0.03661616161616155,-0.23605947955390338
2002-12-31,0.0760697305863709,0.11250000000000004,0.11040339702760082,0.06307692307692303,0.006749156355455366,0.32027649769585254,0.05454545454545445,0.18315018315018294,0.0034129692832762792,0.16736401673640167,-0.20238095238095233
2003-01-31,0.04302925989672968,0.04285714285714293,0.06487341772151889,0.03387096774193532,0.08662613981762912,0.1772486772486772,-0.1797004991680532,0.05399568034557234,-0.09626274065685159,-0.08091787439613518,-0.20537428023032633
2003-02-28,0.04444444444444429,0.10574712643678175,0.05221518987341778,0.02555366269165238,-0.019713261648745317,0.796526054590571,-0.18804920913883993,0.1673728813559323,0.01570048309178751,0.03363518758085382,-0.221415607985481
2003-03-31,0.02941176470588247,0.054474708171206254,0.10586552217453504,0.0075642965204236745,0.02184873949579824,0.2377740303541318,-0.010526315789473717,0.19009900990099005,-0.04540420819490576,-0.1314348302300109,-0.17602996254681658
2003-04-30,0.01948051948051943,0.025145067698259194,0.04966442953020134,0.012232415902140747,0.012480499219968966,0.14795008912655971,-0.07717041800643099,0.0373983739837398,-0.04883462819089879,-0.16174974567650047,-0.32530120481927716
2003-05-31,0.0,-0.0019193857965451588,0.08684210526315783,-0.007451564828613977,-0.033280507131537296,-0.04247787610619469,-0.04026845637583876,-0.048027444253859186,-0.05057471264367819,-0.20210727969348663,-0.1617357001972387
2003-06-30,0.04809286898839149,0.09185803757828825,0.13899138991389903,0.01700154559505407,0.009771986970684043,0.021015761821365775,0.05040650406504055,0.14648437500000022,0.12807244501940485,-0.09806629834254155,-0.06280193236714982
2003-07-31,0.014610389610389518,0.012072434607645732,0.08310991957104541,0.006088280060882578,0.013812154696132506,0.07086614173228356,-0.04991394148020656,-0.05215827338129497,-0.020645161290322456,-0.2257360959651037,-0.4972273567467652
2003-08-31,0.025083612040133874,0.020242914979757165,0.12654745529573574,0.010903426791277315,0.04040404040404044,0.09865470852017943,0.030088495575221197,0.07068607068607058,0.017811704834605813,-0.33298755186721996,-0.2621809744779583
2003-09-30,0.027552674230145957,0.07392197125256672,0.06380208333333348,0.001512859304084957,0.020519835841313228,0.032854209445585036,-0.09011627906976738,-0.10101010101010088,0.0024630541871921707,-0.10156249999999989,-0.10798122065727711
2003-10-31,0.03134796238244508,0.08287292817679548,0.09494451294697903,0.0,0.012499999999999956,0.28538812785388123,-0.039808917197452276,0.08152173913043481,0.0068415051311288,-0.24437299035369775,0.07360406091370542
2003-11-30,0.02187500000000009,0.05360443622920519,0.04815229563269874,0.003016591251885359,0.013931888544891802,0.04268292682926811,-0.15214180206794692,-0.1693667157584685,0.009216589861751112,-0.22898903775883062,-0.5912408759124088
2003-12-31,0.05301914580265077,0.11235955056179758,0.13575525812619493,0.01447178002894356,0.022346368715083775,-0.010471204188481464,-0.08045977011494243,0.07894736842105288,0.11451247165532874,-0.0800477897252091,-0.812366737739872
2004-01-31,0.024752475247524774,0.050880626223092085,0.07578008915304624,0.0015600624024962872,0.04195804195804209,0.2741573033707867,-0.006085192697768749,0.0963114754098362,-0.022556390977443663,-0.38896189224704336,-0.28985507246376807
2004-02-29,0.07446808510638303,0.17879417879417892,0.05714285714285694,0.0348837209302324,-0.014625228519195677,-0.026243093922652116,0.2900432900432899,0.12704174228675136,0.10582639714625452,-0.4267834793491866,-0.3939393939393939
2004-03-31,0.05714285714285694,0.12361623616236161,0.11384217335058211,0.01951951951951969,0.021381578947368363,0.03950953678474112,0.004559270516717229,0.2579034941763727,0.03480278422273764,-0.1790668348045399,-0.32500000000000007
2004-04-30,0.04299363057324834,0.1150943396226416,0.1035805626598465,0.0030211480362538623,0.03235747303543923,0.04813664596273304,0.005226480836237224,-0.017241379310344862,-0.03850641773628938,-0.08009708737864085,-0.09948979591836749
2004-05-31,0.04465709728867617,0.13846153846153864,0.036319612590798966,0.0030030030030032684,0.029508196721311553,0.17005545286506463,-0.047202797202797186,0.10630630630630611,-0.05084745762711851,-0.13925570228091222,1.1741176470588237
2004-06-30,0.044303797468354444,0.1300191204588912,0.003239740820734527,0.013677811550151908,0.03548387096774186,0.32590051457976,-0.08204334365325072,0.13287904599659273,-0.09059633027522929,0.1316998468606434,-0.41365979381443285
2004-07-31,0.030399999999999983,0.1312127236580516,0.035891089108911034,-0.010590015128592922,-0.010899182561308063,0.2904411764705883,-0.03804347826086962,0.29032258064516125,-0.07905138339920958,-0.19154929577464797,-0.1286764705882354
2004-08-31,0.02610114192495927,0.10515873015873023,0.046398046398046455,-0.01078582434514641,0.014563106796116498,0.37959183673469377,-0.04467353951890041,0.19999999999999996,-0.05625000000000002,-0.16640746500777603,1.6949685534591197
2004-09-30,0.03312302839116721,0.09560229445506674,0.10648714810281512,-0.007552870090634434,0.03887399463806984,0.19681908548707772,-0.057507987220447365,0.11985018726591745,-0.025798525798525818,-0.14927536231884053,0.5394736842105261
2004-10-31,0.013677811550151908,0.054421768707483054,0.0033783783783782884,-0.007462686567164201,0.024691358024691468,0.07104795737122571,0.02321724709784423,0.09045226130653239,-0.040770101925254765,-0.14893617021276595,0.17494089834515392
2004-11-30,0.024464831804281273,0.0964912280701753,-0.02350427350427342,-0.00601503759398514,0.05801526717557248,0.05653021442495132,0.1045296167247387,0.1648936170212767,-0.10502283105022825,-0.0979462875197471,1.8035714285714284
2004-12-31,0.006993006993007089,0.04040404040404044,-0.07575757575757569,0.007132667617689048,0.016393442622950838,-0.03703703703703709,0.009374999999999911,-0.008608321377331585,-0.2115971515768057,-0.1298701298701298,5.25
2005-01-31,0.040257648953301084,0.14338919925512106,-0.04281767955801119,0.015576323987539054,-0.06711409395973145,0.25749559082892404,0.11632653061224496,0.054205607476635276,-0.20000000000000007,0.22365591397849438,0.15986394557823136
2005-02-28,-0.00990099009900991,-0.0670194003527338,-0.09530583214793731,0.009630818619582593,0.2022263450834878,0.02411347517730511,-0.16610738255033541,-0.19967793880837348,-0.33870967741935487,0.017467248908296984,0.21153846153846145
2005-03-31,0.033033033033033066,0.0558292282430215,-0.005807200929152101,0.013254786450662692,0.13204508856682762,0.026212319790301475,0.010590015128593144,-0.07804232804232791,-0.14573991031390132,-0.07834101382488468,-0.0033670033670031296
2005-04-30,0.025954198473282508,0.04906937394247013,0.02780996523754342,0.012048192771084265,-0.008955223880596996,0.020740740740740726,-0.0017331022530329143,0.04146730462519943,-0.06067961165048552,-0.17018469656992086,0.059490084985835745
2005-05-31,0.03969465648854942,0.05236486486486469,0.06658878504672905,0.025449101796407136,0.022292993630573354,0.18325434439178534,0.08440366972477076,0.061889250814332275,-0.05739795918367341,-0.1492329149232916,-0.6385281385281385
2005-06-30,0.04242424242424225,0.04399323181049053,0.06673842841765332,0.028485757121439192,0.04517133956386288,-0.036222509702457995,0.0809443507588532,0.08721804511278175,-0.01261034047919296,-0.15967523680649542,1.2593406593406593
2005-07-31,0.04968944099378869,0.07908611599297011,0.005973715651135025,0.03822629969418956,0.015151515151515138,0.11965811965811946,0.19774011299435035,-0.02352941176470591,-0.01859799713876986,-0.015679442508710673,0.8037974683544304
2005-08-31,0.05405405405405417,0.0628366247755836,0.00933488914819125,0.05763239875389403,-0.0031897926634768536,-0.047337278106508784,0.07194244604316524,0.1310679611650487,-0.050331125827814516,0.08208955223880587,-0.19836639439906656
2005-09-30,0.05343511450381677,0.06282722513089012,-0.007743362831858391,0.05022831050228316,0.05161290322580658,0.05149501661129552,0.1084745762711865,0.182274247491639,-0.10340479192938223,-0.20954003407155042,-0.2717948717948717
2005-10-31,0.04797601199400314,0.06451612903225823,0.006734006734006703,0.04511278195488733,0.02108433734939741,0.1393034825870647,0.06158833063209079,0.13210445468510001,-0.060212514757969515,-0.0216666666666665,-0.12273641851106654
2005-11-30,0.08059701492537319,0.10559999999999992,0.0908096280087527,0.06656580937972767,0.02164502164502169,0.18265682656826532,0.04416403785488954,0.07610350076103511,0.03826530612244894,0.17863397548161086,1.4288747346072186
2005-12-31,0.08333333333333348,0.10841423948220075,0.033697632058287796,0.07365439093484416,0.047311827956989294,0.3937728937728937,0.1842105263157896,0.13024602026049203,0.03483870967741942,0.08656716417910437,0.0036363636363636598
2006-01-31,0.05417956656346745,0.055374592833876246,-0.030303030303030165,0.05521472392638027,0.14100719424460428,-0.08274894810659184,0.23765996343692875,0.24290780141843982,0.23237179487179516,-0.07908611599297,1.9706744868035186
2006-02-28,0.08499999999999996,0.18525519848771266,0.05817610062893075,0.0588235294117645,-0.058641975308642014,-0.040166204986149756,0.32997987927565364,0.46881287726358134,0.19024390243902456,0.22961373390557926,1.9333333333333336
2006-03-31,0.05232558139534915,0.08553654743390338,0.017523364485981352,0.05523255813953498,-0.073968705547653,0.17241379310344818,0.10029940119760461,0.22094691535150623,0.13910761154855633,0.11333333333333351,1.7162162162162158
2006-04-30,0.05803571428571419,0.07741935483870965,-0.022547914317925577,0.05654761904761885,0.11295180722891573,0.21770682148040632,0.2413194444444442,0.2986217457886675,0.10335917312661502,-0.05087440381558017,0.27540106951871657
2006-05-31,0.06167400881057272,0.0979133226324238,-0.04052573932092007,0.05547445255474437,0.11682242990654212,0.10547396528704911,0.3739424703891707,0.3957055214723926,0.13261163734776726,0.032786885245901676,0.014970059880239361
2006-06-30,0.043604651162790775,0.0923824959481363,-0.039354187689202735,0.04373177842565612,-0.008941877794336639,0.06577181208053706,0.17940717628705172,0.1839557399723375,0.07535121328224781,-0.008051529790660261,-0.7402723735408561
2006-07-31,0.00887573964497057,0.016286644951140072,-0.05938242280285044,0.02356406480117812,-0.02578018995929443,0.08778625954198471,0.007861635220125729,0.15210843373493965,0.04956268221574356,-0.27256637168141595,-0.011695906432748537
2006-08-31,0.06184012066365008,0.10135135135135132,-0.023121387283236983,0.050073637702503504,0.13280000000000003,0.24689440993788803,0.18120805369127524,0.1788268955650929,0.17852161785216158,0.024137931034482696,0.6273653566229986
2006-09-30,0.09275362318840585,0.17898193760262715,0.09587513935340009,0.06956521739130417,-0.04539877300613504,0.2654028436018956,0.19266055045871555,0.10608203677510608,0.1884669479606189,0.3685344827586208,0.032863849765258024
2006-10-31,0.041487839771101376,0.048484848484848575,0.021181716833890585,0.03453237410071952,0.08849557522123908,0.10189228529839878,0.20610687022900764,0.08548168249660804,0.09296482412060314,-0.010221465076660996,-0.0688073394495412
2006-11-30,0.05248618784530379,0.07091172214182362,0.012036108324975148,0.052482269503546064,0.02683615819209062,0.244929797191888,0.22658610271903323,0.25742574257425743,0.10687960687960674,-0.03417533432392261,-0.4152097902097902
2006-12-31,0.03589743589743577,0.021897810218978186,0.022026431718061623,0.05672823218997358,-0.03285420944558526,0.07752956636005259,0.13202614379084965,0.19718309859154948,0.1334164588528679,-0.03708791208791207,-0.2246376811594204
2007-01-31,0.05139500734214386,0.0879629629629628,0.10565476190476186,0.05087209302325579,-0.14249684741488022,0.29357798165137616,0.1802067946824224,0.13837375178316713,-0.054616384915474714,0.20419847328244267,-0.6436327739387956
2007-02-28,0.06298003072196634,-0.0015948963317384823,0.0638930163447251,0.06456456456456472,0.355737704918033,0.20923520923520922,0.2163388804841151,0.03287671232876721,0.015027322404371546,0.054101221640488806,-0.6385281385281385
2007-03-31,0.04696132596685065,0.035816618911174825,0.003444316877152742,0.052341597796143446,0.1336405529953919,0.11873638344226589,0.04625850340136073,0.08343125734430079,-0.03571428571428559,0.0988023952095809,-0.5460199004975125
2007-04-30,0.047819971870604716,0.06437125748502992,0.03806228373702436,0.05492957746478888,-0.07171853856562949,0.24672228843861732,0.06293706293706292,0.02358490566037741,-0.010538641686182793,0.08542713567839177,-0.34171907756813424
2007-05-31,0.048409405255878335,0.05701754385964897,0.033105022831050324,0.06085753803596128,-0.06276150627615062,0.12439613526570037,-0.08251231527093605,-0.08901098901098892,0.013142174432496878,0.039682539682539764,1.5781710914454283
2007-06-30,0.0682451253481895,0.06676557863501498,0.021008403361344463,0.07960893854748607,0.0586466165413535,0.12342569269521397,-0.023809523809523836,-0.01869158878504673,-0.0071258907363421775,0.13149350649350655,2.524344569288389
2007-07-31,0.10703812316715533,0.13461538461538458,0.10353535353535359,0.09784172661870505,0.06406685236768817,-0.011695906432748537,0.10764430577223094,0.0797385620915032,0.10972222222222228,0.4720194647201945,-0.40473372781065087
2007-08-31,0.07386363636363624,0.08895705521472386,0.0556213017751479,0.08274894810659195,-0.03389830508474567,-0.021170610211706076,0.08096590909090895,-0.03033980582524276,-0.007100591715976212,0.013468013468013629,0.533989266547406
2007-09-30,0.006631299734747964,-0.02924791086350964,-0.09053916581892152,0.04065040650406515,0.041131105398457546,-0.1298377028714106,-0.05256410256410249,-0.03324808184143224,-0.0366863905325443,-0.12125984251968513,-0.07499999999999996
2007-10-31,0.10027472527472514,0.1604046242774564,0.05131004366812242,0.09874826147426985,-0.07452574525745259,0.01981505944517825,0.04683544303797471,0.06125000000000003,0.08735632183908049,0.19621342512908768,0.16009852216748777
2007-11-30,0.0551181102362206,0.07702702702702702,0.019821605550049526,0.06469002695417791,-0.0632737276478682,0.08521303258145352,-0.011083743842364657,-0.042744656917885426,0.1287458379578248,0.17230769230769227,-0.2645739910313901
2007-12-31,0.06806930693069324,0.09285714285714275,0.0474137931034484,0.05742821473158566,0.08704883227176219,0.02195121951219492,0.0,-0.06631016042780757,0.03960396039603964,0.152639087018545,2.780373831775701
2008-01-31,0.08519553072625707,0.11914893617021294,0.044414535666218,0.07883817427385909,0.02499999999999991,-0.015366430260047248,-0.05757196495619532,0.011278195488721776,0.265474552957359,-0.045958795562598964,0.4182825484764541
2008-02-29,0.05780346820809257,0.10862619808306717,-0.03631284916201105,0.06205923836389271,-0.04957678355501827,-0.05250596658711204,-0.03980099502487566,-0.014588859416445832,0.12113055181695831,-0.04304635761589404,0.23353293413173648
2008-03-31,0.06200527704485492,0.10788381742738573,-0.046910755148741545,0.061518324607329644,0.013550135501354976,-0.07010710808179166,0.09232769830949272,-0.02277657266811295,0.04659498207885293,0.03269754768392352,0.24657534246575352
2008-04-30,0.06577181208053706,0.11111111111111116,-0.06333333333333335,0.061415220293724815,0.08163265306122458,-0.13001912045889097,0.06842105263157894,0.09792626728110587,0.11952662721893481,0.09104938271604945,1.1369426751592355
2008-05-31,0.05408970976253302,0.09266943291839569,-0.05524861878453047,0.05084745762711851,0.06398809523809512,-0.10633727175080543,0.09530201342281863,0.06393244873341364,0.08962264150943411,0.051908396946565016,0.1533180778032035
2008-06-30,0.028683181225554133,0.07371349095966617,-0.08436213991769559,0.02975420439844756,-0.018465909090909283,-0.011210762331838597,0.13685636856368566,0.04404761904761911,0.0861244019138756,0.017216642754662947,-0.5037194473963867
2008-07-31,0.04370860927152331,0.08898305084745761,-0.08695652173913049,0.04325032765399728,0.03926701570680624,0.016568047337278236,0.1366197183098592,0.1319612590799033,0.11764705882352944,0.09586776859504131,1.0974155069582503
2008-08-31,0.0092592592592593,0.022535211267605604,-0.08632286995515692,0.022020725388601115,-0.03947368421052633,0.09541984732824438,0.005256241787122251,-0.0025031289111389077,0.015494636471990564,0.04318936877076407,-0.6787172011661807
2008-09-30,0.03820816864295118,0.06599713055954082,-0.030201342281879318,0.03645833333333326,0.03333333333333344,0.08321377331420354,0.050067658998646625,0.17592592592592604,0.017199017199017064,0.010752688172043001,0.39312039312039326
2008-10-31,-0.011235955056179692,-0.014943960149439661,-0.10591900311526481,0.008860759493670933,-0.004392386530014503,-0.10621761658031081,-0.03869407496977029,0.09305064782096562,-0.06553911205073981,0.14820143884892079,0.26539278131634814
2008-11-30,-0.06094527363184088,-0.13550815558343787,-0.14674441205053457,-0.0075949367088608,-0.004405286343612369,-0.2598152424942264,-0.09589041095890405,-0.099882491186839,-0.10226155358898725,-0.2992125984251969,1.623983739837398
2008-12-31,-0.07300115874855151,-0.18300653594771243,-0.19753086419753096,-0.011806375442739103,0.0732421875,-0.1706443914081145,-0.1351039260969975,-0.014891179839633506,-0.08783068783068781,-0.2376237623762376,-0.5284301606922126
2009-01-31,-0.08622908622908632,-0.25221799746514584,-0.1121134020618555,-0.01666666666666672,0.1893830703012913,-0.44897959183673464,-0.08100929614873831,-0.23543990086741018,-0.24239130434782608,-0.21760797342192695,-0.12109375
2009-02-28,-0.03551912568306026,-0.09365994236311248,0.004347826086956275,0.0,-0.10814249363867678,-0.2921914357682619,-0.19818652849740936,-0.16958277254374154,0.05282112845138065,-0.07266435986159159,1.0388349514563107
2009-03-31,-0.03105590062111807,-0.10112359550561789,-0.050420168067226934,-0.014796547472256338,0.196524064171123,-0.3340314136125655,-0.06785714285714284,-0.19977802441731407,0.06278538812785373,-0.17810026385224276,0.41538461538461546
2009-04-30,-0.01133501259445846,-0.07341772151898729,0.0023724792408066353,0.008805031446540879,0.10512129380053925,-0.31868131868131866,-0.13916256157635465,-0.22665267576075554,-0.08562367864693443,-0.1230551626591232,-0.09687034277198203
2009-05-31,-0.031289111389236623,-0.08227848101265833,-0.03157894736842104,-0.001240694789081731,-0.047552447552447585,-0.25120192307692313,-0.1874999999999999,-0.23469387755102034,-0.07359307359307365,-0.008708272859216382,0.2936507936507937
2009-06-30,0.03802281368821303,-0.006476683937823857,0.16179775280898867,0.025125628140703515,0.19971056439942125,-0.23242630385487528,-0.01907032181168067,-0.030786773090079822,-0.09140969162995594,0.18899858956276439,0.5717344753747324
2009-07-31,0.008883248730964466,0.00907911802853456,0.005012531328320913,0.015075376884422065,-0.04030226700251893,-0.22235157159487784,-0.12515489467162344,-0.1989304812834224,-0.08958566629339315,0.0678733031674208,-0.31943127962085305
2009-08-31,0.00917431192660545,0.01377410468319562,-0.058895705521472386,0.015209125475285079,0.025875190258751957,-0.27758420441347265,-0.09411764705882364,-0.11166875784190722,-0.007042253521126862,0.004777070063694211,-0.001814882032667886
2009-09-30,0.07868020304568524,0.12113055181695831,0.10265282583621671,0.047738693467336946,0.10752688172043001,-0.017218543046357615,-0.06443298969072153,-0.11698537682789656,0.07487922705314021,0.40070921985815633,1.2892416225749557
2009-10-31,0.01388888888888884,0.01137800252844512,-0.03368176538908241,0.025094102885821812,-0.008823529411764675,0.034782608695652195,-0.11194968553459128,-0.23706896551724133,-0.05429864253393679,-0.10651629072681712,-0.062080536912751505
2009-11-30,0.08344370860927142,0.18577648766328014,0.05011389521640086,0.042091836734693855,0.04424778761061954,0.1606864274570987,0.13636363636363646,0.01958224543080922,0.12048192771084332,0.4400749063670413,-0.4229279628195197
2009-12-31,0.1399999999999999,0.3472000000000002,0.12615384615384628,0.07765830346475511,0.0,0.2172661870503596,0.23898531375166865,0.058139534883721034,0.3074245939675173,0.3084415584415583,-0.39449541284403666
2010-01-31,0.11690140845070429,0.3864406779661016,0.04208998548621179,0.041720990873533204,-0.15681544028950545,0.514161220043573,0.044797687861271474,0.009724473257698651,0.182209469153515,0.43736730360934173,1.6511111111111112
2010-02-28,0.09915014164305935,0.19077901430842625,-0.018759018759018642,0.04648074369189903,0.28815977175463625,0.49110320284697484,0.10662358642972536,0.1831442463533226,-0.05017103762827824,0.15858208955223874,0.2619047619047621
2010-03-31,0.12051282051282053,0.22777777777777808,0.06573957016434906,0.06883604505632035,0.13407821229050287,0.7783018867924527,0.0715197956577267,0.259361997226075,0.050483351235230955,0.14285714285714302,0.6956521739130435
2010-04-30,0.07133757961783438,0.20218579234972656,-0.05798816568047338,0.03990024937655856,-0.08414634146341471,0.6483870967741936,0.1258941344778255,0.12075983717774763,0.1248554913294797,0.11290322580645173,0.863036303630363
2010-05-31,0.09689922480620172,0.19999999999999996,0.004830917874396379,0.05838509316770191,0.0792951541850222,0.4719101123595506,0.22926093514328816,0.2044444444444442,0.06308411214953269,-0.02196193265007307,-0.07131901840490795
2010-06-30,0.06837606837606836,0.15906127770534573,-0.06382978723404265,0.0490196078431373,0.055488540410132625,0.6292466765140323,0.09963547995139743,0.043529411764705817,0.17212121212121212,-0.1577698695136418,0.7084468664850134
2010-07-31,0.06540880503144653,0.14267352185089988,-0.0012468827930175452,0.03836633663366351,-0.017060367454068137,0.4925149700598801,0.24220963172804533,0.2710280373831775,0.1353013530135303,-0.0197740112994349,0.7896935933147633
2010-08-31,0.05974025974025965,0.13994565217391308,0.0,0.03245942571785276,-0.03264094955489616,0.7411575562700965,0.19191919191919204,0.2697740112994351,0.06382978723404253,0.01584786053882703,0.9381818181818182
2010-09-30,-0.01529411764705868,0.01800720288115243,-0.17364016736401666,0.0,-0.08414239482200647,0.3450134770889488,0.20523415977961434,0.11210191082802545,-0.035955056179775347,-0.1354430379746837,-0.39522342064714944
2010-10-31,0.06351183063511856,0.14375000000000004,-0.05769230769230771,0.03427172582619331,0.03115727002967361,0.3277310924369745,0.21246458923512757,0.22881355932203395,0.18660287081339733,-0.03366058906030844,1.0161001788908766
2010-11-30,0.05256723716381417,0.12117503059975498,-0.07809110629067251,0.03549571603427171,0.0028248587570620654,0.28897849462365577,0.1454545454545455,0.13188220230473768,-0.023460410557184508,-0.04941482444733436,0.5919463087248322
2010-12-31,0.04166666666666674,0.1116389548693586,0.0009107468123861207,0.02328159645232808,-0.0009099181073702889,0.29905437352245867,0.0668103448275863,0.05934065934065935,-0.04525288376220049,-0.043424317617866026,1.2813852813852815
2011-01-31,0.08322824716267352,0.11980440097799505,-0.09888579387186625,0.05506883604505619,0.3061516452074391,0.23453237410071925,0.2517289073305671,0.304975922953451,0.059466019417475646,0.04579025110782853,-0.33612740989103107
2011-02-28,-0.003865979381443174,0.06809078771695587,-0.18676470588235305,0.006345177664974555,-0.23809523809523814,-0.02863961813842475,0.17956204379562024,0.027397260273972712,0.009603841536614643,0.11433172302737526,-0.3764150943396227
2011-03-31,0.0389016018306636,0.08823529411764697,-0.06049822064056931,0.024590163934426146,0.00591133004926081,-0.06984969053934564,0.2622169249106079,0.09801762114537449,0.007157464212679043,0.1811797752808988,-0.031135531135531136
2011-04-30,0.030915576694411362,0.055681818181818166,-0.08291457286432158,0.029976019184652314,0.011984021304926706,0.00391389432485334,0.16010165184243963,0.14648910411622285,0.026721479958890182,0.09710144927536213,-0.3038086802480071
2011-05-31,0.028268551236749095,0.07126436781609202,-0.09374999999999989,0.021126760563380254,-0.014965986394557707,0.22464558342420937,0.17546012269938638,0.16113161131611342,0.09890109890109877,0.08083832335329344,0.006606110652353392
2011-06-30,0.030857142857142916,0.059617547806524174,-0.010330578512396715,0.028037383177570208,-0.05485714285714283,0.029918404351767736,0.15911602209944764,0.06764374295377684,0.03619441571871751,0.04507042253521121,-0.05183413078149912
2011-07-31,0.024793388429751984,0.03712035995500562,-0.14856429463171028,0.0345649582836709,0.029372496662215974,0.02306920762286868,0.08893956670467507,-0.03256302521008414,0.03033586132177679,0.12247838616714701,-0.09494163424124502
2011-08-31,0.03921568627450989,0.05244338498212153,-0.09387222946544971,0.049576783555018045,0.016871165644171793,-0.07756232686980591,0.2506053268765134,0.07675194660734141,0.01777777777777767,0.06864274570982865,0.321763602251407
2011-09-30,0.04898446833930703,0.07075471698113223,-0.012658227848101222,0.043165467625899234,0.037691401648998646,-0.11022044088176353,0.15657142857142858,0.09392898052691878,0.06876456876456882,0.08491947291361646,0.0394904458598726
2011-10-31,0.03512880562060894,0.04262295081967227,0.017857142857142794,0.03668639053254452,-0.012949640287769904,-0.10759493670886078,0.08060747663551404,0.008045977011494232,0.035282258064516236,0.004354136429608024,-0.2866015971606033
2011-11-30,0.02671312427410011,0.03711790393013126,-0.07058823529411762,0.03309692671394826,0.030985915492957927,0.01564129301355588,0.006349206349206327,0.010180995475113086,0.012012012012011741,-0.061559507523939905,-0.026981450252950956
2011-12-31,0.01684210526315777,0.02350427350427342,0.016378525932666088,0.018418201516793076,-0.020947176684881774,0.05459508644222022,0.02626262626262621,0.06431535269709543,0.006505576208178265,-0.012970168612191801,-0.20398481973434535
2012-01-31,-0.01396973224679865,-0.031659388646288145,-0.10819165378670781,0.0011862396204034287,0.027382256297918905,0.1981351981351982,0.05082872928176796,0.08733087330873324,0.04696449026345939,-0.134180790960452,-0.23611111111111116
2012-02-29,0.09443725743855103,0.15250000000000008,0.08318264014466559,0.059268600252206705,0.10029069767441867,0.32432432432432434,0.1831683168316831,0.21066666666666678,0.18430439952437583,-0.028901734104046284,1.0862329803328294
2012-03-31,0.007709251101321701,0.008316008316008316,-0.07070707070707072,0.017142857142857126,-0.003917727717923425,0.018060836501901045,-0.08876298394712012,0.04112337011033107,0.10152284263959399,-0.135552913198573,-0.09829867674858217
2012-04-30,0.0,0.0,-0.07397260273972606,0.005820721769499437,-0.0026315789473684292,0.06822612085769975,-0.02300109529025196,0.08975712777191136,0.02902902902902893,-0.09114927344782042,0.1832061068702291
2012-05-31,0.024054982817869552,0.032188841201716833,-0.03846153846153866,0.024137931034482696,0.02900552486187835,-0.08726625111309005,-0.02609603340292277,0.11970338983050843,0.04400000000000004,0.05124653739612195,-0.2518457752255948
2012-06-30,0.0011086474501109667,0.007430997876857859,-0.13883089770354895,0.012499999999999956,0.021765417170495738,-0.176056338028169,-0.08579599618684464,0.11298838437170011,0.015968063872255467,-0.005390835579514808,-0.18839360807401184
2012-07-31,0.016129032258064502,0.0,0.03372434017595305,0.016129032258064502,0.09987029831387817,-0.025490196078431282,-0.027225130890052407,0.17589576547231278,-0.02628811777076767,-0.030808729139923052,-0.06620808254514188
2012-08-31,-0.001179245283018715,-0.01245753114382786,-0.05323741007194249,0.008064516129032251,0.030165912518853588,-0.16416416416416424,-0.1529525653436592,0.04752066115702491,-0.0010917030567684227,-0.15474452554744533,-0.40383250532292414
2012-09-30,0.013667425968109326,0.0022026431718060735,-0.01666666666666672,0.02298850574712641,0.02951191827468791,-0.1283783783783784,-0.0741106719367588,0.011518324607329822,0.004362050163576825,0.006747638326585648,0.11642156862745101
2012-10-31,-0.004524886877828149,-0.008385744234800985,-0.08270676691729317,0.005707762557077611,0.0014577259475221371,-0.10047281323877066,0.0897297297297297,0.20866590649942984,-0.043816942551119786,0.059248554913294615,0.09577114427860689
2012-11-30,0.020361990950226172,0.030526315789473735,0.022784810126582178,0.014874141876429992,-0.012295081967213295,-0.22381930184804932,0.03785488958990557,0.07054871220604686,-0.0059347181008899685,0.13994169096209919,-0.41681109185441956
2012-12-31,0.0,0.001043841336117124,-0.08504923903312445,0.007446808510638281,0.029767441860465205,-0.29249352890422775,0.02460629921259838,-0.03703703703703709,-0.08033240997229918,0.19316688567674123,0.12991656734207369
2013-01-31,0.03896103896103886,0.09019165727170253,0.0797227036395145,0.018957345971563955,-0.08635394456289969,-0.30642023346303504,0.11987381703470024,0.037330316742081315,-0.0382932166301968,0.068515497553018,0.5256198347107439
2013-02-28,-0.013002364066193817,-0.08242950108459879,0.028380634390651194,0.004761904761904967,0.22457067371202122,-0.3302411873840445,-0.05439330543933052,-0.0583700440528635,-0.15863453815261053,-0.0803571428571429,-0.46410442349528636
2013-03-31,-0.004371584699453646,-0.017525773195876337,0.033967391304347894,0.00786516853932584,-0.053097345132743556,-0.16900093370681601,0.04352331606217641,-0.0664739884393063,-0.16129032258064513,0.013755158184318939,0.15408805031446526
2013-04-30,0.039215686274509665,0.02475780409041972,0.1923076923076923,0.02777777777777768,0.11477572559366744,-0.16879562043795615,0.03587443946188351,-0.02810077519379861,-0.08073929961089488,0.10029069767441867,-0.12150537634408598
2013-05-31,0.016778523489932695,0.0,0.12137931034482752,0.016835016835016647,0.028187919463087185,-0.0760975609756096,-0.017148981779206762,-0.05960264900662238,-0.0814176245210727,-0.021080368906456037,0.17543859649122817
2013-06-30,0.007751937984496138,-0.012644889357218081,0.1466666666666665,0.010101010101010166,-0.022485207100591764,0.0608974358974359,-0.03441084462982291,-0.0654648956356737,-0.07858546168958747,-0.017615176151761558,-0.025906735751295207
2013-07-31,0.017006802721088343,0.018438177874186668,0.11063829787234059,0.006802721088435382,0.03183962264150941,0.03822937625754519,0.009687836383207582,-0.03693444136657431,-0.01295896328293722,0.1417218543046359,-0.11049723756906082
2013-08-31,0.031877213695395534,0.03555045871559637,0.16109422492401237,0.016000000000000236,0.036603221083455484,0.09461077844311383,0.053714285714285825,-0.06706114398422092,-0.012021857923497303,0.2642487046632127,0.3833333333333335
2013-09-30,-0.010112359550561778,-0.034065934065933945,0.05606258148631027,-0.003370786516853963,0.005512679162072764,0.006459948320413522,0.0,0.010351966873705987,-0.07817589576547213,-0.09383378016085797,-0.30076838638858394
2013-10-31,0.04431818181818192,0.04122621564482043,0.1680327868852458,0.02951191827468791,0.09170305676855883,0.2772667542706966,0.04662698412698396,-0.0037735849056603765,0.012219959266802416,0.12005457025920863,0.33371169125993183
2013-11-30,0.015521064301551979,-0.003064351378958219,0.11386138613861396,0.018038331454340417,0.015214384508990486,0.18253968253968278,0.04052684903748727,0.0052301255230124966,0.03681592039800985,0.0421994884910486,0.2555720653789004
2013-12-31,0.021739130434782705,0.02815432742440027,0.03326810176125239,0.017951425554382228,0.0072267389340561206,0.24878048780487805,-0.02113352545629188,0.1265182186234819,-0.016064257028112428,-0.1145374449339207,0.03902953586497904
2014-01-31,0.011363636363636465,-0.042399172699069454,0.115569823434992,0.0255813953488373,0.1248541423570595,0.10238429172510521,-0.10985915492957743,-0.13849509269356597,-0.004550625711035372,0.14809160305343516,-0.22535211267605637
2014-02-28,0.017964071856287456,0.04018912529550822,0.06493506493506485,0.01540284360189581,-0.10679611650485443,0.22714681440443196,0.02433628318584069,-0.03625730994152032,0.06205250596658707,0.25889967637540456,0.005412719891745521
2014-03-31,0.028540065861690556,0.030430220356768345,0.024967148488830526,0.026755852842809347,0.039460020768431914,0.1359550561797751,0.1042701092353524,0.0020639834881319707,0.003296703296703285,0.15332428765264594,-0.14350590372388738
2014-04-30,0.01664816870144281,0.025210084033613356,0.031017369727047273,0.012387387387387427,-0.008284023668639007,0.1503841931942922,0.051948051948051965,-0.011964107676968982,-0.02857142857142858,0.19947159841479523,0.19094247246022023
2014-05-31,-0.002200220022002153,-0.01975051975051989,-0.011070110701106861,0.011037527593819041,-0.019582245430809442,0.08447729672650484,0.04252998909487449,-0.07344064386317928,-0.060479666319082526,0.11440107671601618,0.06996268656716409
2014-06-30,0.018681318681318615,0.007470651013874008,-0.01374207188160681,0.025555555555555554,0.04479418886198561,-0.05840886203423967,0.08099352051835851,0.0,-0.07675906183368864,0.14206896551724135,0.13617021276595742
2014-07-31,0.031215161649944312,0.04153354632587858,-0.007662835249042099,0.03153153153153143,0.006857142857142895,-0.05523255813953498,-0.005330490405117239,-0.05465004793863848,0.1400437636761489,0.09860788863109038,0.3519668737060042
2014-08-31,0.00686498855835227,-0.025470653377630104,-0.007853403141361404,0.021372328458942436,0.08615819209039577,-0.12144420131291034,-0.01626898047722347,-0.07505285412262153,-0.05420353982300885,0.07103825136612008,-0.49139414802065406
2014-09-30,0.017026106696935273,0.020477815699658564,-0.03950617283950619,0.027057497181510515,-0.021929824561403577,0.1322207958921695,0.0554962646744932,0.040983606557376984,0.08480565371024706,0.18934911242603558,0.3265306122448979
2014-10-31,0.0032644178454841466,-0.028426395939086246,-0.056140350877192935,0.026460859977949225,0.03866666666666663,-0.06790123456790143,-0.048341232227488096,-0.08049242424242431,-0.08249496981891358,0.03654080389768577,-0.4791489361702128
2014-11-30,-0.004366812227074135,-0.03176229508196715,-0.0922222222222222,0.02214839424141757,0.03133514986376018,0.24832214765100646,-0.0720545277507304,-0.004162330905306821,-0.11900191938579652,0.1361963190184048,0.05207100591715985
2014-12-31,0.023302938196555045,0.014198782961460488,-0.029356060606060774,0.034232365145228094,0.036771300448430466,0.2138671875,0.05004906771344442,-0.038634321653189474,0.06938775510204098,0.41293532338308436,-0.24263959390862944
2015-01-31,0.0022471910112360494,0.012958963282937441,-0.0014388489208633226,0.01473922902494329,-0.1524896265560166,0.18956743002544552,0.07067510548523215,0.17341772151898738,0.05600000000000005,0.1210106382978724,-0.09650349650349654
2015-02-28,-0.0023529411764705577,-0.051136363636363646,0.0335365853658538,0.022170361726954413,0.008454106280193274,0.04401805869074504,0.04103671706263512,0.07402912621359214,-0.023595505617977408,0.028277634961439535,-0.037685060565275985
2015-03-31,0.01067235859124871,-0.011201629327902363,0.01025641025641022,0.030401737242128357,-0.06193806193806173,0.13946587537092014,0.008992805755395628,0.09062821833161716,0.0941949616648412,0.18941176470588217,-0.22163308589607622
2015-04-30,0.014192139737991383,-0.023565573770491843,-0.05896510228640184,0.04004449388209119,0.05847255369928406,0.06774809160305328,0.034979423868312765,0.07669021190716441,0.06209150326797386,0.10682819383259923,-0.39568345323741005
2015-05-31,0.006615214994487362,-0.030752916224814353,-0.01741293532338306,0.02183406113537112,0.10918774966711053,-0.0613437195715677,0.0052301255230124966,0.013029315960912058,0.08768035516093242,0.12922705314009675,-0.07497820401046218
2015-06-30,0.025889967637540368,0.010593220338983134,0.03858520900321549,0.018418201516793076,0.15874855156431056,0.16791443850267385,0.012987012987013102,0.07817258883248734,0.2009237875288683,0.23188405797101463,-0.01872659176029967
2015-07-31,-0.004324324324324502,-0.03476482617586907,0.03217503217503226,0.020742358078602807,-0.07945516458569812,0.10769230769230775,0.037513397642015,0.05273833671399597,0.009596928982725572,0.08447729672650484,-0.029096477794793296
2015-08-31,0.022727272727272707,0.011363636363636465,0.06200527704485492,0.022026431718061623,0.050715214564369004,0.16313823163138252,0.03417861080485096,0.04228571428571426,0.1169590643274856,0.2793367346938773,0.521150592216582
2015-09-30,0.044642857142857206,0.04682274247491636,0.16580976863753216,0.036223929747530415,-0.006726457399103158,0.013605442176870985,-0.01213346814964611,-0.01279527559055127,0.04017372421281218,0.20149253731343264,0.5976331360946747
2015-10-31,0.03579175704989157,0.03239289446185989,0.06691449814126393,0.031149301825993625,0.08344030808729141,0.03863134657836653,0.008964143426294813,0.05561277033985568,0.15021929824561409,0.22209165687426569,1.2467320261437909
2015-11-30,0.03837719298245612,0.021164021164021163,0.07588739290085678,0.031419284940411796,0.15852047556142668,-0.16308243727598548,0.011542497376705319,0.028213166144200663,0.16013071895424824,0.12419006479481642,0.16422947131608523
2015-12-31,0.03069306930693072,-0.01200000000000001,0.15512195121951255,0.0481444332998997,-0.009515570934255924,-0.17135961383749,-0.01121495327102806,0.031775700934579376,0.08206106870229024,0.15228873239436647,0.719839142091153
2016-01-31,0.014573991031390232,-0.008528784648187515,0.07204610951008661,0.024581005586592264,0.012239902080783294,-0.1572192513368984,-0.10344827586206906,-0.02049622437971954,0.024891774891774965,0.06287069988137595,0.5588235294117652
2016-02-29,0.027122641509433887,0.020359281437125842,0.0870206489675518,0.023972602739726012,0.033532934131736525,-0.18702702702702712,-0.06742738589211628,-0.007909604519774072,0.06329113924050622,0.03499999999999992,0.3216783216783219
2016-03-31,0.032734952481520585,0.022657054582904346,0.20558375634517767,0.025289778714436162,0.03194888178913735,-0.14583333333333337,-0.018716577540107027,0.014164305949008416,0.10610610610610594,0.042532146389713255,0.40599455040871923
2016-04-30,0.011840688912809538,-0.01678908709338922,0.13554987212276215,0.021390374331550888,-0.009019165727170098,-0.14119749776586243,-0.08946322067594437,-0.08997188378631671,0.0379487179487179,0.08059701492537319,0.8673469387755104
2016-05-31,0.04709748083242049,0.054704595185995686,0.1670886075949367,0.033119658119658224,0.03721488595438194,-0.010373443983402453,-0.09885535900104059,0.032154340836012985,0.07653061224489788,0.19144385026737964,0.413760603204524
2016-06-30,0.04626708727655093,0.03144654088050314,0.17647058823529416,0.04574468085106376,0.019000000000000128,-0.030219780219780112,-0.050295857988165715,-0.07062146892655363,0.02019230769230762,0.24901960784313726,0.5314885496183206
2016-07-31,0.030401737242128357,0.019067796610169552,0.16583541147132164,0.02887700534759352,-0.0036991368680641123,-0.06851851851851853,-0.10640495867768596,-0.06262042389210021,-0.049429657794676896,-0.10808179162609566,0.07886435331230301
2016-08-31,0.04444444444444451,0.0348314606741571,0.1987577639751552,0.03879310344827602,0.024752475247524774,0.1862955032119915,-0.09488272921108731,0.07675438596491224,0.04607329842931951,-0.12462612163509457,0.3815350389321468
2016-09-30,0.012820512820512775,-0.011714589989350488,0.09371554575523722,0.02330508474576254,-0.010158013544018019,0.1364653243847873,-0.06653019447287623,-0.039880358923230275,0.09290187891440516,-0.10973084886128359,-0.2925925925925926
2016-10-31,0.01675392670157061,-0.007085020242915019,0.18234610917537752,0.014583333333333393,0.02843601895734582,0.1275239107332624,-0.12339585389930885,0.05756097560975637,0.008579599618684375,-0.11634615384615388,-0.1781818181818181
2016-11-30,0.04540654699049629,0.061139896373056946,0.26393629124004536,0.021008403361344463,-0.005701254275940704,0.2141327623126339,-0.006224066390041583,0.09247967479674779,0.07793427230046945,0.06243996157540832,0.16811594202898572
2016-12-31,0.03746397694524517,0.05971659919028349,0.1351351351351351,0.017224880382775032,0.012227074235807933,0.32912621359223304,0.021739130434782483,0.132246376811594,0.07231040564373892,-0.11153552330022931,-0.08807482462977412
2017-01-31,0.024309392265193353,0.018279569892473146,0.14650537634408578,0.02071973827699014,0.002418379685610539,0.3857868020304569,-0.05054945054945048,0.06497797356828205,0.008447729672650395,-0.09263392857142849,-0.07745779543197617
2017-02-28,0.053960964408725554,0.09037558685446001,0.2347354138398916,0.02229654403567438,0.01969872537659323,0.47872340425531923,-0.0700778642936597,0.17198177676537596,0.06601731601731586,0.049516908212560606,0.02751322751322749
2017-03-31,0.042944785276073594,0.05035246727089615,0.20526315789473681,0.021582733812949728,0.03921568627450989,0.4806910569105689,-0.06993642143505896,0.21787709497206698,0.04796380090497743,0.07305502846299805,0.03779069767441845
2017-04-30,0.03297872340425534,0.04375667022411944,0.19819819819819817,0.01675392670157061,-0.0022753128555177415,0.3818938605619149,0.0032751091703058233,0.1699279093717816,0.0,-0.06813996316758753,0.11839708561020035
2017-05-31,0.026150627615062705,0.02178423236514515,0.1659436008676789,0.01861427094105461,0.0,0.5607966457023061,0.002309468822170979,0.2637590861889929,0.056872037914692086,-0.054757630161580084,-0.19066666666666654
2017-06-30,0.018090452261306345,0.008130081300812941,0.09298245614035072,0.016276703967446737,0.013738959764474812,0.5354107648725208,-0.01869158878504662,0.3596757852076997,0.011310084825636224,-0.11224489795918369,-0.25981308411214954
2017-07-31,0.025289778714436162,0.02494802494802495,0.13689839572192497,0.013513513513513375,0.03712871287128716,0.42047713717693846,0.06358381502890187,0.22404933196300103,0.008000000000000007,0.10262008733624461,-0.0891812865497077
2017-08-31,0.024468085106382986,0.03365906623235637,0.08911917098445588,0.01556016597510368,0.008454106280193274,0.17689530685920563,0.07067137809187263,0.23217922606924635,0.03703703703703698,0.05353075170842825,0.041867954911433136
2017-09-30,0.07805907172995785,0.10775862068965525,0.18245967741935476,0.050724637681159646,0.06613454960091225,0.35925196850393704,0.0932017543859649,0.3208722741433023,0.04584527220630363,0.18604651162790709,0.23036649214659688
2017-10-31,-0.022657054582904124,-0.04383282364933749,-0.003929273084479323,-0.010266940451745366,-0.026497695852534586,-0.0018850141376057783,-0.015765765765765605,-0.03874538745387457,-0.12381852551984873,-0.01088139281828071,0.11946902654867264
2017-11-30,0.02020202020202011,0.00390625,0.016201620162016317,0.030864197530864113,0.02408256880733939,0.11904761904761907,-0.028183716075156573,0.17767441860465127,-0.031358885017421456,0.053345388788426984,0.09677419354838701
2017-12-31,-0.002777777777777879,-0.03629417382999045,0.013392857142856984,0.010348071495766886,0.02847282139775653,0.13148283418553697,-0.01295097132284928,0.01760000000000006,-0.1282894736842105,-0.07308684436801371,0.11623931623931627
2018-01-31,0.04854368932038833,0.05385427666314668,0.15943728018757342,0.03739316239316248,0.031363088057901,0.2847985347985349,0.1689814814814814,0.2957600827300928,0.07329842931937147,0.14883148831488335,0.08611410118406893
2018-02-28,-0.005446623093681935,-0.054897739504844,-0.007692307692307665,0.02399127589967276,0.011363636363636465,0.139388489208633,0.09928229665071786,0.09135082604470335,-0.11675126903553301,-0.020713463751438566,0.36251287332646775
2018-03-31,-0.0009803921568626306,-0.02301054650047918,-0.05240174672489084,0.023138832997988024,-0.026812313803376453,0.026767330130404998,-0.021484375,0.048929663608562546,-0.1519861830742658,0.03271441202475689,0.1531279178338003
2018-04-30,0.026776519052523096,0.02249488752556239,0.0028195488721802775,0.028836251287332804,0.04332953249714944,0.048945783132530174,0.0021762785636560977,0.17429577464788748,-0.000988142292490224,0.025691699604743157,-0.12296416938110755
2018-05-31,0.021406727828746197,0.024365482233502656,-0.02139534883720917,0.023350253807106647,0.03356481481481466,-0.09402283411685708,0.06797235023041481,0.08545603944124891,-0.07354260089686104,0.025641025641025772,-0.07990115321252078
2018-06-30,0.012833168805528317,0.020161290322580516,-0.05056179775280889,0.020020020020020013,-0.015488867376572846,-0.2238622386223862,-0.040211640211640254,0.0253353204172877,-0.07082945013979491,-0.04244031830238726,0.034511784511784604
2018-07-31,0.027749229188078095,0.03346855983772823,-0.04233301975540915,0.028717948717948527,0.05489260143198105,-0.2057382785164451,-0.01521739130434796,0.08732157850545752,-0.02182539682539686,0.023762376237623783,0.07704654895666119
2018-08-31,0.023883696780893082,0.04201680672268915,-0.038058991436726974,0.01736465781409602,0.03952095808383227,-0.2369631901840491,0.00990099009900991,0.05950413223140494,-0.018339768339768248,0.11783783783783774,-0.04559505409582687
2018-09-30,-0.043052837573385516,-0.06517509727626469,-0.16794543904518333,-0.016748768472906517,-0.022459893048128343,-0.24619840695148454,-0.12437311935807427,-0.0062893081761006275,-0.18356164383561635,-0.21666666666666667,-0.12255319148936183
2018-10-31,0.07692307692307687,0.12686567164179108,-0.0167652859960552,0.05705394190871371,0.07810650887573956,-0.021718602455146452,0.08237986270022857,0.3214971209213051,0.14563106796116498,0.19031903190319044,-0.033992094861660216
2018-11-30,0.002970297029702973,0.0029182879377431803,-0.0947741364038972,0.011976047904191711,0.034714445688689866,-0.19621749408983458,-0.004296455424274814,0.005529225908372792,-0.03507194244604328,-0.06523605150214584,-0.07692307692307698
2018-12-31,0.00464252553389044,0.006937561942517156,-0.08957415565345073,0.014897579143389184,0.01342281879194629,-0.28599096191091045,-0.04592314901593242,0.08411949685534581,0.026415094339622636,0.007421150278293043,0.003828483920367498
2019-01-31,0.011316872427983515,-0.00501002004008011,-0.06268958543983827,0.025746652935118464,0.033918128654971014,-0.3022095509622239,-0.037623762376237546,0.022346368715083775,-0.04292682926829261,-0.01927194860813719,0.09811694747274524
2019-02-28,-0.018619934282585016,-0.03986332574031892,-0.08637873754152814,-0.0031948881789138905,0.010112359550561889,-0.3528018942383584,-0.1142546245919478,-0.06678539626001778,-0.042528735632183956,-0.08108108108108103,-0.41496598639455784
2019-03-31,-0.004906771344455496,-0.02060843964671255,-0.03410138248847916,0.005899705014749124,0.010204081632652962,-0.3001336898395721,0.007984031936127733,-0.020408163265306034,0.024439918533604832,-0.04965753424657515,0.012145748987854255
2019-04-30,0.011033099297893756,0.008000000000000007,-0.04779756326148077,0.01501501501501501,0.04262295081967227,-0.17300789662598715,0.07600434310532034,0.06146926536731612,0.027695351137487778,0.028901734104046284,0.21819870009285047
2019-05-31,0.01896207584830334,0.011892963330029538,-0.01425855513307972,0.022817460317460236,0.04927211646136631,-0.21126760563380276,0.03883495145631066,0.009841029523088629,0.1287512100677639,-0.059259259259259345,0.1700984780662489
2019-06-30,-0.005847953216374324,-0.018774703557312256,-0.010143702451394732,0.0,0.024582104228121793,-0.1600633914421553,0.04961411245865488,-0.09956395348837199,-0.011033099297893645,-0.10526315789473673,0.2497965825874695
2019-07-31,0.014000000000000012,0.01962708537782132,-0.03831041257367385,0.013958125623130924,0.03280542986425328,-0.16299559471365632,0.0916114790286977,0.01698841698841691,0.03346855983772823,0.045454545454545414,0.23248882265275728
2019-08-31,0.006085192697768971,-0.021169354838709853,-0.035608308605341144,0.02309236947791171,0.040322580645161255,-0.12160804020100491,0.06862745098039214,-0.021060842433697102,-0.03343166175024592,-0.045454545454545414,0.32226720647773277
2019-09-30,0.012269938650306678,0.021852237252861784,-0.027663934426229386,0.007014028056112398,0.03391684901531722,-0.13640730067243023,0.0904925544100803,-0.013449367088607556,0.030201342281878985,0.11889862327909895,0.27352085354025246
2019-10-31,0.006849315068493178,-0.002838221381267658,0.004012036108324901,0.007850834151128527,0.03951701427003318,-0.11003861003861004,0.06553911205074003,-0.05301379811183726,-0.05178907721280601,0.054528650646950005,0.2782324058919803
2019-11-30,0.02073050345508398,0.016488845780795458,-0.006849315068493067,0.02366863905325456,0.02813852813852824,-0.08529411764705885,0.02265372168284774,0.01885310290651998,-0.04473438956197584,-0.045913682277318624,0.5220588235294119
2019-12-31,0.043438077634011085,0.06496062992125995,0.056451612903225756,0.025688073394495525,0.06788079470198682,0.07775768535262206,0.03929273084479368,0.010152284263959643,0.015625,0.14456721915285442,0.49656750572082387
2020-01-31,-0.0020345879959308144,-0.043303121852970694,-0.057173678532901784,0.02108433734939763,0.040723981900452344,-0.08682328907048009,-0.0380658436213992,-0.11007025761124112,-0.06625891946992868,-0.1572052401746724,0.5478339350180506
2020-02-29,0.053571428571428825,0.0984578884934757,0.05939393939393933,0.025641025641025772,0.05672969966629604,0.19268292682926824,-0.07002457002457008,0.13931297709923673,0.11284513805522223,-0.08184143222506401,1.0736434108527133
2020-03-31,0.007889546351084853,0.06412825651302612,0.03625954198473291,-0.03714565004887582,0.10909090909090913,0.22158548233046793,-0.023762376237623783,0.030505952380952328,0.015904572564612307,0.072072072072072,0.07200000000000006
2020-04-30,-0.05357142857142849,-0.052579365079365004,-0.025590551181102428,-0.06311637080867849,-0.004192872117400381,0.01041666666666674,-0.010090817356205872,-0.12076271186440668,-0.058710298363811475,0.1264044943820224,0.07012195121951237
2020-05-31,-0.06072477962781575,-0.10479921645445633,-0.05496624879459999,-0.047526673132880504,0.008537886872998834,0.12969924812030076,-0.044652128764278265,-0.19115442278860562,-0.1595197255574614,0.1279527559055118,-0.11553175210405509
2020-06-30,0.0039215686274509665,-0.0050352467270896595,-0.02818104184457737,-0.00785083415112875,0.12571976967370446,0.2415094339622641,0.03046218487394947,0.07263922518159815,0.034482758620689724,0.2920536635706914,-0.17838541666666663
2020-07-31,-0.023668639053254448,-0.03464870067372494,-0.01736465781409602,-0.0206489675516226,0.0010952902519167917,0.32947368421052614,-0.03640040444893844,0.04403948367501909,-0.08439646712463211,-0.07770582793709524,-0.1831922611850061
2020-08-31,-0.03830645161290325,-0.03089598352214218,-0.09846153846153838,-0.045142296368989365,0.015503875968992276,0.1773455377574371,-0.07441386340468903,-0.012749003984063756,-0.11597151576805687,-0.05369807497467072,-0.3343539497856707
2020-09-30,0.02929292929292937,0.08248472505091642,0.050579557428872324,-0.003980099502487788,0.051851851851851816,0.2169076751946608,0.07037815126050417,0.04570970328789081,0.07274701411509232,0.2774049217002237,0.2520944402132521
2020-10-31,-0.033041788143829076,-0.02751423149905141,-0.08591408591408578,-0.028237585199610615,-0.023231256599788863,0.07592190889370931,-0.018849206349206282,0.0015337423312884457,-0.03475670307845091,-0.014899211218229569,-0.2823303457106273
2020-11-30,-0.0067698259187619625,0.007633587786259444,0.01576354679802927,-0.016377649325626353,-0.002105263157894832,0.20793140407288324,0.07911392405063289,-0.019275250578257408,-0.02146341463414636,0.1857555341674686,-0.42726784755770275
2020-12-31,0.0026572187776794376,0.03327171903881698,-0.028244274809160363,-0.010733452593917892,-0.01705426356589146,0.22818791946308736,0.0406427221172021,0.05025125628140681,-0.03167420814479627,-0.024135156878519748,-0.2629969418960245
2021-01-31,-0.0010193679918450993,0.09894736842105267,-0.09267734553775753,-0.04621435594886936,0.04456521739130426,0.5290827740492168,0.09625668449197855,0.22719298245614028,-0.012008733624454093,0.15025906735751304,-0.3323615160349854
2021-02-28,0.0010593220338983578,0.0356371490280778,-0.10068649885583547,-0.008333333333333193,0.020000000000000018,0.16666666666666674,0.15852047556142668,0.14321608040200995,-0.056094929881337685,0.15459610027855164,-0.2953271028037383
2021-03-31,0.05772994129158504,0.058380414312617646,-0.074585635359116,0.07817258883248734,0.023679417122040025,0.16653635652853782,0.09432048681541594,0.16462093862815896,-0.007827788649706457,-0.0008403361344536675,-0.04850746268656714
2021-04-30,0.08595387840670865,0.11623036649214669,-0.053535353535353436,0.09368421052631581,0.030526315789473735,0.3565292096219932,0.06320081549439349,0.18152610441767036,-0.01635991820040894,-0.04322527015793853,0.04202279202279202
2021-05-31,0.07924921793534923,0.1422319474835887,-0.08673469387755095,0.06313645621181263,0.10052910052910047,0.16139767054908472,0.11304347826086958,0.34939759036144546,-0.07040816326530619,0.015706806282722807,0.025086505190311525
2021-06-30,0.0732421875,0.12044534412955454,-0.07557117750439357,0.06627101879327424,0.07843137254901977,0.14133738601823698,0.08460754332313969,0.16328066215199377,-0.07450980392156858,-0.06709265175718859,0.38510301109350253
2021-07-31,0.05050505050505061,0.09870388833499533,-0.10083160083160092,0.04518072289156616,0.02297592997811826,0.15518606492478249,0.012591815320041944,0.0683636363636364,-0.03536977491961402,0.08124373119358075,0.2146558105107328
2021-08-31,0.06289308176100628,0.1137088204038259,-0.021615472127417656,0.0493319630010276,0.034896401308615044,0.16034985422740533,0.14317180616740077,0.09362389023405959,-0.0069044879171462625,0.010706638115631772,0.29990800367985293
2021-09-30,0.024533856722276592,-0.005644402634054524,-0.1133400200601804,0.04795204795204833,0.09456740442655942,0.10054844606946989,-0.013738959764475034,0.019938650306748462,-0.14878542510121462,-0.2819614711033275,-0.24939172749391736
2021-10-31,0.05728643216080398,0.060487804878048834,-0.021857923497267784,0.06212424849699394,0.06702702702702701,0.14919354838709675,-0.016177957532861553,0.05359877488514542,-0.10390946502057619,-0.1912811387900356,0.1115075825156111
2021-11-30,0.06134371957156759,0.07007575757575757,-0.07856450048496588,0.06856023506366316,0.09810126582278489,0.1410825199645076,0.0762463343108506,0.18553459119496862,-0.0588235294117645,-0.14366883116883122,0.34395501405810713
2021-12-31,0.07950530035335679,0.08676207513416823,0.0,0.07594936708860778,0.1482649842271293,0.05464480874316924,0.13351498637602188,0.18250170881749828,-0.019626168224298968,-0.042044517724649566,0.11203319502074693
2022-01-31,0.06632653061224492,0.05747126436781613,0.05044136191677162,0.08041237113402078,0.010405827263267442,-0.08997805413313831,0.06341463414634174,-0.022158684774839066,-0.01767955801104959,-0.0563063063063064,0.48908296943231444
2022-02-28,0.04761904761904745,0.06673618352450461,-0.041984732824427384,0.04726890756302504,0.046439628482972006,-0.007011393514461006,0.1391106043329533,-0.02051282051282055,-0.016000000000000014,0.1592279855247285,-0.13174182139699375
2022-03-31,0.042553191489361764,0.04804270462633431,-0.05174129353233847,0.043314500941619594,0.0871886120996439,-0.055630026809651456,-0.022242817423540506,-0.017978921264724224,0.03451676528599612,-0.12195121951219512,-0.05647058823529416
2022-04-30,0.05694980694980689,0.04878048780487809,-0.025613660618996836,0.06544754571703537,0.08682328907048009,-0.1906269791006967,-0.03643336529242547,0.0761386811692728,0.0010395010395010118,-0.07906168549087744,-0.13807245386192768
2022-05-31,0.07439613526570077,0.0862068965517242,0.07486033519553081,0.08045977011494232,-0.015384615384615441,0.07091690544412632,-0.03613281249999989,0.04395604395604402,0.021953896816685026,0.014604810996563522,0.2278481012658229
2022-06-30,0.03912647861692453,0.03342366757000925,0.011406844106463865,0.05936920222634523,-0.05138339920948631,0.04593874833555267,-0.003759398496240629,0.014230271668822736,-0.04343220338983056,-0.03852739726027388,-0.14874141876430202
2022-07-31,0.05865384615384617,0.02631578947368407,0.012716763005780285,0.07684918347742564,0.08556149732620333,-0.0267306374228925,0.10984455958549222,0.07828454731109602,-0.043333333333333335,-0.025974025974025983,-0.18708104814137716
2022-08-31,0.06410256410256432,0.01526717557251911,0.05348837209302326,0.09794319294809029,-0.0010537407797682752,0.23785594639866003,0.010597302504817163,0.12841328413284137,0.024333719582850577,0.26906779661016933,-0.1493276716206653
2022-09-30,0.04501915708812243,0.0009460737937561081,0.039592760180995334,0.07912297426120118,-0.04503676470588225,0.10465116279069764,0.020895522388059584,0.1233082706766917,-0.0047562425683708165,0.32804878048780495,0.14991896272285254
2022-10-31,0.03802281368821303,-0.026678932842686187,0.09385474860335208,0.070754716981132,-0.003039513677811523,0.14824561403508785,0.13771839671120256,0.11918604651162812,-0.009184845005740572,0.31463146314631474,0.2150882825040128
2022-11-30,0.012844036697247763,-0.05486725663716818,0.11789473684210527,0.03941338221814861,0.0009606147934679843,0.16174183514774487,0.006357856494096481,0.0431034482758621,-0.03177966101694918,0.2739336492890996,-0.0599721059972107
2022-12-31,0.00654664484451728,-0.10534979423868318,0.003927729772191801,0.06554621848739495,-0.004807692307692291,0.09261658031088071,-0.07692307692307676,0.007514450867052158,-0.051477597712106915,0.015490533562822595,0.023009950248756184
2023-01-31,-0.01531100478468883,-0.1340579710144929,0.03721488595438194,0.0467557251908397,-0.025746652935118464,-0.09807073954983914,-0.0577981651376146,0.11549707602339176,-0.08323959505061873,0.21479713603818618,-0.39296187683284467
2023-02-28,0.03434343434343434,-0.08211143695014644,0.19521912350597614,0.08525576730190587,0.009861932938856066,0.02030008826125318,-0.03803803803803818,0.04113687359760654,-0.008130081300812941,0.05306971904266389,0.3177189409368635
2023-03-31,0.01952085181898844,-0.0755517826825125,0.12172088142707271,0.060469314079422354,0.017184942716857776,0.04471256210078067,-0.03981042654028444,0.02146464646464641,-0.14775977121067685,0.13505747126436773,-0.10556940980881135
2023-04-30,-0.010045662100456543,-0.09123434704830058,0.12486308871851048,0.028906955736224038,-0.08552631578947378,0.12284820031298915,-0.10447761194029859,-0.06885660138976635,-0.10799584631360315,0.09999999999999987,0.014274385408406198
2023-05-31,-0.014388489208633337,-0.07583774250440922,0.057172557172557203,0.01152482269503552,-0.02246093750000011,-0.05150501672240804,-0.09118541033434657,-0.05723684210526314,-0.08163265306122447,-0.029635901778154228,0.013745704467353903
2023-06-30,0.0061295971978982955,-0.06031468531468542,0.08834586466165395,0.02977232924693496,0.01749999999999985,-0.0821133036282623,-0.11415094339622645,0.03890306122448983,-0.017718715393133966,0.2110418521816564,-0.011424731182795966
2023-07-31,-0.013623978201634745,-0.08134394341290885,0.10159817351598166,0.01873327386262269,-0.07783251231527111,-0.15422535211267596,-0.06909430438842201,-0.05618686868686862,-0.058072009291521565,-0.14857142857142847,-0.01124437781109433
2023-08-31,0.012974976830398388,-0.006578947368421129,0.10706401766004414,0.016949152542373058,0.0021097046413502962,-0.23748308525033834,-0.05338417540514795,-0.08633093525179858,-0.05769230769230782,-0.21368948247078456,0.20382695507487503
2023-09-30,0.028414298808432825,0.030245746691871522,0.14472252448313383,0.022084805653710182,-0.00577478344562099,-0.09473684210526312,-0.03703703703703709,-0.04216867469879515,0.0,-0.11570247933884314,0.11346018322762519
