,crnt_living_cdsn_CSI,crnt_economic_jmt_CSI,job_oppr_prop_CSI,interest_prop_CSI,hus_hld_prop_CSI,hus_hld_exp_CSI,inflation_prop,econ_sent_idx_CSI,industry_BSI,large_corp_ind,mid_corp_ind,chemical_ind,light_ind,export_ind,domestic_ind,econ_sent_idx
2003-01-01,0.8590575193634618,0.9797134104096822,0.9247424276739372,0.8461059148019502,0.89058062261421,1.0507072923790686,1.579244561042463,1.001139089726062,0.8200000000000001,0.9400000000000001,0.79,0.85,0.79,0.8200000000000001,0.84,1.01
2003-02-01,0.8555298407904337,0.9231104380989021,0.9026316850837928,0.8606738634915331,0.9110552057895529,1.0682278067255058,1.582890275806065,1.008628440074887,0.73,0.84,0.74,0.79,0.72,0.8,0.76,1.023
2003-03-01,0.7454126398461045,0.7071761514914155,0.7526258872422699,0.7832202217065168,0.838364171596237,0.971064900895426,1.397865163151472,0.9002324701990514,0.71,0.81,0.73,0.78,0.68,0.78,0.74,0.923
2003-04-01,0.750553965505153,0.5567941496321857,0.7037406998512986,0.8418986884135027,0.9154035905603419,1.0422383590971998,1.4374212524628522,0.9406959471706465,0.76,0.84,0.79,0.84,0.67,0.88,0.78,0.98
2003-05-01,0.7084902831234251,0.42712499694463973,0.630779246329288,0.8186705274842535,0.9161278343219721,1.0264323975993708,1.380055842488311,0.9121771795063636,0.74,0.84,0.74,0.79,0.7000000000000001,0.77,0.77,0.961
2003-06-01,0.6709557513714219,0.36608085342317465,0.5854800538194135,0.7694307841022441,0.8984685751176862,0.9913292433034294,1.3225229050488372,0.8771268733229899,0.71,0.77,0.6900000000000001,0.75,0.62,0.71,0.72,0.93
2003-07-01,0.664962656788962,0.38274894322109265,0.5893883268229895,0.7278285636181453,0.9006814397213141,0.9790580953809109,1.3188404928420365,0.871919675673582,0.66,0.74,0.64,0.6900000000000001,0.6,0.7000000000000001,0.66,0.9259999999999999
2003-08-01,0.7131120549226923,0.43604417939039025,0.6343180917300913,0.7809089654017467,0.9627930916048368,1.0337770732548324,1.3957602275932592,0.9300046061508259,0.68,0.76,0.65,0.7000000000000001,0.66,0.77,0.65,0.99
2003-09-01,0.7219252882883456,0.47120687738851713,0.6362935814469192,0.8312624709801082,0.9565254686738492,1.017164831364257,1.3653992795647045,0.9280757181755922,0.7000000000000001,0.8,0.7000000000000001,0.75,0.6900000000000001,0.78,0.72,0.991
2003-10-01,0.734438800118758,0.5127535372845933,0.6334804254091971,0.9257872567547739,0.9402751556444858,0.9928006636798022,1.313429490849143,0.922652156760757,0.77,0.87,0.79,0.84,0.71,0.87,0.79,0.9890000000000001
2003-11-01,0.7654800207331754,0.5553871659559428,0.6589147112849105,1.0265852009414322,0.9637961722203884,1.0282930675313504,1.355536967627045,0.9543515617590241,0.8,0.9500000000000001,0.84,0.91,0.74,0.93,0.85,1.03
2003-12-01,0.7500811791480666,0.5518592967594639,0.6576048633058923,1.0476275423037935,0.9459286721351259,1.0389062687888475,1.3810335415238124,0.942996281480219,0.81,0.9500000000000001,0.8200000000000001,0.91,0.6900000000000001,0.91,0.84,1.028
2004-01-01,0.7441563373480433,0.542034490091107,0.6788621493780252,1.0635861697441886,0.9582964013431086,1.103044181486423,1.494652056853498,0.9595011284384878,0.77,0.9500000000000001,0.8,0.88,0.73,0.93,0.81,1.06
2004-02-01,0.7321736631142801,0.5230028794700319,0.6855191141006658,1.0276169061112324,0.9555991208441001,1.1254513840816338,1.551591524222894,0.956973583000385,0.76,0.9500000000000001,0.77,0.89,0.64,0.91,0.8,1.07
2004-03-01,0.7136699995376765,0.49496263043886124,0.6756187365213091,0.9387969241445794,0.9361044778127914,1.1015044344319431,1.5437564189236082,0.9335252885611272,0.79,1.0,0.8,0.9,0.73,0.9500000000000001,0.8300000000000001,1.055
2004-04-01,0.7340989200687926,0.4895244824258781,0.6920663179968455,0.8571226250923004,0.9593434582658908,1.1010891158609735,1.5688973185594772,0.9485267797472605,0.88,1.05,0.87,0.97,0.77,1.01,0.89,1.082
2004-05-01,0.6749391557388585,0.43801467031944585,0.6431035237880363,0.7996565594170505,0.8799388999099262,0.9939075810535402,1.4347897733433135,0.8683920067066526,0.79,0.9400000000000001,0.81,0.89,0.72,0.9500000000000001,0.81,0.991
2004-06-01,0.6609619241923487,0.42246084725467603,0.6448301582151182,0.893220815490649,0.860717641824183,0.9650033030854869,1.406312908097209,0.8530812135460868,0.76,0.92,0.8,0.88,0.67,0.9500000000000001,0.8,0.966
2004-07-01,0.6555890162976976,0.41769266748841416,0.6624591254541237,1.0890771928993719,0.8537347792800988,0.9582168526395836,1.4044474871725612,0.8547892453632531,0.67,0.84,0.71,0.79,0.61,0.8,0.73,0.953
2004-08-01,0.6672179529520531,0.41229044017356714,0.6674224458206787,1.1724098485579226,0.8670329829781196,0.9760140223521699,1.4278512103995855,0.8694957181902158,0.68,0.88,0.7000000000000001,0.79,0.63,0.84,0.72,0.961
2004-09-01,0.6871930307502493,0.4000168923380188,0.6501184287251978,1.1285129585427058,0.8892322377417817,1.0057691250082466,1.4577013024278531,0.885715036446531,0.72,0.86,0.72,0.79,0.67,0.84,0.74,0.9770000000000001
2004-10-01,0.6815775162294332,0.3615256016218802,0.5788531860685698,0.9012456791460608,0.8764787069701658,0.9977952728503734,1.422138565428906,0.8597931804856584,0.72,0.88,0.73,0.8200000000000001,0.62,0.8300000000000001,0.76,0.953
2004-11-01,0.66709664677247,0.387676940932098,0.5674947352782733,0.7890045887811511,0.8553738663993276,0.9683246846463953,1.3496449893806293,0.8409232216720381,0.71,0.87,0.72,0.81,0.64,0.81,0.75,0.92
2004-12-01,0.6613258369980969,0.4807974574460219,0.6236520786531566,0.7997497320727884,0.8481474266305068,0.9438800425032313,1.2782164451904647,0.8492835978423035,0.7000000000000001,0.9,0.68,0.78,0.63,0.74,0.76,0.902
2005-01-01,0.7046901326680888,0.6794260746392752,0.7908292842931399,0.9820498258993599,0.9066098926853087,0.980581654486946,1.279893882695464,0.9381497767113381,0.71,0.87,0.71,0.79,0.67,0.79,0.75,0.953
2005-02-01,0.804987370818791,0.8834922931494339,0.9743736161894309,1.1856252000337155,1.0269236452472195,1.094266070809656,1.3962235409894033,1.083107561833535,0.76,0.91,0.74,0.8300000000000001,0.67,0.86,0.77,1.081
2005-03-01,0.8303224965131204,0.9270816322112911,0.9947970995174292,1.1923249740669248,1.0364664620674717,1.1051522747033977,1.4038825763151332,1.0987426614551266,0.8300000000000001,0.96,0.8,0.87,0.78,0.87,0.84,1.109
2005-04-01,0.8297049023746834,0.8464642696211112,0.8995852291126005,1.063431680285081,0.9989194152903076,1.083842315199296,1.3982923375251435,1.0488847283350469,0.84,0.98,0.8300000000000001,0.9,0.81,0.89,0.88,1.104
2005-05-01,0.7789682388774785,0.7337813778922931,0.7876786754544254,0.9525369050321888,0.9210811137812366,1.0114821018366675,1.3338363336051908,0.9594230817630515,0.8,0.93,0.77,0.8300000000000001,0.79,0.8200000000000001,0.8300000000000001,1.038
2005-06-01,0.761326858747838,0.6697543524865955,0.7427360954329741,0.9540314146827303,0.899999470928456,0.9946755829640366,1.3478713288696662,0.9316921899019013,0.78,0.92,0.77,0.8300000000000001,0.76,0.8300000000000001,0.81,1.021
2005-07-01,0.7306196468733566,0.6082367858256709,0.7138063206952066,1.003349992410878,0.8790260252705295,0.9720898620054382,1.3593764017439884,0.9063046920017813,0.76,0.85,0.73,0.78,0.6900000000000001,0.76,0.77,0.991
2005-08-01,0.7596019804182521,0.6281994182876596,0.7478271139641963,1.1079834621080162,0.9221694102210745,1.0218424427788808,1.4356655129451974,0.9508472824787663,0.76,0.88,0.75,0.81,0.73,0.8200000000000001,0.78,1.033
2005-09-01,0.7897783727083916,0.6835637958866697,0.788366565340597,1.1886665454811063,0.958804564508396,1.066067695215681,1.4649580853108142,0.9928480255194525,0.79,0.93,0.74,0.8200000000000001,0.76,0.81,0.81,1.067
2005-10-01,0.7926372998311778,0.7510226840367574,0.806770409657451,1.1975159856940951,0.9535335013827704,1.0653351311368022,1.3913580977449846,0.9957853811049999,0.8200000000000001,0.92,0.8200000000000001,0.87,0.8,0.89,0.84,1.054
2005-11-01,0.8255242285843385,0.8306796377555887,0.8555451869555014,1.2492347946611662,0.9860922849724543,1.1067870784956262,1.3923013709725203,1.0368105101289349,0.8300000000000001,0.96,0.8300000000000001,0.89,0.8,0.93,0.85,1.093
2005-12-01,0.8418384715844835,0.878297678207654,0.8876844033870478,1.2732492196447391,1.0003742136447753,1.127877790367572,1.3863405312824952,1.0574041087660648,0.87,0.93,0.8300000000000001,0.88,0.79,0.91,0.84,1.123
2006-01-01,0.8443257347604906,0.8940928048211108,0.9057554877400733,1.2734141838798012,0.9999586413010048,1.1325291103239779,1.3813868431897762,1.06105824283349,0.87,0.9400000000000001,0.8300000000000001,0.88,0.8200000000000001,0.91,0.85,1.149
2006-02-01,0.8484715821874683,0.8795303267072272,0.9054259815697148,1.277259519952392,0.9990174783326373,1.1308883474255254,1.3778644122593544,1.0603124753022446,0.8200000000000001,0.86,0.77,0.8200000000000001,0.72,0.88,0.77,1.1640000000000001
2006-03-01,0.8572026830520411,0.8363768684716623,0.8888185306902119,1.2893262961678067,1.0010238803663578,1.1265825422504967,1.3807487445508695,1.0586292818642655,0.85,0.93,0.88,0.92,0.81,0.93,0.89,1.171
2006-04-01,0.8602785770150652,0.7559423403386759,0.845905339428818,1.2942629553450666,0.9942599395563682,1.1065677044807545,1.3739014787480295,1.0436926075008093,0.87,0.88,0.88,0.88,0.86,0.88,0.88,1.156
2006-05-01,0.8193649177036272,0.6696921332539597,0.7748197359241646,1.2456253504326447,0.9464920369780463,1.052756413654605,1.3298861150170638,0.9861266912144975,0.8300000000000001,0.8300000000000001,0.8200000000000001,0.8300000000000001,0.8,0.8200000000000001,0.8300000000000001,1.094
2006-06-01,0.7803565052813076,0.6143655264073644,0.7192749246470171,1.2101116942222885,0.909248023465586,1.0206758818646404,1.3162124062349068,0.9401807012846934,0.8200000000000001,0.89,0.8,0.85,0.76,0.85,0.8200000000000001,1.045
2006-07-01,0.7614809288941876,0.5989960096952172,0.6932586860757646,1.2154889945677652,0.9028715208712444,1.0320914474866023,1.3617137423547245,0.9264844103831316,0.77,0.81,0.74,0.77,0.71,0.8,0.75,1.032
2006-08-01,0.7707256895513115,0.6019316261318062,0.6912799436143544,1.254800590565892,0.9231313748196928,1.066203538904968,1.4156272233997391,0.9424396106718024,0.72,0.76,0.68,0.72,0.68,0.84,0.65,1.054
2006-09-01,0.7777933815545011,0.5990723641729768,0.6854613703098812,1.2797104148663427,0.9339971043090628,1.0817050136084303,1.4226590342455365,0.951075978945066,0.81,0.88,0.8,0.8300000000000001,0.8200000000000001,0.88,0.8,1.07
2006-10-01,0.7930589503972705,0.5981534591794019,0.6848839897632745,1.3063716800985887,0.9473942389361694,1.0917981708047964,1.398559418026458,0.964725206689551,0.84,0.9,0.8300000000000001,0.86,0.8300000000000001,0.9,0.8300000000000001,1.094
2006-11-01,0.7949470182567967,0.5995671302653682,0.6812972516067667,1.2936315362712318,0.9455685808891194,1.0858362765722747,1.3712414409761982,0.9650023409601124,0.8300000000000001,0.88,0.79,0.8300000000000001,0.81,0.88,0.8,1.0959999999999999
2006-12-01,0.781994031345933,0.6022794105552299,0.673818758629959,1.2399967836301793,0.9270371801747112,1.0623655526229294,1.3401991409973442,0.9502724523503366,0.84,0.87,0.8,0.84,0.74,0.81,0.84,1.074
2007-01-01,0.7794550162940662,0.6247062247469087,0.6836606589270887,1.1874560279874213,0.9218035086872238,1.0557661444208781,1.3479735021978883,0.9510464499489496,0.79,0.8300000000000001,0.78,0.81,0.76,0.84,0.78,1.063
2007-02-01,0.8336348682544956,0.6989781144534043,0.7424244229601509,1.2351351837442723,0.9780883757348429,1.120422624018148,1.4316950040730476,1.0178353756707295,0.81,0.84,0.78,0.81,0.76,0.85,0.78,1.127
2007-03-01,0.8469101154514382,0.746315660799687,0.7639149181127602,1.2374087882683065,0.9801081155779332,1.1238112315609738,1.4203314937290643,1.031118174380321,0.85,0.89,0.81,0.85,0.8,0.86,0.8300000000000001,1.133
2007-04-01,0.8678960088825722,0.8065736514691952,0.7909476905695157,1.2683308361807715,0.9849439118054275,1.1313500790190536,1.3967155623276912,1.0500738941463952,0.87,0.9,0.84,0.87,0.8200000000000001,0.87,0.86,1.147
2007-05-01,0.8721299897553054,0.8445237005680076,0.8097542702773274,1.2735177810710396,0.9794520201767998,1.1212452498777359,1.3588209405312404,1.051604236540029,0.88,0.92,0.87,0.89,0.85,0.92,0.87,1.141
2007-06-01,0.8699740013621226,0.8689026479627974,0.8292980391531569,1.2681513827481887,0.9756040680177728,1.1074046711032108,1.3244634971410687,1.048321869313576,0.88,0.9400000000000001,0.85,0.89,0.8300000000000001,0.92,0.86,1.129
2007-07-01,0.8877475853157032,0.9064542745635003,0.8748844591481617,1.2905816130783898,1.0027875258284693,1.1231229190937213,1.3331183991219668,1.0718970811925734,0.87,0.97,0.8200000000000001,0.89,0.81,0.9,0.86,1.145
2007-08-01,0.9013097954961802,0.9188206238451235,0.8977785210969108,1.3365166930322208,1.0309723869565928,1.1490295673034638,1.373886297663245,1.0928648271165715,0.85,0.9400000000000001,0.81,0.87,0.8,0.9500000000000001,0.81,1.168
2007-09-01,0.8809426191881169,0.8747251015913764,0.8673370197549275,1.3629016938893899,1.026240087214938,1.1478475136028152,1.402995303214788,1.075238091690855,0.87,0.9500000000000001,0.8200000000000001,0.88,0.8300000000000001,0.93,0.84,1.16
2007-10-01,0.8472613834185928,0.7961185710162968,0.8045526705897612,1.3981526293880302,1.0114865912121862,1.1449010972715195,1.4495427253649777,1.0437511609600203,0.87,0.98,0.8200000000000001,0.9,0.8,0.96,0.84,1.147
2007-11-01,0.8300490539888868,0.7456902539551575,0.8051028268119538,1.3690624644541134,1.0040849333530948,1.1460536201962286,1.4759342301833744,1.0307200664912042,0.88,1.02,0.8200000000000001,0.91,0.8200000000000001,1.02,0.8300000000000001,1.138
2007-12-01,0.8126895625925206,0.7081911750285456,0.8503445025982851,1.2527849061578566,0.9844284754347189,1.1290452825322523,1.4545230444516477,1.0155287725487756,0.85,0.98,0.78,0.87,0.79,0.93,0.81,1.111
2008-01-01,0.8288607327681021,0.7124373232108624,0.9727113145866351,1.1064402996574516,0.9939383282321768,1.1415597042855752,1.448020753076084,1.0403194302743344,0.8300000000000001,0.93,0.8,0.86,0.78,0.88,0.8300000000000001,1.113
2008-02-01,0.8401947825797249,0.6913566792114915,1.0198273767139823,1.0698090658719694,1.011795421471582,1.1659581789717914,1.5097538161079849,1.0583186817808943,0.8300000000000001,0.9500000000000001,0.77,0.85,0.76,0.87,0.8200000000000001,1.137
2008-03-01,0.760944484652173,0.5762059975776461,0.887461308699383,1.0337506344705787,0.9342662502962412,1.0824821167426337,1.4822254308159313,0.9613618879447716,0.81,0.9500000000000001,0.8,0.87,0.76,0.93,0.81,1.066
2008-04-01,0.7241837864561742,0.4749333698850577,0.7410117725521502,1.1615505893745368,0.9215560645769891,1.075951315678397,1.6055488783243232,0.9173379840022137,0.85,1.0,0.8200000000000001,0.91,0.77,0.98,0.84,1.08
2008-05-01,0.665440361082588,0.38751687618679115,0.6119454621683711,1.1856622521768156,0.8683889134832622,1.019141155220887,1.605088678682532,0.8445368853513118,0.8200000000000001,1.02,0.79,0.89,0.77,0.97,0.8200000000000001,1.036
2008-06-01,0.6203758524612378,0.3375497539281512,0.5370427652794786,1.1627871584486473,0.8200550219397489,0.964907529100716,1.5593624429931447,0.7881251306464746,0.76,0.89,0.72,0.81,0.66,0.85,0.75,0.9870000000000001
2008-07-01,0.7000000000000001,0.28,0.5700000000000001,1.36,0.9,1.01,1.6300000000000001,0.75,0.75,0.9,0.71,0.81,0.63,0.86,0.73,0.9359999999999999
2008-08-01,0.79,0.42,0.73,1.28,0.99,1.09,1.42,0.92,0.73,0.86,0.71,0.77,0.71,0.8,0.75,1.018
2008-09-01,0.75,0.43,0.76,1.22,0.98,1.07,1.4000000000000001,0.91,0.73,0.76,0.72,0.74,0.68,0.78,0.71,0.978
2008-10-01,0.71,0.29,0.56,1.1400000000000001,0.92,1.0,1.47,0.79,0.64,0.73,0.64,0.68,0.62,0.74,0.63,0.8250000000000001
2008-11-01,0.72,0.29,0.47000000000000003,0.9400000000000001,0.86,0.9500000000000001,1.43,0.74,0.55,0.55,0.53,0.54,0.56,0.58,0.51,0.7120000000000001
2008-12-01,0.7000000000000001,0.25,0.41000000000000003,0.9500000000000001,0.8200000000000001,0.91,1.35,0.6900000000000001,0.51,0.41000000000000003,0.47000000000000003,0.44,0.52,0.4,0.48,0.612
2009-01-01,0.72,0.34,0.51,0.8200000000000001,0.86,0.93,1.34,0.76,0.52,0.45,0.48,0.45,0.54,0.41000000000000003,0.51,0.677
2009-02-01,0.76,0.38,0.5,0.9,0.85,0.9400000000000001,1.37,0.78,0.52,0.43,0.44,0.42,0.5,0.4,0.45,0.705
2009-03-01,0.71,0.34,0.55,0.93,0.84,0.92,1.46,0.74,0.58,0.59,0.54,0.55,0.6,0.56,0.56,0.735
2009-04-01,0.8200000000000001,0.65,0.78,0.99,0.92,1.0,1.43,0.9400000000000001,0.6900000000000001,0.72,0.64,0.66,0.72,0.72,0.64,0.904
2009-05-01,0.85,0.88,0.85,1.07,0.99,1.05,1.41,1.05,0.74,0.8,0.6900000000000001,0.73,0.71,0.81,0.68,0.956
2009-06-01,0.88,0.91,0.86,1.11,1.0,1.08,1.46,1.07,0.77,0.81,0.73,0.75,0.77,0.8,0.73,0.9890000000000001
2009-07-01,0.9,0.9500000000000001,0.87,1.1500000000000001,1.0,1.08,1.46,1.1,0.78,0.84,0.78,0.81,0.78,0.81,0.8,0.997
2009-08-01,0.9500000000000001,1.1,1.0,1.25,1.04,1.1,1.44,1.18,0.81,0.87,0.8300000000000001,0.84,0.87,0.88,0.8300000000000001,1.082
2009-09-01,0.9400000000000001,1.12,0.99,1.31,1.04,1.11,1.47,1.17,0.84,0.91,0.89,0.89,0.93,0.9,0.9,1.095
2009-10-01,0.99,1.17,1.0,1.32,1.07,1.1400000000000001,1.46,1.22,0.88,0.93,0.88,0.89,0.9,0.92,0.89,1.12
2009-11-01,0.9500000000000001,1.08,0.97,1.28,1.05,1.1300000000000001,1.46,1.17,0.85,0.91,0.86,0.88,0.88,0.89,0.87,1.085
2009-12-01,0.9400000000000001,1.04,0.98,1.27,1.04,1.1400000000000001,1.47,1.16,0.89,0.96,0.86,0.89,0.91,0.89,0.89,1.1
2010-01-01,0.9400000000000001,1.04,0.9500000000000001,1.28,1.04,1.1300000000000001,1.48,1.17,0.89,0.98,0.9,0.93,0.91,0.92,0.93,1.1300000000000001
2010-02-01,0.9400000000000001,0.98,0.91,1.25,1.03,1.1400000000000001,1.47,1.1400000000000001,0.89,0.96,0.9,0.92,0.92,0.9500000000000001,0.9,1.1620000000000001
2010-03-01,0.9400000000000001,1.0,0.9500000000000001,1.23,1.02,1.1400000000000001,1.46,1.1400000000000001,0.89,1.03,0.93,0.97,0.89,1.0,0.93,1.151
2010-04-01,0.9400000000000001,0.98,0.96,1.23,1.03,1.12,1.45,1.1400000000000001,0.9400000000000001,1.08,0.98,1.03,0.92,1.08,0.98,1.165
2010-05-01,0.93,1.01,0.99,1.23,1.02,1.1300000000000001,1.46,1.1400000000000001,0.9500000000000001,1.1,0.98,1.03,0.9500000000000001,1.06,0.99,1.157
2010-06-01,0.9500000000000001,1.03,1.02,1.28,1.04,1.1300000000000001,1.47,1.1500000000000001,0.9400000000000001,1.12,0.98,1.03,0.96,1.12,0.97,1.147
2010-07-01,0.9400000000000001,1.04,1.04,1.35,1.03,1.1500000000000001,1.48,1.1500000000000001,0.93,1.09,0.96,1.02,0.9,1.08,0.96,1.145
2010-08-01,0.9500000000000001,1.02,1.04,1.35,1.02,1.1400000000000001,1.52,1.1300000000000001,0.88,1.04,0.93,0.98,0.87,1.02,0.9400000000000001,1.1320000000000001
2010-09-01,0.91,0.97,1.02,1.3,1.03,1.1400000000000001,1.49,1.12,0.88,0.99,0.91,0.9400000000000001,0.91,0.96,0.91,1.136
2010-10-01,0.92,0.92,1.0,1.21,1.03,1.1500000000000001,1.48,1.12,0.89,1.04,0.9,0.96,0.88,0.97,0.93,1.1159999999999999
2010-11-01,0.9400000000000001,0.98,1.01,1.28,1.04,1.16,1.48,1.1500000000000001,0.9,1.01,0.91,0.9400000000000001,0.9400000000000001,0.98,0.92,1.129
2010-12-01,0.93,0.9500000000000001,0.97,1.28,1.05,1.1500000000000001,1.48,1.1400000000000001,0.9,1.04,0.91,0.97,0.88,0.99,0.93,1.113
2011-01-01,0.92,0.9,1.05,1.31,1.06,1.17,1.57,1.12,0.87,0.99,0.9,0.9500000000000001,0.8200000000000001,0.96,0.91,1.112
2011-02-01,0.92,0.85,0.97,1.37,1.04,1.1500000000000001,1.53,1.1,0.84,0.93,0.88,0.91,0.81,0.92,0.88,1.126
2011-03-01,0.84,0.66,0.86,1.3800000000000001,1.0,1.1300000000000001,1.58,0.99,0.87,1.04,0.91,0.97,0.84,0.97,0.9400000000000001,1.092
2011-04-01,0.86,0.73,0.87,1.33,0.99,1.1300000000000001,1.57,1.01,0.92,1.08,0.96,1.02,0.86,1.03,0.97,1.127
2011-05-01,0.88,0.8200000000000001,0.92,1.31,0.99,1.1400000000000001,1.56,1.05,0.9,1.0,0.9400000000000001,0.98,0.86,0.96,0.96,1.109
2011-06-01,0.87,0.79,0.9,1.31,0.99,1.12,1.53,1.02,0.88,0.99,0.9,0.9500000000000001,0.8300000000000001,0.92,0.93,1.0790000000000002
2011-07-01,0.86,0.78,0.89,1.32,1.0,1.12,1.54,1.03,0.87,0.97,0.9,0.9400000000000001,0.8200000000000001,0.9400000000000001,0.92,1.072
2011-08-01,0.85,0.7000000000000001,0.85,1.28,0.98,1.1,1.57,0.98,0.81,0.89,0.8200000000000001,0.85,0.8,0.8200000000000001,0.85,1.057
2011-09-01,0.8300000000000001,0.65,0.92,1.25,0.98,1.11,1.52,0.97,0.8200000000000001,0.86,0.84,0.84,0.85,0.8300000000000001,0.86,1.056
2011-10-01,0.85,0.66,0.87,1.22,1.0,1.12,1.52,1.0,0.8200000000000001,0.91,0.8200000000000001,0.85,0.87,0.87,0.84,1.036
2011-11-01,0.88,0.75,0.88,1.17,1.02,1.1300000000000001,1.49,1.04,0.8,0.91,0.81,0.85,0.8200000000000001,0.86,0.84,1.036
2011-12-01,0.85,0.68,0.79,1.17,0.98,1.11,1.52,0.98,0.81,0.88,0.79,0.8200000000000001,0.8300000000000001,0.8300000000000001,0.81,0.996
2012-01-01,0.8300000000000001,0.66,0.8,1.17,0.98,1.1,1.5,0.97,0.78,0.86,0.76,0.8,0.78,0.78,0.8,1.0070000000000001
2012-02-01,0.87,0.6900000000000001,0.85,1.1500000000000001,1.0,1.12,1.5,1.01,0.79,0.88,0.78,0.8300000000000001,0.76,0.85,0.8,1.044
2012-03-01,0.87,0.73,0.88,1.16,1.0,1.12,1.49,1.02,0.81,0.89,0.81,0.84,0.8,0.85,0.8300000000000001,1.055
2012-04-01,0.88,0.78,0.9,1.16,1.03,1.1300000000000001,1.47,1.06,0.8200000000000001,0.91,0.8300000000000001,0.87,0.79,0.9,0.8300000000000001,1.09
2012-05-01,0.9,0.8200000000000001,0.92,1.1500000000000001,1.01,1.1300000000000001,1.47,1.07,0.8200000000000001,0.88,0.81,0.85,0.76,0.89,0.81,1.051
2012-06-01,0.88,0.73,0.86,1.08,0.98,1.09,1.45,1.01,0.78,0.88,0.8,0.8300000000000001,0.77,0.88,0.8,1.003
2012-07-01,0.86,0.72,0.8300000000000001,1.06,0.98,1.1,1.43,0.99,0.6900000000000001,0.7000000000000001,0.72,0.71,0.73,0.74,0.7000000000000001,0.96
2012-08-01,0.88,0.6900000000000001,0.8300000000000001,0.97,0.97,1.11,1.47,1.0,0.6900000000000001,0.74,0.6900000000000001,0.72,0.71,0.75,0.6900000000000001,0.9450000000000001
2012-09-01,0.86,0.68,0.86,0.99,0.97,1.08,1.46,0.98,0.68,0.68,0.7000000000000001,0.6900000000000001,0.71,0.75,0.65,0.934
2012-10-01,0.87,0.6900000000000001,0.8200000000000001,0.92,0.99,1.07,1.44,0.99,0.68,0.6900000000000001,0.67,0.67,0.73,0.72,0.66,0.915
2012-11-01,0.87,0.68,0.8200000000000001,0.96,0.98,1.08,1.42,0.99,0.66,0.71,0.63,0.67,0.6900000000000001,0.75,0.63,0.9059999999999999
2012-12-01,0.85,0.67,0.86,0.97,0.97,1.08,1.41,0.98,0.68,0.72,0.63,0.68,0.6900000000000001,0.71,0.66,0.912
2013-01-01,0.88,0.67,0.91,0.92,1.01,1.07,1.41,1.02,0.6900000000000001,0.74,0.66,0.7000000000000001,0.7000000000000001,0.72,0.6900000000000001,0.9440000000000001
2013-02-01,0.89,0.6900000000000001,0.9,0.9,0.99,1.06,1.37,1.01,0.68,0.72,0.6900000000000001,0.72,0.64,0.71,0.71,0.9620000000000001
2013-03-01,0.9,0.73,0.93,0.9400000000000001,1.0,1.09,1.3800000000000001,1.04,0.71,0.78,0.71,0.75,0.72,0.8200000000000001,0.7000000000000001,0.983
2013-04-01,0.9,0.74,0.9,0.85,0.99,1.05,1.36,1.01,0.73,0.8,0.77,0.79,0.74,0.84,0.75,0.9790000000000001
2013-05-01,0.91,0.79,0.9400000000000001,0.84,0.99,1.06,1.35,1.04,0.73,0.8300000000000001,0.76,0.79,0.81,0.86,0.75,0.9720000000000001
2013-06-01,0.91,0.8200000000000001,0.96,0.9,0.99,1.06,1.32,1.05,0.74,0.8200000000000001,0.75,0.79,0.78,0.85,0.75,0.963
2013-07-01,0.93,0.8200000000000001,0.92,1.0,0.99,1.05,1.33,1.04,0.7000000000000001,0.75,0.6900000000000001,0.72,0.72,0.78,0.6900000000000001,0.956
2013-08-01,0.91,0.81,0.91,0.98,0.99,1.09,1.3800000000000001,1.05,0.7000000000000001,0.76,0.7000000000000001,0.73,0.74,0.79,0.7000000000000001,0.953
2013-09-01,0.89,0.77,0.9500000000000001,0.97,0.97,1.05,1.44,1.01,0.72,0.78,0.72,0.75,0.75,0.8200000000000001,0.71,0.961
2013-10-01,0.91,0.84,0.93,1.0,1.01,1.09,1.3800000000000001,1.06,0.75,0.85,0.76,0.8200000000000001,0.75,0.86,0.78,0.976
2013-11-01,0.92,0.87,0.93,1.0,1.01,1.1,1.36,1.08,0.74,0.8200000000000001,0.74,0.79,0.75,0.78,0.79,0.978
2013-12-01,0.92,0.84,0.9400000000000001,1.0,1.02,1.09,1.35,1.07,0.73,0.79,0.72,0.76,0.74,0.77,0.75,0.9770000000000001
2014-01-01,0.93,0.84,0.9400000000000001,1.02,1.03,1.12,1.3800000000000001,1.1,0.72,0.78,0.74,0.76,0.75,0.78,0.75,1.002
2014-02-01,0.93,0.85,0.9400000000000001,1.02,1.02,1.1,1.36,1.09,0.74,0.81,0.74,0.78,0.75,0.8,0.77,1.024
2014-03-01,0.91,0.88,0.96,1.03,1.02,1.11,1.36,1.09,0.75,0.81,0.81,0.81,0.78,0.78,0.8200000000000001,1.008
2014-04-01,0.93,0.91,0.96,1.04,1.01,1.1,1.35,1.09,0.77,0.86,0.79,0.8300000000000001,0.8,0.81,0.8200000000000001,1.021
2014-05-01,0.91,0.76,0.91,1.02,1.01,1.08,1.36,1.05,0.74,0.8300000000000001,0.75,0.8,0.73,0.77,0.81,1.006
2014-06-01,0.92,0.79,0.93,0.99,1.02,1.1,1.35,1.08,0.71,0.81,0.72,0.78,0.7000000000000001,0.75,0.78,0.9720000000000001
2014-07-01,0.91,0.75,0.9,0.96,1.01,1.09,1.35,1.05,0.7000000000000001,0.79,0.6900000000000001,0.75,0.71,0.75,0.73,0.953
2014-08-01,0.92,0.81,0.96,0.89,1.01,1.09,1.36,1.07,0.7000000000000001,0.78,0.65,0.71,0.75,0.72,0.71,0.975
2014-09-01,0.93,0.8300000000000001,0.9400000000000001,0.89,1.02,1.1,1.37,1.08,0.72,0.78,0.71,0.75,0.74,0.72,0.76,1.002
2014-10-01,0.91,0.79,0.88,0.9,1.01,1.09,1.35,1.05,0.6900000000000001,0.76,0.67,0.72,0.73,0.7000000000000001,0.73,0.9550000000000001
2014-11-01,0.9,0.74,0.86,0.9400000000000001,1.01,1.08,1.33,1.03,0.71,0.78,0.71,0.75,0.73,0.72,0.76,0.971
2014-12-01,0.89,0.71,0.8300000000000001,0.9,1.0,1.06,1.31,1.02,0.71,0.77,0.6900000000000001,0.74,0.71,0.76,0.71,0.9620000000000001
2015-01-01,0.89,0.74,0.86,0.92,1.01,1.07,1.3,1.03,0.71,0.76,0.71,0.74,0.71,0.75,0.73,0.978
2015-02-01,0.89,0.71,0.8300000000000001,0.92,1.02,1.09,1.32,1.04,0.71,0.75,0.73,0.75,0.7000000000000001,0.73,0.75,1.024
2015-03-01,0.9,0.72,0.8200000000000001,0.89,0.99,1.06,1.3,1.02,0.74,0.81,0.73,0.78,0.72,0.81,0.75,1.0070000000000001
2015-04-01,0.92,0.77,0.84,0.93,1.01,1.06,1.29,1.05,0.78,0.86,0.73,0.8200000000000001,0.72,0.8,0.8,1.03
2015-05-01,0.93,0.79,0.85,0.9400000000000001,1.01,1.07,1.29,1.06,0.75,0.78,0.65,0.73,0.72,0.74,0.72,1.0150000000000001
2015-06-01,0.9,0.65,0.79,0.93,0.98,1.05,1.31,0.99,0.66,0.73,0.5700000000000001,0.68,0.61,0.67,0.66,0.913
2015-07-01,0.89,0.63,0.8300000000000001,0.99,1.0,1.05,1.33,1.01,0.7000000000000001,0.75,0.63,0.71,0.66,0.73,0.6900000000000001,0.951
2015-08-01,0.9,0.71,0.88,1.04,1.0,1.06,1.32,1.02,0.6900000000000001,0.72,0.62,0.68,0.68,0.68,0.68,0.965
2015-09-01,0.91,0.73,0.91,1.07,1.0,1.07,1.32,1.03,0.6900000000000001,0.72,0.62,0.67,0.7000000000000001,0.6900000000000001,0.67,0.961
2015-10-01,0.92,0.81,0.9,1.06,1.01,1.08,1.31,1.06,0.73,0.74,0.66,0.71,0.72,0.75,0.6900000000000001,0.968
2015-11-01,0.92,0.79,0.89,1.1400000000000001,1.02,1.1,1.32,1.06,0.6900000000000001,0.72,0.63,0.68,0.66,0.6900000000000001,0.67,0.965
2015-12-01,0.91,0.75,0.84,1.18,1.01,1.07,1.34,1.03,0.6900000000000001,0.71,0.6,0.68,0.64,0.72,0.64,0.934
2016-01-01,0.9,0.68,0.77,1.18,1.0,1.07,1.35,1.0,0.67,0.6900000000000001,0.6,0.65,0.68,0.67,0.65,0.934
2016-02-01,0.9,0.65,0.78,1.02,0.98,1.05,1.32,0.98,0.63,0.68,0.54,0.63,0.64,0.61,0.64,0.9209999999999999
2016-03-01,0.91,0.6900000000000001,0.79,1.0,0.99,1.05,1.32,1.0,0.68,0.75,0.5700000000000001,0.67,0.7000000000000001,0.7000000000000001,0.66,0.938
2016-04-01,0.91,0.74,0.8200000000000001,1.0,0.99,1.06,1.32,1.02,0.7000000000000001,0.75,0.64,0.7000000000000001,0.72,0.6900000000000001,0.71,0.966
2016-05-01,0.91,0.7000000000000001,0.74,0.98,0.98,1.05,1.36,1.0,0.71,0.77,0.63,0.72,0.7000000000000001,0.7000000000000001,0.72,0.948
2016-06-01,0.91,0.68,0.75,0.91,0.98,1.05,1.36,0.99,0.71,0.76,0.63,0.71,0.7000000000000001,0.71,0.71,0.9440000000000001
2016-07-01,0.91,0.71,0.76,0.93,1.0,1.06,1.34,1.01,0.71,0.78,0.64,0.74,0.67,0.74,0.71,0.9570000000000001
2016-08-01,0.91,0.74,0.8300000000000001,0.96,1.0,1.06,1.32,1.02,0.72,0.78,0.59,0.71,0.71,0.75,0.68,0.9770000000000001
2016-09-01,0.91,0.72,0.8,1.07,1.0,1.07,1.35,1.02,0.72,0.75,0.64,0.71,0.6900000000000001,0.72,0.7000000000000001,0.9720000000000001
2016-10-01,0.92,0.72,0.79,1.06,1.01,1.07,1.35,1.03,0.71,0.73,0.67,0.71,0.6900000000000001,0.7000000000000001,0.71,0.9590000000000001
2016-11-01,0.9,0.6,0.68,1.12,0.98,1.06,1.3800000000000001,0.96,0.73,0.77,0.64,0.73,0.6900000000000001,0.72,0.72,0.9540000000000001
2016-12-01,0.89,0.55,0.68,1.24,0.98,1.03,1.41,0.9400000000000001,0.73,0.8,0.62,0.74,0.66,0.76,0.7000000000000001,0.9390000000000001
2017-01-01,0.87,0.51,0.6900000000000001,1.26,0.98,1.04,1.48,0.93,0.74,0.8200000000000001,0.66,0.78,0.64,0.8,0.72,0.958
2017-02-01,0.88,0.55,0.7000000000000001,1.23,0.97,1.04,1.45,0.9500000000000001,0.74,0.8300000000000001,0.66,0.78,0.68,0.8200000000000001,0.72,0.9770000000000001
2017-03-01,0.89,0.59,0.76,1.25,0.98,1.04,1.42,0.97,0.78,0.85,0.71,0.8200000000000001,0.6900000000000001,0.8200000000000001,0.78,1.0
2017-04-01,0.9,0.6900000000000001,0.86,1.23,0.99,1.06,1.41,1.02,0.8,0.88,0.75,0.85,0.75,0.86,0.81,0.996
2017-05-01,0.92,0.8200000000000001,1.1300000000000001,1.17,1.02,1.06,1.37,1.09,0.8,0.87,0.74,0.84,0.75,0.88,0.78,1.006
2017-06-01,0.9400000000000001,0.93,1.21,1.24,1.03,1.09,1.3900000000000001,1.12,0.77,0.8300000000000001,0.71,0.8,0.72,0.85,0.74,0.998
2017-07-01,0.9500000000000001,0.96,1.1,1.27,1.03,1.08,1.3900000000000001,1.12,0.78,0.8200000000000001,0.72,0.8,0.7000000000000001,0.84,0.74,0.991
2017-08-01,0.9400000000000001,0.93,1.09,1.22,1.03,1.09,1.3800000000000001,1.11,0.77,0.8200000000000001,0.73,0.8,0.73,0.84,0.75,1.001
2017-09-01,0.9400000000000001,0.87,1.01,1.18,1.03,1.07,1.3800000000000001,1.09,0.81,0.88,0.74,0.85,0.74,0.9,0.78,0.9890000000000001
2017-10-01,0.9400000000000001,0.91,0.99,1.22,1.04,1.08,1.37,1.1,0.78,0.86,0.72,0.8200000000000001,0.74,0.9,0.75,1.02
2017-11-01,0.96,0.98,1.04,1.3,1.04,1.09,1.37,1.1300000000000001,0.8,0.9,0.72,0.84,0.78,0.92,0.77,1.02
2017-12-01,0.9400000000000001,0.9500000000000001,1.02,1.32,1.04,1.09,1.3800000000000001,1.12,0.81,0.87,0.71,0.8200000000000001,0.76,0.87,0.77,1.0170000000000001
2018-01-01,0.9400000000000001,0.9,0.93,1.3,1.05,1.09,1.41,1.11,0.78,0.85,0.63,0.77,0.75,0.86,0.71,0.9940000000000001
2018-02-01,0.9400000000000001,0.89,0.93,1.28,1.03,1.08,1.3900000000000001,1.09,0.77,0.8300000000000001,0.64,0.76,0.73,0.84,0.71,1.01
2018-03-01,0.9500000000000001,0.87,0.9400000000000001,1.27,1.03,1.08,1.4000000000000001,1.09,0.77,0.8200000000000001,0.63,0.75,0.71,0.8200000000000001,0.6900000000000001,0.978
2018-04-01,0.9500000000000001,0.86,0.9400000000000001,1.28,1.02,1.07,1.3900000000000001,1.08,0.79,0.8200000000000001,0.7000000000000001,0.78,0.72,0.8300000000000001,0.74,0.996
2018-05-01,0.9500000000000001,0.89,0.96,1.28,1.01,1.08,1.4000000000000001,1.09,0.81,0.81,0.74,0.78,0.74,0.79,0.77,1.018
2018-06-01,0.9400000000000001,0.84,0.93,1.26,1.01,1.07,1.4000000000000001,1.07,0.8,0.8300000000000001,0.77,0.81,0.74,0.84,0.78,1.002
2018-07-01,0.91,0.77,0.87,1.28,0.99,1.05,1.41,1.02,0.75,0.77,0.72,0.76,0.68,0.81,0.71,0.9540000000000001
2018-08-01,0.89,0.7000000000000001,0.85,1.25,0.98,1.06,1.43,1.0,0.74,0.8,0.66,0.74,0.6900000000000001,0.8,0.6900000000000001,0.965
2018-09-01,0.9,0.64,0.78,1.26,1.01,1.11,1.48,1.01,0.75,0.79,0.67,0.74,0.68,0.8200000000000001,0.67,0.99
2018-10-01,0.91,0.67,0.79,1.35,0.99,1.11,1.46,1.0,0.73,0.76,0.65,0.71,0.6900000000000001,0.77,0.67,0.9500000000000001
2018-11-01,0.9,0.62,0.75,1.3,0.97,1.08,1.46,0.97,0.74,0.76,0.6900000000000001,0.74,0.7000000000000001,0.79,0.7000000000000001,0.9400000000000001
2018-12-01,0.89,0.62,0.74,1.32,0.99,1.09,1.46,0.98,0.72,0.73,0.6900000000000001,0.71,0.72,0.75,0.6900000000000001,0.943
2019-01-01,0.9,0.65,0.78,1.25,0.98,1.09,1.45,0.98,0.6900000000000001,0.73,0.61,0.67,0.65,0.71,0.65,0.919
2019-02-01,0.93,0.7000000000000001,0.79,1.2,0.98,1.09,1.45,1.0,0.6900000000000001,0.74,0.64,0.7000000000000001,0.65,0.75,0.66,0.971
2019-03-01,0.91,0.7000000000000001,0.79,1.1500000000000001,0.98,1.1,1.44,1.01,0.73,0.77,0.68,0.73,0.71,0.8,0.6900000000000001,0.963
2019-04-01,0.93,0.74,0.8300000000000001,1.1,0.99,1.1,1.42,1.03,0.74,0.81,0.6900000000000001,0.76,0.72,0.81,0.72,0.973
2019-05-01,0.91,0.6900000000000001,0.8,1.09,0.97,1.09,1.45,0.99,0.73,0.8200000000000001,0.6900000000000001,0.77,0.71,0.8300000000000001,0.71,0.9390000000000001
2019-06-01,0.91,0.6900000000000001,0.79,1.0,0.97,1.08,1.43,0.98,0.74,0.79,0.7000000000000001,0.76,0.7000000000000001,0.8,0.71,0.946
2019-07-01,0.91,0.67,0.77,0.9400000000000001,0.96,1.07,1.41,0.97,0.73,0.79,0.66,0.74,0.6900000000000001,0.84,0.66,0.917
2019-08-01,0.9,0.63,0.74,0.85,0.9400000000000001,1.05,1.4000000000000001,0.93,0.6900000000000001,0.78,0.59,0.7000000000000001,0.61,0.8,0.62,0.91
2019-09-01,0.92,0.68,0.79,0.85,0.97,1.06,1.34,0.98,0.72,0.79,0.64,0.72,0.68,0.81,0.66,0.937
2019-10-01,0.92,0.72,0.81,0.87,0.97,1.08,1.32,1.0,0.73,0.8,0.64,0.73,0.67,0.8,0.68,0.93
2019-11-01,0.92,0.73,0.84,0.86,0.99,1.09,1.33,1.02,0.74,0.78,0.6900000000000001,0.75,0.6900000000000001,0.78,0.71,0.9390000000000001
2019-12-01,0.92,0.74,0.84,0.91,0.98,1.09,1.35,1.01,0.76,0.8,0.68,0.75,0.68,0.8,0.7000000000000001,0.9470000000000001
2020-01-01,0.93,0.78,0.88,0.9500000000000001,1.01,1.1,1.3900000000000001,1.05,0.75,0.8300000000000001,0.6900000000000001,0.78,0.67,0.85,0.71,0.9720000000000001
2020-02-01,0.91,0.66,0.81,0.92,0.97,1.06,1.37,0.98,0.65,0.72,0.58,0.67,0.58,0.72,0.61,0.8959999999999999
2020-03-01,0.8300000000000001,0.38,0.64,0.72,0.87,0.93,1.34,0.8,0.54,0.65,0.46,0.58,0.47000000000000003,0.63,0.51,0.6859999999999999
2020-04-01,0.77,0.31,0.58,0.77,0.8300000000000001,0.87,1.32,0.73,0.51,0.59,0.45,0.54,0.44,0.55,0.51,0.614
2020-05-01,0.79,0.36,0.63,0.8200000000000001,0.87,0.91,1.31,0.79,0.53,0.5700000000000001,0.41000000000000003,0.51,0.44,0.53,0.47000000000000003,0.634
2020-06-01,0.84,0.44,0.65,0.8200000000000001,0.88,0.93,1.32,0.8300000000000001,0.56,0.58,0.45,0.52,0.47000000000000003,0.59,0.47000000000000003,0.6809999999999999
2020-07-01,0.85,0.49,0.65,0.88,0.9,0.9500000000000001,1.35,0.86,0.62,0.62,0.54,0.61,0.49,0.64,0.55,0.768
2020-08-01,0.85,0.54,0.72,0.9,0.92,0.99,1.3900000000000001,0.89,0.66,0.7000000000000001,0.62,0.7000000000000001,0.52,0.72,0.62,0.8290000000000001
2020-09-01,0.81,0.42,0.6,0.89,0.88,0.92,1.3900000000000001,0.81,0.64,0.75,0.58,0.71,0.53,0.74,0.63,0.7709999999999999
2020-10-01,0.86,0.58,0.75,0.9500000000000001,0.9400000000000001,1.0,1.3900000000000001,0.93,0.74,0.81,0.76,0.8200000000000001,0.64,0.8200000000000001,0.77,0.8840000000000001
2020-11-01,0.89,0.72,0.8200000000000001,0.97,0.96,1.04,1.3800000000000001,0.99,0.78,0.87,0.8200000000000001,0.88,0.68,0.93,0.79,0.914
2020-12-01,0.86,0.56,0.74,0.99,0.93,0.99,1.3900000000000001,0.91,0.75,0.89,0.74,0.87,0.62,0.89,0.78,0.853
2021-01-01,0.86,0.56,0.8,1.02,0.96,1.02,1.42,0.9500000000000001,0.77,0.91,0.78,0.88,0.72,0.96,0.78,0.9259999999999999
2021-02-01,0.87,0.63,0.8,1.04,0.96,1.04,1.44,0.97,0.76,0.93,0.6900000000000001,0.86,0.67,0.9400000000000001,0.74,0.9620000000000001
2021-03-01,0.89,0.72,0.84,1.1400000000000001,0.96,1.07,1.46,1.01,0.8300000000000001,0.99,0.78,0.9400000000000001,0.73,0.97,0.85,1.012
2021-04-01,0.92,0.77,0.86,1.12,0.97,1.06,1.45,1.02,0.88,1.07,0.8300000000000001,1.0,0.8200000000000001,1.09,0.88,1.053
2021-05-01,0.93,0.85,0.92,1.18,0.98,1.08,1.46,1.05,0.88,1.1,0.8,1.01,0.8,1.09,0.89,1.054
2021-06-01,0.93,0.9400000000000001,1.03,1.24,1.0,1.1300000000000001,1.47,1.11,0.88,1.07,0.88,1.02,0.8200000000000001,1.11,0.9,1.094
2021-07-01,0.91,0.8200000000000001,0.87,1.26,0.98,1.08,1.47,1.03,0.87,1.07,0.85,1.03,0.74,1.09,0.89,1.038
2021-08-01,0.91,0.77,0.86,1.26,0.99,1.07,1.49,1.03,0.87,1.06,0.8200000000000001,0.99,0.79,1.09,0.86,1.053
2021-09-01,0.91,0.78,0.88,1.34,0.99,1.09,1.49,1.04,0.84,1.01,0.78,0.9400000000000001,0.75,1.01,0.84,1.045
2021-10-01,0.92,0.8,0.9400000000000001,1.33,1.01,1.12,1.49,1.07,0.86,1.0,0.78,0.93,0.77,1.02,0.8200000000000001,1.056
2021-11-01,0.92,0.81,0.98,1.3800000000000001,1.01,1.1500000000000001,1.52,1.08,0.86,0.98,0.81,0.9400000000000001,0.78,1.02,0.8300000000000001,1.063
2021-12-01,0.91,0.79,0.89,1.37,1.0,1.1,1.51,1.04,0.87,1.03,0.87,0.99,0.79,1.09,0.87,1.045
2022-01-01,0.91,0.76,0.92,1.3900000000000001,1.0,1.11,1.52,1.05,0.86,0.97,0.8200000000000001,0.93,0.79,1.0,0.84,1.057
2022-02-01,0.9,0.75,0.93,1.3900000000000001,0.99,1.1,1.52,1.03,0.85,0.97,0.8300000000000001,0.9500000000000001,0.76,1.02,0.84,1.058
2022-03-01,0.9,0.71,0.9400000000000001,1.36,0.99,1.1400000000000001,1.54,1.04,0.8300000000000001,0.91,0.76,0.87,0.76,0.92,0.79,1.035
2022-04-01,0.92,0.74,0.9400000000000001,1.41,0.99,1.1400000000000001,1.55,1.04,0.86,0.93,0.81,0.91,0.75,0.93,0.84,1.058
2022-05-01,0.89,0.74,0.9500000000000001,1.46,0.98,1.16,1.57,1.03,0.86,0.93,0.78,0.9,0.72,0.97,0.79,1.068
2022-06-01,0.87,0.6,0.86,1.49,0.97,1.1400000000000001,1.6300000000000001,0.97,0.8200000000000001,0.9,0.75,0.87,0.68,0.9,0.78,1.026
2022-07-01,0.81,0.43,0.6900000000000001,1.52,0.93,1.12,1.6600000000000001,0.86,0.8,0.84,0.75,0.8200000000000001,0.72,0.85,0.77,0.978
2022-08-01,0.8300000000000001,0.47000000000000003,0.72,1.49,0.9400000000000001,1.1,1.58,0.89,0.81,0.86,0.73,0.8300000000000001,0.7000000000000001,0.8300000000000001,0.78,0.993
2022-09-01,0.85,0.5,0.76,1.47,0.96,1.09,1.57,0.92,0.78,0.78,0.6900000000000001,0.76,0.68,0.77,0.72,0.98
2022-10-01,0.8300000000000001,0.47000000000000003,0.7000000000000001,1.5,0.9400000000000001,1.1,1.57,0.89,0.76,0.75,0.68,0.75,0.61,0.71,0.72,0.9540000000000001
2022-11-01,0.8300000000000001,0.46,0.66,1.51,0.93,1.07,1.56,0.87,0.75,0.79,0.6900000000000001,0.78,0.59,0.75,0.74,0.912
2022-12-01,0.8300000000000001,0.51,0.7000000000000001,1.33,0.9500000000000001,1.08,1.51,0.9,0.74,0.74,0.67,0.73,0.62,0.74,0.6900000000000001,0.915
2023-01-01,0.8200000000000001,0.51,0.66,1.32,0.96,1.1,1.51,0.91,0.6900000000000001,0.66,0.66,0.68,0.58,0.66,0.66,0.9009999999999999
2023-02-01,0.8200000000000001,0.48,0.6900000000000001,1.1300000000000001,0.9500000000000001,1.12,1.53,0.9,0.6900000000000001,0.62,0.65,0.64,0.6,0.61,0.65,0.9159999999999999
2023-03-01,0.8300000000000001,0.52,0.7000000000000001,1.2,0.96,1.1,1.51,0.92,0.72,0.6900000000000001,0.71,0.72,0.63,0.64,0.74,0.915
2023-04-01,0.87,0.58,0.74,1.11,0.96,1.1,1.48,0.9500000000000001,0.72,0.68,0.73,0.71,0.65,0.64,0.74,0.938
2023-05-01,0.88,0.64,0.78,1.1400000000000001,0.97,1.11,1.46,0.98,0.76,0.71,0.75,0.75,0.64,0.7000000000000001,0.74,0.9420000000000001
2023-06-01,0.89,0.6900000000000001,0.81,1.05,0.98,1.1300000000000001,1.46,1.01,0.76,0.75,0.71,0.76,0.64,0.67,0.78,0.9570000000000001
2023-07-01,0.91,0.75,0.85,1.12,0.99,1.1300000000000001,1.44,1.03,0.74,0.72,0.72,0.74,0.62,0.68,0.74,0.941
2023-08-01,0.91,0.72,0.84,1.18,1.0,1.1300000000000001,1.47,1.03,0.71,0.7000000000000001,0.64,0.68,0.63,0.64,0.6900000000000001,0.9400000000000001
2023-09-01,0.89,0.66,0.77,1.18,0.99,1.12,1.47,1.0,0.73,0.71,0.63,0.6900000000000001,0.63,0.63,0.71,0.927
2023-10-01,0.88,0.64,0.78,1.28,0.98,1.1300000000000001,1.51,0.98,0.7000000000000001,0.73,0.64,0.7000000000000001,0.63,0.6900000000000001,0.6900000000000001,0.918
