,consumption,construction,facility,production,labor,consumer_expectation,business_expectation,current_balance,monetary_market,credit_premium
2001-01-01,,0.008810355629193174,-0.009701242676041262,0.028882264318269017,0.050847,,,-1.3348269829281854,,0.020963595023065152
2001-02-01,,0.02402160693191902,-0.0040915788226980315,0.048751791827246475,0.05377099999999989,,,-0.17094165893241844,,0.013271971268401541
2001-03-01,,0.013044362483132375,-0.015320015805609854,0.026200642094983382,0.05093500000000005,,,-0.8447697783657085,,0.013151771252836873
2001-04-01,,0.0031816163618591715,-0.03191175446157649,0.056013728965155496,0.041000999999999455,,,0.4475996997389228,,0.013112170326468135
2001-05-01,,0.004791311013568841,-0.027534707377672107,0.048893572071133914,0.036999999999999617,,,0.1836218429040536,,0.012668073543850687
2001-06-01,,-0.0013445767366528146,-0.04002029125735836,0.026138672494517904,0.03599900000000062,,,0.1975341862389917,,0.012172780171681908
2001-07-01,,0.022428119678717176,-0.03210065845596959,0.010068689004990777,0.03600000000000063,,,-1.6700842097977697,,0.012078388417344032
2001-08-01,,0.035458630951773165,-0.07183708764707566,0.03623148877269173,0.03600000000000063,,,-1.7654749154419922,,0.012833396479400181
2001-09-01,,0.0591401017476666,-0.01624138639427544,0.07771853562696945,0.03300000000000056,,,-0.15258069876801963,0.10671777947609068,0.013144714039175612
2001-10-01,,0.017988322736051495,-0.017597130770861075,0.034544811995227936,0.03300000000000056,,,0.08746172828640192,0.12065953494646886,0.014557450065979895
2001-11-01,,0.033369684869452076,-0.003100017676064347,0.07054967126036094,0.03399999999999956,,,-1.0724848630284811,0.10431102252030959,0.013544259100064099
2001-12-01,,0.03822400995902487,0.025131801894492035,0.06642010428459118,0.036999999999999617,,,-0.2694530468007989,0.10797258887774668,0.01123413542048103
2002-01-01,,0.03800021729117818,0.016338221820982934,0.10462718258068093,0.04099999999999946,,,-1.3687709846602234,0.10854593642425849,0.00983074413403277
2002-02-01,,0.04397876864619232,-0.010345916906965522,0.06197530067720162,0.040963999999999445,,,0.21951367885327244,0.1196327379339699,0.009837778267385053
2002-03-01,,0.02886703102769739,0.011999662362817536,0.08731455823139958,0.03799999999999966,,,-1.0609874562209345,0.1269436304942613,0.008223762245550588
2002-04-01,,0.017970576843963495,0.035811158224438276,0.10038769654217872,0.03399999999999956,,,-0.07685043527221883,0.13432971185619996,0.007404482137462424
2002-05-01,,0.0041732050982801455,0.03807560033758346,0.08115820384578207,0.031009999999999552,,,0.07421659049263948,0.1355642799934547,0.007275018480203121
2002-06-01,,0.01939733182544465,0.023327969112802164,0.06375017326698908,0.029039999999999927,,,-0.4311571888578721,0.13402432053085908,0.008027565271093216
2002-07-01,,0.007544921837504501,0.026959704286473315,0.10423053351949814,0.02999900000000038,,,-1.7630003113686572,0.1301448855254216,0.008588244522548895
2002-08-01,,-0.0012785726990995458,0.027291856844931402,0.07178656296596327,0.03200000000000002,,,-1.6293496259815172,0.1245870280230469,0.008338063753362253
2002-09-01,,0.009233275385861285,0.040123274312634835,0.050250477902477136,0.027019000000000147,,,0.11519884823296998,0.12541187466259124,0.0073363265399641895
2002-10-01,,0.03484442450347774,0.024264533632982723,0.10509816552298291,0.028340999999999644,,,0.5446347984316539,0.1285581915111033,0.006764576653000248
2002-11-01,,0.026694453849992104,0.04787040337931739,0.06932572173154378,0.028894999999999865,,,-3.234272034905107,0.1343452814225808,0.0061501203605479225
2002-12-01,,0.024034353334497938,0.04506750684661093,0.07917208699665572,0.031000999999999543,,,1.652984437445625,0.13284921672616543,0.006087868428034223
2003-01-01,0.004187129264394708,0.021678468623213695,-0.023275650181676,0.04117108111478774,0.036999999999999617,1.0547099013789802,0.8227074862247344,0.7756584471623085,0.12874929334362736,0.006147915004788988
2003-02-01,0.00031490108029959615,0.018955136552773155,0.043781185844204484,0.04407305620746282,0.038138999999999784,1.03942943168683,0.7397522995904326,-1.4707937088432002,0.122837233595107,0.006311802758676386
2003-03-01,0.001518686514934833,0.027798530032787698,0.020483075125230885,0.029833950078838566,0.036999999999999617,0.9377842138337907,0.7315582882736639,-1.490606882446659,0.11615259429392003,0.006598241199485563
2003-04-01,-0.004305370463031136,0.014049103274218374,-0.003337271896381474,0.020992524777256768,0.034986999999999824,0.9419054465271661,0.7673660729593222,0.19495931692938206,0.10746263483535315,0.006941057010377378
2003-05-01,-0.004345221023313071,0.029443471661042213,-0.016203354331813902,0.0010478852515221997,0.03399999999999956,0.912921867328157,0.7418185409117929,0.32955122835550965,0.0913128521665749,0.007702741663628795
2003-06-01,-0.004302987032198272,0.02895093770891557,0.010934679095731488,0.04532134404609752,0.03399999999999956,0.855404494915225,0.7114285015514709,0.5758001815491897,0.08979981373829152,0.008775172360992622
2003-07-01,-0.0026017253237309015,0.027179127175510402,-0.018227091216268882,0.011621404907965753,0.035981000000000596,0.8618986816198544,0.6718893183403648,-3.0253701323898152,0.08444579876392891,0.008763762189209174
2003-08-01,-0.0035670728119278072,0.025789447631020014,-0.006058755494117024,0.021676647822059854,0.03499999999999983,0.9243282212520334,0.6963013188162155,-0.27956394090535586,0.07210425975776359,0.008631099005860853
2003-09-01,-0.002735590382776315,0.01911257942119788,-0.014118759307784388,0.028468339195333436,0.03300000000000056,0.9245879728025999,0.7293059996148124,0.2236143209166563,0.07449697881911028,0.007655994929841293
2003-10-01,-0.0017748491471725283,0.027122952732314975,0.01246809049016797,0.029702148432836088,0.03435799999999966,0.9169593460111961,0.7770429341547523,1.8208199817874522,0.0639052054207073,0.007520832842410972
2003-11-01,-0.001257484173029443,0.014168117538306116,-0.03936265124837912,0.02555693131013749,0.03512999999999991,0.9451602764689704,0.83202540978871,1.0071014829543623,0.05613414324525049,0.007154071618984869
2003-12-01,-0.0013178147981333583,0.023976523877571168,-0.017125550622014252,0.048531026571436375,0.03799999999999966,0.9442837246404322,0.8208885031797356,0.6286818646966862,0.058659519561777305,0.007297922105859987
2004-01-01,-5.250274339535681e-05,0.016362553084490805,0.006950471722258905,0.02688097065568287,0.03999899999999933,0.9479948821770865,0.7930427311159022,-5.7507948100605395,0.05712883808820191,0.0073849683999469605
2004-02-01,0.002198374643477291,0.00878190802282227,0.006079155937484814,0.07148070350686428,0.041000999999999455,0.9444836133194406,0.7703638285440497,-7.428381304023559,0.05810785914298156,0.007284342614959673
2004-03-01,0.002396018627049084,0.022751548636398937,0.008094507169384193,0.04962369054681788,0.03999999999999933,0.9374371815080755,0.8141274664614713,-3.4890650371736798,0.05622287707932467,0.00745017244866429
2004-04-01,0.003906906954608218,0.024000707340465666,0.006342259076224952,0.03939520188024638,0.03685099999999976,0.9389563218377777,0.874059186097586,-1.519127843157267,0.05863369530724874,0.007292056416452977
2004-05-01,0.002544922854161496,0.010357206687874215,0.022638998209957566,0.038965002709355524,0.03499999999999983,0.8715616264574836,0.7935909425810556,-56.41922573141885,0.061724910829289305,0.007067338881155673
2004-06-01,0.003620699192690482,-0.001184323940253753,0.026254355420087545,0.04060835725503752,0.03399999999999956,0.8570092007057081,0.7705372355208764,-1.0568410549068188,0.06365194284410858,0.006854957857195686
2004-07-01,0.0021167989615594428,0.010450837298401782,0.021335159129183302,0.030555788873205397,0.03600000000000063,0.8583554846489091,0.7218180009094689,1.2053663116450706,0.06600192433904056,0.0067091462336134125
2004-08-01,0.004520291642593106,0.008653733064573078,0.037304653689450254,0.028103985972460915,0.03600000000000063,0.8674846185614896,0.7275694348638352,0.5467829986675078,0.06524902755587868,0.006760568897676779
2004-09-01,0.005007192095101287,0.01670660962487177,0.00803478124734824,0.030773657883183415,0.03300000000000056,0.8734975203594095,0.7388683753171843,0.09658642477409378,0.06696257759536581,0.005189823132979161
2004-10-01,0.007251095997824472,-6.174666274454451e-05,0.006259801919581556,0.02048666875715128,0.03399999999999956,0.8409807975486439,0.7432771195098091,0.1893973676796774,0.06760497426462098,0.005075158628662085
2004-11-01,0.006775527781526426,-0.00612025464784653,0.02393319916301161,0.02484114177004601,0.03499699999999983,0.8438091391326942,0.7421312262633967,0.8363898077006107,0.06970011056008096,0.004764077467434064
2004-12-01,0.007762103319904422,0.0006957746570115468,-0.004853103185842141,0.011957173921279209,0.03800399999999966,0.8542353603444759,0.7161585264187449,0.18771986518774936,0.07006957350613181,0.004704749107696469
2005-01-01,0.004696628588626161,-0.006174117136526987,0.04495273592957021,0.040072481544246454,0.042615503174603137,0.9500748530911987,0.7328059591489767,1.038509498338514,0.07053981272003848,0.004919657913912862
2005-02-01,0.005512887029338714,-0.019363580347420632,-0.021797546587251748,-0.009926272157811684,0.04300219484126928,1.0874402915167913,0.7627062027415488,0.061064908880275,0.07066223068939537,0.006242574708218612
2005-03-01,0.010302040096660983,0.005323335145798289,0.002739757738729861,0.028812128895701186,0.040994999999999455,1.104527862282867,0.8288963423066897,0.06469518005355326,0.06945627073960008,0.006362100979539342
2005-04-01,0.013709920883454994,0.007536375589174498,0.004770490571324874,0.026574379826390947,0.03799999999999966,1.0520193595843879,0.8646783108127443,-1.8158425065514614,0.06964065322691326,0.005594893842288357
2005-05-01,0.01650345308364947,0.016800598107482516,0.021093917137649767,0.03798130101011392,0.03567700000000031,0.9742688588427837,0.8126317032020914,7.109587138499378,0.07009986706822247,0.004668270816476433
2005-06-01,0.017130111315999095,0.017084673170767534,0.006219759426067292,0.03866344158967763,0.036007000000000615,0.9331065743428346,0.799619412239654,0.0003743615923435203,0.07071003087852504,0.004715740460812959
2005-07-01,0.016712797931520723,0.00022910672195286188,0.03724911598990939,0.04622425457350613,0.036999999999999617,0.9006617664973001,0.7415859870481919,-0.27019653366086216,0.0718334095894868,0.0047640600822548215
2005-08-01,0.015288983064120253,0.003087551327927206,0.0049540001521142275,0.0521713357877243,0.035981000000000596,0.9451180882576065,0.7696455977771254,0.033386114401157366,0.07246765756062663,0.004773081512731353
2005-09-01,0.014660088558116154,0.0016414189273987996,0.0037446826333834334,0.051789803374624875,0.03600000000000063,0.9878315590652577,0.7887365822572866,2.4549156082454693,0.06996992214179457,0.0056064528260758245
2005-10-01,0.015095062605241598,-3.039264781903935e-05,0.0225409195793994,0.04789231034447279,0.03600000000000063,1.0074322310581756,0.8304365773348744,0.007142745207836956,0.06976818980791583,0.005115716855602933
2005-11-01,0.017941630794985113,0.021123561621442733,0.03656445670344473,0.07952041037180417,0.03300000000000056,1.0464348524438642,0.8445407905954987,-0.14757288570978766,0.06838712483558688,0.0051696925535397115
2005-12-01,0.018069106854660243,0.004622096084561831,0.05557657656119177,0.08359824870367415,0.035001999999999825,1.0611780618161004,0.840349221212931,0.06056584882646844,0.07068134644726173,0.005221337754150783
2006-01-01,0.017031909352565888,-0.004150872638306718,-0.010207687274377642,0.05373384578454719,0.037598999999999654,1.059600585609651,0.844906690823713,-0.20065891017628307,0.07053758137637213,0.005374761405567748
2006-02-01,0.016416309534919772,0.016063672291207327,0.029482717825780932,0.08608984486095744,0.041000999999999455,1.0557533564997263,0.7802286505528684,-2.6780181126528273,0.07106817032180146,0.005523136945435105
2006-03-01,0.016207544177481405,-0.000961766160185134,0.03946993127117035,0.053421365679521486,0.03900100000000077,1.0593844832839956,0.8663236973461391,-5.2318456720637565,0.0728803207075046,0.004582055345336841
2006-04-01,0.015476372529272458,-0.012736998155129681,0.05036738685302689,0.05619266544922466,0.03499999999999983,1.032554031201143,0.8605229116929511,0.21514506883333503,0.07404000490407037,0.0038740830598986194
2006-05-01,0.01622136768454481,-0.014137416000693096,0.051174246955693545,0.061125305678005025,0.03233700000000018,0.9806056388897781,0.8146708908001339,0.06978163908377423,0.07477605118413787,0.003608547276160075
2006-06-01,0.016480945343127693,-0.008298584815232905,0.021929525188317655,0.047880601493642636,0.03399999999999956,0.9427993710479134,0.8122704346431686,0.2581455627685037,0.07480625957570027,0.0033688308566788444
2006-07-01,0.011815599070063488,-0.007784115417921639,0.011839193386758023,0.012846633992439177,0.03399999999999956,0.9362955536636933,0.7380887717790884,-0.24685510411714146,0.07412002454616089,0.003354188355197201
2006-08-01,0.016977340830255327,-0.003875966735932049,0.0700989591043151,0.06109312115369275,0.03399999999999956,0.946854541065138,0.7163462468487412,-0.38129925562712413,0.07493272263441635,0.0034824223074367768
2006-09-01,0.016980500533383017,0.027098596561292248,0.07404266525452184,0.09192394196556505,0.03200000000000002,0.947481108343495,0.8036488070575031,1.0626767458546242,0.08152274040913811,0.003591433312711702
2006-10-01,0.014581530142959914,0.0048425009197028,0.0025673932988749763,0.041007875935979266,0.03300000000000056,0.9526901055720294,0.828904907125676,0.07764072234806685,0.08577384825405948,0.0036730947381465456
2006-11-01,0.016703242909034202,0.007240116177958828,0.03444557874328975,0.05238937962196773,0.03200000000000002,0.9515839353740806,0.8035036466317158,0.21335812238907978,0.09169285801260686,0.003483932442233319
2006-12-01,0.015714127082649246,0.006014458881922138,0.02411188287916724,0.04104975575335278,0.03300000000000056,0.9467999545120632,0.8138914996485404,-0.10995021140451627,0.09432606267608547,0.003681473497795043
2007-01-01,0.017034062445060557,0.024889104208711123,0.05520729167244163,0.053863085917146156,0.03600000000000063,0.9482973032607865,0.7861725919437778,-0.3922775713406277,0.09884173858651504,0.003916880328098174
2007-02-01,0.017537673419974725,0.01752774309273648,0.04366814948512323,0.05178095944380092,0.036999999999999617,0.9919447176391942,0.786800499246224,-1.361525699940563,0.0986484105885113,0.003949450505037883
2007-03-01,0.017423573860218124,0.0019672819836034907,0.023108189705406273,0.046969343571466406,0.03499999999999983,1.0178295599864784,0.820990808342517,0.23248000041053246,0.09999068870671665,0.004193180816156417
2007-04-01,0.015935893990234467,0.013685359405596604,0.04674660658940547,0.05089029756430731,0.03399999999999956,1.045107884069576,0.8524105385786377,0.18931368608155494,0.09866460838993758,0.003968500004683789
2007-05-01,0.017130468660274612,0.009215967763725137,0.02292451105394758,0.052221758058492045,0.03200000000000002,1.0446713526031772,0.8651134663672493,25.433682942413995,0.09934626712181512,0.003985429994280536
2007-06-01,0.017238614261899474,0.0033543365016234965,0.025030825608764504,0.06880000032468711,0.03200000000000002,1.0455254752053986,0.8675561981385956,0.19847539060416158,0.09715890096542956,0.004054324817589782
2007-07-01,0.01826794379628407,0.013512648403760423,0.021113379057874807,0.10520283059340325,0.03272000000000038,1.0657641007886536,0.8633174296524168,0.11838255465207001,0.09467294874204878,0.0039766527883908906
2007-08-01,0.016876788885696346,0.011160141191116218,0.010025288568378367,0.07202117115156961,0.031010999999999553,1.0879464540144799,0.8249145948339281,0.7595103974829801,0.09946308866272144,0.00421479403496769
2007-09-01,0.014329663099657266,-0.012967987910185904,-0.017930802901408457,0.01213324852888326,0.03000000000000038,1.0755596610973293,0.8442265590126385,0.0542391646131669,0.10441997539136462,0.004835808629000502
2007-10-01,0.017357283755107804,0.0175302611931108,0.05312570818151072,0.1008788035600934,0.03000000000000038,1.0572271295812665,0.8473813811155249,0.36805401845070057,0.10664127311863761,0.005597154151241625
2007-11-01,0.015174212753958988,0.003569925307853447,0.051471062085183615,0.056602328423717874,0.03000000000000038,1.031835041951242,0.8493109237075357,0.24064075215801967,0.10523746561225505,0.006726232144896093
2007-12-01,0.01371474574954317,0.010719072043173749,0.04412863022245543,0.06456927079221297,0.030999999999999542,1.0141633732215958,0.827187278268818,0.2525676922904315,0.10914324221472857,0.009564373729120548
2008-01-01,0.0151665742169667,0.000995240410721032,0.006884766236785446,0.08589938673423302,0.03299100000000055,1.0267498326702642,0.822644492558376,-1.6088443412306581,0.11567751454634574,0.012410413270724207
2008-02-01,0.01265044139520854,-0.009942680712926,-0.003177666978672997,0.06383744811478469,0.03499999999999983,1.0251476175140761,0.8140150759470618,-1.4515685809388137,0.11896589957833265,0.01082574248943646
2008-03-01,0.008940826719868778,-0.007775350888921179,0.004903409365227858,0.06464000410333451,0.03399999999999956,0.9583106331673781,0.8140087438883165,0.008991898951268047,0.11986238823587374,0.007877325136595082
2008-04-01,0.00879727333819538,-0.008055152728369545,0.004451539786184577,0.0676407433344968,0.03200000000000002,0.9325271094804496,0.8453325259504418,0.3664481296483958,0.12372745346516142,0.009841155415611032
2008-05-01,0.00862971472881967,-0.006650027825086186,0.004582857084635835,0.05492103009170476,0.030913999999999633,0.8647260068693885,0.8304579457520295,-1.7368902462982336,0.12633571547814904,0.009842921515821805
2008-06-01,0.006562597806982977,-0.011261677868881952,0.011343821895890631,0.03118875356738209,0.030999999999999542,0.7726974266894631,0.7503390939114809,-1.4068809675372815,0.122789944212048,0.009649645711799439
2008-07-01,0.008978400270503586,-0.005671690167993523,0.04235383217906621,0.04765309379680349,0.030999999999999542,0.7823848143811334,0.7455100635990696,-1.054293876442385,0.12096016955476105,0.009645173582807785
2008-08-01,0.0047849164311786685,-0.01619483402791747,0.005299384265096811,0.014553924485465029,0.030999999999999542,0.9255877215181589,0.7377069139277624,-1.4320107182048483,0.11880486805209724,0.012640114396124271
2008-09-01,-0.007491192024895928,-0.013430932045755808,0.024917506119840838,0.04127564811818567,0.02999900000000038,0.9357882730372016,0.7251992163422138,-0.8406102648254897,0.11891755696734892,0.01491388747731273
2008-10-01,-0.011253335472489275,-0.03250308044235289,-0.04190874890470771,-0.004894517110137801,0.03000000000000038,0.8057418996212723,0.6670864382316114,0.27806652384124275,0.11830706211367326,0.024503191948255693
2008-11-01,-0.013265263575976769,-0.026621769385323953,-0.07250622657486794,-0.05247586805414175,0.030272000000000146,0.7545512382755389,0.555372793867898,1.2635298116770344,0.11672476173007044,0.028651715206908818
2008-12-01,-0.01345425217329261,-0.02243012970103748,-0.062377849558537105,-0.06379335661041585,0.03299900000000055,0.7195639942158235,0.5188092113997066,2.642417630640049,0.1099651168900539,0.039975589942685553
2009-01-01,-0.011935579318616748,0.0006059456447233577,-0.0749692208556161,-0.07476774858732434,0.03599900000000062,0.7626868099069994,0.5197456280663733,1.9218227521497737,0.08580228236641325,0.035605926274248904
2009-02-01,-0.0052012424813400624,0.01571034378956695,-0.04961978249984032,-0.030301787288229517,0.038998000000000775,0.8005085976663698,0.5198735923520872,-1.4679537929445128,0.08409581492993935,0.030836476017810706
2009-03-01,-0.002301143453306,0.0074610380563177705,-0.05359873571712617,-0.04254742224847819,0.039984999999999354,0.7552477926656713,0.5751700831285153,0.5760778195429446,0.08349987144120456,0.026889724911155894
2009-04-01,0.0010196315933655568,0.011619132337260312,-0.06382874405791822,-0.010559164858931686,0.03799999999999966,0.9513740683612146,0.6826819824600868,-1.1887087170489008,0.08026172926904433,0.019965821565533774
2009-05-01,0.0033235280620080294,0.0035927512824112033,-0.04206115751782104,-0.028295175096966614,0.03799999999999966,1.0474962778027948,0.7355693769591881,0.506698115705255,0.07981443109621814,0.013039705526068384
2009-06-01,0.0036842294556276452,0.025798639839239784,-0.015137291361783026,0.027963432078979136,0.038112999999999744,1.0630098506873744,0.7401957468211614,-1.8682022501120576,0.0792556828217517,0.011417350883096113
2009-07-01,0.004192830430897956,0.006234592231616905,-0.03972478925862068,0.011779915631589448,0.036999999999999617,1.0815147614023466,0.7853886291114983,-1.6707941769770809,0.07911131052327543,0.012899759992870356
2009-08-01,0.006101364774990091,-0.010990167924956563,-0.039906880622244095,0.010917463408563203,0.036998999999999616,1.165494427411996,0.8214424135707067,-1.3886850028265507,0.07963920973198407,0.012836428937926157
2009-09-01,0.01544577165666862,0.02640963466490631,0.02627448729336435,0.07997084934716223,0.03300000000000056,1.1658747934916152,0.8651135170349826,0.8356744287572268,0.07967205685557377,0.011481912580758815
2009-10-01,0.018043485585436586,-0.0038244449878140486,-0.0135650111261268,0.014886302024836706,0.032033000000000034,1.1823938442550843,0.8696629730405181,0.27011725401982656,0.08012623956854409,0.011251164275222629
2009-11-01,0.018909819187690066,0.015801340936664677,0.04512143991076656,0.08476397880094681,0.03300000000000056,1.1648806938777787,0.8611478755877003,0.2484655206247992,0.0797442000773364,0.0111597283643089
2009-12-01,0.02112722382300891,0.01830369273377537,0.07294759617385732,0.1261758099372571,0.03499999999999983,1.1570431600921742,0.8729152972474384,-0.1697982790023579,0.08007753974053992,0.011133546264637912
2010-01-01,0.021779956619678614,0.013126412443508576,0.10445691812380516,0.10590046717798413,0.050290999999999544,1.1549556907623695,0.8802727113922878,-13.280420109047233,0.07822663216263541,0.011387263406840261
2010-02-01,0.017431171803782078,-0.005351382507308557,0.07775423132083051,0.08886356654939825,0.0484842499999999,1.1263906511093194,0.8783794126558426,-1.1672532919626035,0.07885186046907923,0.011525044929880362
2010-03-01,0.013871090321981833,0.006137987224008712,0.11771085802979851,0.10954007179268783,0.04099999999999946,1.1332831620926598,0.8825314981450951,6.809195606350374,0.08392547178217133,0.01061573649214991
2010-04-01,0.011514286648879726,-0.013541068068037919,0.11690755148567705,0.07061647807514732,0.036999999999999617,1.1372231217477509,0.9347766781020733,-2.186953789681777,0.08343768492052485,0.009290972004861321
2010-05-01,0.009976231105132523,-0.001507254155498407,0.06790930380998887,0.09077302216840978,0.03197000000000001,1.1347317755829975,0.9380032418533593,0.3178623029117858,0.08382930278169912,0.0086231217297463
2010-06-01,0.011369792395148095,-0.017910007636528957,0.06835870301312458,0.07115176992547893,0.03499999999999983,1.1461784319562973,0.9362563268378173,0.38252320628134456,0.08373517458270753,0.009105313020985611
2010-07-01,0.012535005778427456,-0.00019052001252993728,0.07637700035701586,0.06590483996275191,0.036999999999999617,1.1573062882348404,0.9231023564923382,-1.3935969830052846,0.08244646366031892,0.009208759652867092
2010-08-01,0.012328632349095606,-0.001987179440645673,0.09845642773897978,0.055671991368451086,0.03300000000000056,1.1358511595507017,0.8823507402580963,0.45616161513461706,0.0808434687892747,0.009164371205677448
2010-09-01,0.01205589459720458,-0.037786737546635314,0.03313955006159765,-0.007396185344257837,0.034000999999999566,1.1246597072329758,0.8806746048418163,0.23382299368376788,0.0793092705385797,0.008465194855465206
2010-10-01,0.01233136709667723,-0.015121149934490034,0.07240891070258668,0.060649908918635476,0.03300000000000056,1.1027348760729085,0.88145584290945,0.2769688933702783,0.07654485171539352,0.008749864230175226
2010-11-01,0.011191879309446168,-0.0174819076551339,0.048473704989208395,0.055333571889325764,0.03000000000000038,1.1389534273984967,0.8814377446381214,0.16927745002315636,0.07543322221455705,0.008669681894731666
2010-12-01,0.010941691461458316,-0.0027647612584761638,0.03436736908998449,0.04145709808286779,0.03499999999999983,1.1209252634261113,0.8820687412346492,-1.0241443460161404,0.07374774814215798,0.009792949638476366
2011-01-01,0.011791778814098926,-0.018809263586523923,0.028984867113154393,0.07796115354397962,0.03799999999999966,1.0983188643674162,0.878153107359934,-10.715174133248597,0.071475122142822,0.00866653508966883
2011-02-01,0.010053993842675168,-0.040033181255589044,0.00542199991841257,0.008728364579070332,0.04518200000000093,1.0916211072446806,0.8633169554919016,-1.806438487589487,0.05485843571312407,0.007514160900987767
2011-03-01,0.010549150665001889,-0.007819977462812322,0.015853018695406212,0.03587668731587145,0.04293414484126938,0.9998921859595832,0.8802827793026562,-1.7534051344208277,0.04918972128746348,0.00755583972673478
2011-04-01,0.010455566882317661,-0.00865191562483849,0.011437743998872414,0.03087867634084214,0.036999999999999617,1.0208205878082062,0.924271537047738,0.00488145000693249,0.05060277734041485,0.00751081434950062
2011-05-01,0.009444681197004598,-0.01806691784609653,0.050195776367803306,0.027598316207283462,0.03200000000000002,1.0449166899864246,0.8912011914183888,-0.2099039561369668,0.04617919179954477,0.007401607294318532
2011-06-01,0.00941893190308053,0.004368717817839276,0.022598016260985034,0.03236662914385391,0.03299900000000055,1.0418277517469707,0.8788475998256682,-0.1358834406544987,0.045375470971231645,0.0074959215645570695
2011-07-01,0.00899962929184673,-0.019903836958485473,0.009227021541542271,0.028879952645447775,0.03300000000000056,1.0444797122512472,0.8778796855762441,0.2029790153412148,0.055905729370790386,0.007455729578342418
2011-08-01,0.008791448028992668,-0.013147464697323892,0.02079643933800293,0.0448837414837055,0.02999900000000038,0.996294946993527,0.8243727476599508,0.5665861425772913,0.055609886421312926,0.007573148025821707
2011-09-01,0.00632517784840803,0.0024072503102774583,0.006413862316952501,0.047693007568973954,0.03000000000000038,0.9844370472506058,0.8426153433916146,0.6161836309067722,0.06654229916589723,0.007711145865615288
2011-10-01,0.005812227832059953,0.005146034890602584,-0.014778296350037776,0.03847377636494754,0.028995999999999907,0.9998460604350078,0.826452398334051,0.20177832199879445,0.06520836294753882,0.007729768351143191
2011-11-01,0.006086769568231096,-0.01133372322933283,0.005892044739665924,0.02797151219312222,0.028975999999999898,1.0435028403638635,0.8233395081082897,0.25806617786865876,0.06404859851399007,0.00780434850485145
2011-12-01,0.007211090192973325,0.000851436579083558,0.01066909957111281,0.02032164473902594,0.03000000000000038,0.9893499076993714,0.8033981824723302,-1.3758291646729184,0.06026802023750657,0.00777395776254267
2012-01-01,0.005397022990867441,-0.017815886780247238,0.022932237204268582,-0.012489414794323384,0.03499899999999982,0.985157505719661,0.7733673389369244,-1.1696153001861116,0.06500175881737301,0.00774029185578613
2012-02-01,0.0068169159634333875,0.035989880391466,0.09316284043119391,0.08731187960418067,0.041937041666667306,1.0103243379754063,0.7967454581988533,-1.2336989497068584,0.06922578939984607,0.006968863648696393
2012-03-01,0.0050119350856013085,-0.01349053362974715,-0.009350417300711228,0.010631390119988236,0.036999999999999617,1.0228542745407811,0.8174893546996421,-1.4858363317598469,0.08025842102864582,0.007287404527082674
2012-04-01,0.005348583929650872,-0.017066522584805885,0.006469674267353246,0.0007996077239909141,0.03499999999999983,1.0599776268482297,0.8286977500430756,-0.162320590714144,0.07636537010464038,0.00715867777460129
2012-05-01,0.006358896074585287,-0.007448970534637901,-0.01739906229339313,0.02305412250480987,0.030999999999999542,1.0609638406857775,0.8087173965735283,0.262196850763983,0.07902519495650348,0.0067965715144668775
2012-06-01,0.006919994426097543,-0.03559539465882272,-0.02905166912867323,0.004332621269826156,0.031996000000000024,1.0021427724510095,0.7987480792113892,0.34710483994795677,0.08054390752777385,0.006772269033276483
2012-07-01,0.0075600696084013215,0.013268882768858101,0.0037138117511341987,0.015853598710672236,0.030999999999999542,1.0004190861663391,0.7043959973983154,0.20753484646266118,0.07793058820438536,0.0052604611375947265
2012-08-01,0.006643124695657836,-0.016038349779072744,-0.042183832368504925,0.00010389659232927815,0.03000000000000038,0.9934191911497164,0.7056140108949105,-0.2615768607044655,0.07597246695292292,0.005121260047183012
2012-09-01,0.007803469974446867,-0.00797969842031842,-0.014806499421302272,0.013502871193619809,0.02899399999999991,0.9891358506225127,0.6824042192913098,0.2106472058804514,0.07494260555353796,0.004957033559680891
2012-10-01,0.008064165391538274,-0.01748694321793518,0.006382283034245934,-0.001651654378801674,0.027931999999999558,1.008744184670144,0.6840262624231572,0.19961221994679754,0.0729584943263019,0.004755329670774452
2012-11-01,0.007686295374044892,0.001095985454040985,-0.030023188234554354,0.020274259107002507,0.02792799999999956,0.9896057794820486,0.6783991877748571,0.22109998763999048,0.07323615872745434,0.004668371804161218
2012-12-01,0.007574420148485504,-0.015604375122957774,-0.026331407111768703,0.0025048961307455545,0.0289639999999999,0.9869196362037479,0.6843266817257928,0.23763336028325024,0.07401575599467622,0.004562405407724357
2013-01-01,0.006860221398300943,0.028125164687987692,-0.02361999885682613,0.04012948624090718,0.03399999999999956,1.004655380368363,0.6932407419715719,1.0657601693514236,0.07412933475160019,0.004270260006243888
2013-02-01,0.006959515250914617,0.0031948418645912804,-0.07733746886039505,-0.013394147655753485,0.03900700000000077,1.0089567319732067,0.7020537250660907,-1.729372377702128,0.07509638615852375,0.00405056032681436
2013-03-01,0.008294570053680199,0.00950443882338432,-0.014785484325151697,-0.002265802472134096,0.03499699999999983,1.026615572827266,0.7332363661438516,0.2692671656550893,0.07197451588544482,0.004031340028259725
2013-04-01,0.0071495157533539196,0.046260330852224425,-0.014763901970286165,0.034614652242079394,0.03199900000000003,1.0225045340048173,0.7461346523906657,-21.80591750775548,0.07169647393798177,0.004115991576925884
2013-05-01,0.006822515062677715,0.02447104803524239,-0.006171623622097964,0.015883912765076155,0.03000000000000038,1.0472193853423601,0.7454339595337943,0.9546230159454092,0.07071873207454388,0.0040144952161646165
2013-06-01,0.006750504576915517,0.032171888472249964,0.0027897527901549596,0.0067944734075469524,0.030999999999999542,1.0535702875286415,0.7449707779611574,0.18950856769793906,0.07057464335375312,0.004006683835095191
2013-07-01,0.006847644178335331,0.01281520882821923,0.004498041152201124,0.017349200327911082,0.030999999999999542,1.0460674792032474,0.7111179893736667,0.07619063895220923,0.06668359782514338,0.00402462701787886
2013-08-01,0.007297945417734427,0.049400639230266295,0.0336392107724696,0.02758217182290247,0.03000000000000038,1.0461135669915165,0.7280373258131323,0.17462492107007468,0.06709323420226652,0.004002799511003184
2013-09-01,0.006619113668769728,0.005855206571790447,-0.018311871536044487,-0.01400093613865271,0.027019000000000168,1.0173309505296966,0.733571892083345,0.22144142694265673,0.06761689188407857,0.004008258924642117
2013-10-01,0.006905443451120927,0.01707987584740836,0.04407431249146218,0.039069350976514025,0.027017000000000176,1.0687263413186283,0.7828743983123544,0.19799088574726934,0.06634963007153848,0.004015997123457995
2013-11-01,0.007780711388838406,0.0278301617125313,0.0260956720385517,0.01633081722488506,0.02636099999999995,1.0716096053130986,0.7504131040296376,0.06455551838295348,0.06661942190838031,0.004042896455648736
2013-12-01,0.006957507626506079,0.007094734198229407,0.022488604652512643,0.02216082970143384,0.02999900000000038,1.08163997596806,0.729656823362707,0.0789539437548355,0.06696378180157073,0.004057263282355523
2014-01-01,0.00757428014792987,0.026912020011936925,0.003959661183723993,0.007719821406090529,0.03399999999999956,1.08665506580995,0.7279386099895008,0.07018887589911602,0.06660734557504348,0.004149368413980951
2014-02-01,0.0078038427765428605,0.01909033983551888,0.04162430616419572,0.02321769699296543,0.04501500000000103,1.0841037652411956,0.753869434574719,0.34838265331586143,0.06661325491193601,0.004018699957360792
2014-03-01,0.007096012600082794,0.0006970130881247351,0.02231627772931771,0.026454513366929836,0.03895100000000071,1.0856307737959958,0.7851448930816534,0.05317659844735292,0.0651561644425438,0.004024047885668887
2014-04-01,0.006715063446953513,0.0035882461659234783,0.033303225720193744,0.01945449697421168,0.03800199999999966,1.0783257861830766,0.8035898308072795,0.175741509306977,0.0665350179578342,0.004022774201618909
2014-05-01,0.007018243927599491,0.003986678367554664,0.021202756846324604,-0.0008644757974038966,0.03499999999999983,1.0393539715536744,0.762264184410537,0.05684782204449376,0.06673019417279759,0.004020163033592802
2014-06-01,0.007180774561654483,0.006084485864429116,0.0055213122575864335,0.01624086787522031,0.03499999999999983,1.0708796081358187,0.7354265446172825,0.23659626631938435,0.0664712012224686,0.003969365613532381
2014-07-01,0.007037013232191261,0.006689732867584063,0.008915756383339255,0.031345471271131596,0.03398899999999956,1.0356946075635203,0.7230988141382794,-0.6513266732690622,0.0720999775606514,0.00393797730169437
2014-08-01,0.007958722884653574,0.0037738519661067523,-0.02391218748856056,0.005109322514344003,0.03300000000000056,1.0686869605160536,0.710176469331258,0.1980213355647699,0.07099444749928313,0.003922658144839768
2014-09-01,0.007716883263810323,-0.0008223378593582138,0.04666676577703733,0.020598489014773628,0.03104399999999957,1.0797974995656798,0.7216261765367195,0.07271146005629935,0.07130121569640528,0.003835929286826448
2014-10-01,0.006827624430964719,-0.0009061581182911021,-0.018375458782088863,0.004630171781596112,0.03200000000000002,1.0555865121348915,0.7096192621993511,0.05009348618623483,0.07370696330677386,0.0036672977697534866
2014-11-01,0.007124004278494925,-0.006474520734657729,0.026158614741904136,-0.0011123205870303841,0.03000000000000038,1.028053066636644,0.7215347955497591,0.21867049947159742,0.07692864015073848,0.003513236523760542
2014-12-01,0.008183905026489474,-0.0048804421270023605,0.04152140508466547,0.02328795977388113,0.03322800000000032,1.021483739443586,0.7249592085904347,0.21841773250012822,0.08567436917943753,0.0035074862455157824
2015-01-01,0.007575595816079455,0.005330741902879797,0.03351756310633575,0.010613773028689604,0.036999999999999617,1.0278023136445071,0.7202059911239885,0.21815613282812057,0.08374310188622279,0.0035439742618830787
2015-02-01,0.006841732463391301,0.011767551505423511,0.007385973911919352,-0.0017764044190831502,0.044970000000000995,1.0361100464650275,0.7169874473431076,0.5496491407367028,0.08235590243484639,0.0035790356817406136
2015-03-01,0.007821987304865547,0.014320593347095404,0.023934696481869477,0.0141248273225816,0.03999899999999933,1.0198818732316086,0.7399759441735826,0.2327694618875155,0.09457452601679023,0.003474570089944338
2015-04-01,0.008054653637395624,-0.006503857242817004,0.010158433075886968,0.01458663890933207,0.03895200000000071,1.0388431580085735,0.772998758012545,0.22928336146377817,0.09643675467449052,0.003427188793710639
2015-05-01,0.0075826245847820046,0.004565918334182316,0.003571434487575061,0.0038487281569213787,0.036999999999999617,1.055556878562987,0.7214700445532711,0.08825602976933564,0.09923661906542167,0.0033497887918328704
2015-06-01,0.0037648421505860267,0.014401260449988304,0.04285715871203129,0.021607087192564465,0.038003999999999656,0.9844800884131413,0.6692473945000529,0.07621336258718078,0.101508527694172,0.003322460919629567
2015-07-01,0.006315157735176391,0.017421226096638136,0.023213077733024463,-0.0016441274430707,0.03600000000000063,0.9903485969256367,0.704997484589471,1.357330635346589,0.10189287326874401,0.003346227495997646
2015-08-01,0.008010426547014638,0.017093392540235553,0.04459839797932769,0.02021171481111784,0.03399999999999956,1.0215878178006763,0.6912828330156487,0.07643360072853936,0.1024373006547595,0.0033951234389491326
2015-09-01,0.008541281791220613,0.03195377130634008,0.02373597661617734,0.04290137490356993,0.03200000000000002,1.0230644260611486,0.6896848590697047,0.2710479545674351,0.10171036874019423,0.003431806387727828
2015-10-01,0.011348263985607829,0.01928729427156191,0.03719070093158025,0.03394815485333073,0.030999999999999542,1.0608460086302318,0.7050219844044957,0.19940481249855332,0.10045605987099719,0.003487631115345558
2015-11-01,0.010200404241477234,0.025687121670370898,-0.008686504018634633,0.03312345924305617,0.03000000000000038,1.0640535334458776,0.6893118178940388,-0.08818518852657173,0.09188893378170375,0.0036027456142418176
2015-12-01,0.009052578297232656,0.02916474481202058,0.0030565144755404657,0.03123825929667085,0.03200000000000002,1.0351050742521948,0.6790745591425861,0.06071193942021968,0.08653246574968397,0.004097461901414668
2016-01-01,0.007452039515489515,0.021788435823813037,-0.007384114879131436,0.015754416971358418,0.036999999999999617,1.003278834384922,0.6825387683728927,0.2104249675958434,0.08974837127119793,0.004272667972485223
2016-02-01,0.007933496276544997,0.0254350257270455,-0.015555222539369914,0.025242958877795138,0.049013249999999585,0.9839585756659858,0.6387011898106472,1.4486493464858772,0.09104092634811607,0.004353471450825907
2016-03-01,0.009410771970197877,0.04147820936790821,-0.005006162910370392,0.031378707152285544,0.042328703174603556,1.0084168837717589,0.6818434468458004,0.2054347871800628,0.08766445396374932,0.004347055629264644
2016-04-01,0.009337966355176993,0.027891724224637402,-0.00683821369542,0.010057938127001856,0.03900600000000077,1.0222983638729908,0.6939380638487056,-0.2734989041120994,0.08087006647185645,0.004351013171820483
2016-05-01,0.009216156432185789,0.032016471027891805,0.02226897251823986,0.043385759219495,0.03600000000000063,0.9919710232550795,0.7103796787190393,0.26562792682187647,0.07943951319532715,0.004355152590384932
2016-06-01,0.011669374929705783,0.039034350381937796,0.02356478579466248,0.043744049555088614,0.03600000000000063,0.9851643700245207,0.7089738735112441,0.07635545691535127,0.07961191887233003,0.004453155004939641
2016-07-01,0.00931524026596904,0.028224358423822305,-0.0183921822902,0.028126228882881674,0.03499999999999983,1.0157140794518973,0.7206586777015725,0.07948780556900266,0.07912404567424385,0.00439399650102043
2016-08-01,0.00725366314536187,0.03986207799159857,0.026037374119981697,0.04166415462854658,0.03600000000000063,1.024454462179371,0.7091924483069597,0.11789806413361376,0.0788398509844617,0.004366222464632645
2016-09-01,0.007194382165599355,0.02325082168951981,0.002872435833069038,0.014004944885262409,0.035131999999999906,1.021319396528487,0.7056766938201536,0.11157815632630297,0.07823923256989877,0.004359933387019385
2016-10-01,0.007103956197721277,0.03394999753225809,0.005266728762402882,0.01532572191570774,0.03300000000000056,1.024268645972923,0.7047601932095184,0.04198366483446453,0.07989680302092445,0.004369502231352045
2016-11-01,0.007165507684144175,0.04839687518803291,0.045490051287598324,0.04001471976052869,0.030999999999999542,0.9550338066412695,0.7207397152873404,0.11313385504860525,0.08256968106730887,0.004313086030339336
2016-12-01,0.007112070458638613,0.035398405286136816,0.04001938045215906,0.03752657577722963,0.03200000000000002,0.9481717104083551,0.7268759132293424,0.10351051572156474,0.07769966661983711,0.004697613971435788
2017-01-01,0.007587244255135024,0.026655141970774763,0.0414189651092435,0.022217613441296434,0.03702699999999962,0.9407540288912563,0.7313606054628615,0.06431108650038764,0.07584420212025943,0.004840845001633663
2017-02-01,0.00853422798809603,0.039972837284280215,0.07351792394231921,0.04726123546892681,0.04899924999999964,0.9489470339852828,0.7376419402915091,0.07252861996107947,0.07420952764831099,0.00489633699324881
2017-03-01,0.0077601808547252725,0.04004144882984274,0.07324500189519235,0.03968342990826846,0.04099999999999946,0.9579173894532171,0.7672437579162821,-0.27824192188658003,0.07194238437742634,0.005231155181734152
2017-04-01,0.0076860036128768685,0.03868302659829657,0.05048977020667572,0.035357984919089765,0.04189204166666738,1.0088265622263792,0.7961377756194548,0.07679160102402566,0.07408035974772356,0.00528345767784316
2017-05-01,0.00737066088959387,0.027629820359887446,0.07127596824957762,0.02538268674468897,0.035981000000000596,1.0817416182959667,0.7885038078858438,-0.2368838245528336,0.07003491386198413,0.005264590092525762
2017-06-01,0.007670258444922922,0.02184655931507915,0.05349384439910291,0.01700007792711845,0.03799999999999966,1.1109284887554287,0.7566965145744136,0.1803585325372294,0.07073538262745202,0.005369137039724868
2017-07-01,0.008969258308233266,0.02668544625506287,0.06810971245837064,0.02409967486478568,0.03399999999999956,1.1211980030543176,0.7528233510893809,0.0650090500538339,0.0696037975635009,0.005372753883990913
2017-08-01,0.007968290256858615,0.02251902384042029,0.03760837848494695,0.024279775250530947,0.03599900000000062,1.1108584485292978,0.7557415061560131,0.2261908029708625,0.06677488708219767,0.005378748168799095
2017-09-01,0.0098528982758105,0.03337877656313545,0.0819672805783308,0.07861515946683197,0.03300000000000056,1.092271200551412,0.7897049673827425,0.42172596761447856,0.06899760895789973,0.0053869545141165326
2017-10-01,0.007379859771236158,0.0036296309799792397,0.0017316975046630866,-0.026032814162747785,0.03200000000000002,1.0984304003056728,0.7697909431624265,0.055814222922537904,0.06661511417846658,0.005420094230417985
2017-11-01,0.009652115427624163,0.0015926985672214062,0.02766187657508893,0.017791054231617323,0.030999999999999542,1.1381411537192165,0.7921227641464452,0.10987139835732108,0.06669161653477607,0.0054851062828746786
2017-12-01,0.008018468451833937,0.0009881616536868611,0.020521794447594627,-0.0039536643539490775,0.03300000000000056,1.1207677893491448,0.786804161610395,0.10012006778732635,0.0667603556633656,0.005526276006461529
2018-01-01,0.009370812247651714,0.02531184065422888,0.06917456083358432,0.04542895317428227,0.036999999999999617,1.093987436840802,0.7447600185376972,0.4346336442797149,0.0710374108949026,0.00543045969350154
2018-02-01,0.009180218304078377,-0.0021491156465427565,0.025892248429402423,-0.003686745564850191,0.04627774999999965,1.0892936124420152,0.7422324631402212,-0.36297585903999896,0.06784284839437534,0.0054039768927670205
2018-03-01,0.010771222440951455,-0.008340616954308091,-0.0029461559055326565,0.0014418395103549932,0.04504500000000097,1.0895643702907696,0.7386992259122377,0.1487299997582792,0.06964523350418605,0.005440873664246466
2018-04-01,0.009419674595610876,-0.0017140888823981178,-0.002553398140691025,0.024497013529115964,0.041001999999999456,1.0844786046989576,0.7411654691439358,-0.4001782161013225,0.06750467370983812,0.005824507301993226
2018-05-01,0.009004804494760685,-0.005033106845381385,-0.013462904338720652,0.02177523976964455,0.03999699999999933,1.075901266789274,0.7528401357552708,0.15185226086138465,0.07138922336931933,0.005824832086001625
2018-06-01,0.009285424318511216,-0.01040467009117904,-0.042124968991270564,0.01545566508893662,0.036999999999999617,1.069697241197469,0.7820602024394591,0.03952222872709746,0.06918808908124088,0.006197853182121527
2018-07-01,0.009124386742569325,-0.009772148197368706,-0.017960263596580702,0.025861052875480812,0.036999999999999617,1.0306548903869501,0.73198951766657,0.12034187837427932,0.0693299505293038,0.006298355858598546
2018-08-01,0.009915077196401435,-0.015585613799701178,-0.020598236314013682,0.027090022111593032,0.040013999999999335,0.996539860770887,0.7345795305185193,0.10989642642720499,0.06840920282187693,0.006094187454697185
2018-09-01,0.009783481728131376,-0.034252003200431626,-0.05616346795916861,-0.04128207599338544,0.036007000000000615,0.9971982917734095,0.7339027585801453,0.10472495145471059,0.0688576289951273,0.004412743583440665
2018-10-01,0.010728145599462724,-0.0016807698495455567,0.02645875047131831,0.07759929732868774,0.03499999999999983,1.0013391225732364,0.712361549670424,0.3221240451870653,0.07563289887230165,0.0044404596711238005
2018-11-01,0.007995197538176034,-0.01751394202327265,-0.030427602498564185,0.004557305852572936,0.032002000000000023,0.9650566041067047,0.7274258045184101,-0.2685386744867464,0.07220686256875358,0.004532320283577405
2018-12-01,0.008070362101142836,-0.017015957819559595,-0.042785928229959067,0.007306932848820416,0.03399999999999956,0.9672724484149909,0.7047918770013548,0.16043041968777635,0.07480907046103948,0.0047524595683014455
2019-01-01,0.007622328590416388,-0.01669106016038259,-0.049140296419481866,0.012906367945381157,0.04499000000000099,0.9841791579055769,0.6836161070704811,0.0031527408121413128,0.07301258225807163,0.004609077246054147
2019-02-01,0.0071613831827006405,-0.009601746706923965,-0.0752656870230752,-0.018635824651273933,0.04702999999999948,0.9965897290437675,0.684762101342982,0.027280543965084992,0.07540098921732918,0.004554069075294776
2019-03-01,0.007593201083325743,-0.005791455450356087,-0.042192641084245655,-0.0036321423366209708,0.04294631150793607,0.9963237653807754,0.731441029154479,0.06307421812148445,0.08017615224102372,0.004569601239988277
2019-04-01,0.007416924256424634,-0.005005640897884325,-0.0064777405395462576,0.011019435449754422,0.04419449999999982,1.0229654738033633,0.7395218794606259,1.488497811255904,0.08013856589979136,0.00474442590792439
2019-05-01,0.00799739954993401,-0.0026847550629472473,-0.017454346183967583,0.016402398914056013,0.03999899999999933,0.9932651248254727,0.7393787649710482,-0.17425856370989218,0.07637558695193104,0.004763227362406997
2019-06-01,0.007777955763485521,-0.0014504346444317883,-0.016995818221442735,-0.007196165401163951,0.03999899999999933,0.9931820933472557,0.733749579390018,0.18057321512165936,0.07999543535861192,0.00500979506217031
2019-07-01,0.007133087740653471,-0.011915205807844002,-0.003167138743351987,0.01516040401447595,0.03866300000000032,0.9851621784424076,0.7342012591852137,0.030268866070249797,0.08127426494506594,0.005013162033413411
2019-08-01,0.006323540827381758,-0.002065249699003598,-0.003921954132388816,0.004723329452361253,0.03000000000000038,0.9547878893606044,0.6825583991172407,-0.278830430208204,0.08231916949891967,0.005009765381822686
2019-09-01,0.006332245676049459,0.0002670337689900838,-0.005489646214397888,0.013279584281592482,0.030999999999999542,0.989142296794392,0.7193475697816385,-0.14740395076530335,0.08267800075666384,0.005004402611187513
2019-10-01,0.0052460705527543165,0.009094468795880202,-0.006337974201364431,0.0065318701117555245,0.03008800000000031,0.9997389231101267,0.7339018257072839,0.07845071160513684,0.08174133273819116,0.004959172236344287
2019-11-01,0.003276108613928076,0.009069516903305664,-0.003045637704396169,0.017983115450167245,0.030650999999999855,1.020923554024015,0.7262134336964985,0.18679215844018301,0.08292489296227112,0.004958741353016862
2019-12-01,-0.005294392388436216,0.019850809412807965,0.03814907813505585,0.03950822490083266,0.03362799999999992,1.0049458447123598,0.7345085867133377,0.05443679169455978,0.08270118749173411,0.005180484367596598
2020-01-01,-0.01518823210235094,0.008081887882430604,-0.005605674898781278,-0.0010007489493177707,0.041001999999999456,1.0496120216675802,0.7403959002654926,0.3468616127410679,0.08247319924392144,0.005338596297297972
2020-02-01,-0.01568668703933683,0.01975203154385396,0.05290863795070277,0.04767223189930018,0.04100399999999946,0.9853599032564349,0.6606968448011316,0.21548795221307554,0.08303443309736397,0.005359123969442763
2020-03-01,-0.013885177422656284,0.009094688418082399,0.028801732251510028,0.017102138944447138,0.04218977500000061,0.8169727940571376,0.5611430625300641,0.23423579729037308,0.08281669845323532,0.006972881403048061
2020-04-01,-0.01038593098725633,-0.0036116840292639636,0.0005212884588923184,-0.044189446809733475,0.042093608333334094,0.7552283515602289,0.5267007193362162,0.8896962633945709,0.08296280143385895,0.011313786577518253
2020-05-01,-0.012395714824277202,-0.0043503305631981655,0.00568667427995179,-0.053200890094626106,0.045069000000000914,0.7958523008451396,0.5243873542568491,-0.1646973507755567,0.08345477078986613,0.01289694838841142
2020-06-01,-0.011429952559811775,-0.0007635672888929773,0.04519759061025198,0.0009152132308521111,0.042996694841269355,0.8408034264237951,0.547865800144301,0.0824281925809886,0.08306977431244882,0.013442101561565131
2020-07-01,-0.012684335401332477,0.0025831949980741104,0.028183198840702223,-0.02690320720093681,0.03999699999999933,0.8670316178224662,0.6097683056317147,0.2253078168107777,0.0829152086857247,0.013743122394927225
2020-08-01,-0.014724645571083652,-0.015287598813665265,0.0006735123797201893,-0.03351005549416173,0.030999999999999542,0.9159805855311998,0.6647011262803125,0.32477366500852745,0.08174815928053702,0.013601065579064115
2020-09-01,-0.01690667091185862,0.011082516452471419,0.06633885435222266,0.027061015814883127,0.03599900000000062,0.8270829186483216,0.6730623596648865,0.2366628211943474,0.08246346272260063,0.013275807131680258
2020-10-01,-0.0171501509316383,-0.016661147247751043,-0.003975177421440898,-0.027988867602206084,0.03685499999999975,0.9363174187744491,0.7551023199007114,0.21556128185860146,0.08299607003540155,0.01316786013269836
2020-11-01,-0.012241079104937033,0.004748102213118784,0.020327438746111676,-0.0034862813608337946,0.03399999999999956,0.9968961710871026,0.7787499668909035,0.23592337661600302,0.08324681219487451,0.01291622500468398
2020-12-01,-0.006075243773078858,-0.005707611966880003,0.023938718654295785,0.006786860662597658,0.041010999999999465,0.9234643612809454,0.7621320167323927,0.22464553152999572,0.0829763684882476,0.012553945324604212
2021-01-01,0.003255574402776816,-0.011428387770923932,0.07850475501255859,0.008209676071182174,0.05532300000000033,0.9554282603050522,0.7828235512492785,12.752186015754267,0.08472710222604542,0.011890475531513784
2021-02-01,0.009904151859666392,-0.009737680906615783,0.0307456619101284,0.00316717764264849,0.04939524999999964,0.9735308724069152,0.7556941174820259,0.1721153727078872,0.08549908354138801,0.010956663155308834
2021-03-01,0.011327645848724333,-0.009034298575310391,0.030764362028738588,0.06104269780207503,0.04295981150793605,0.9990187840368078,0.8281897560061761,0.28697064469067446,0.08729193058284858,0.009780718700091178
2021-04-01,0.012077878015299403,-0.0009170686568317513,0.05611986157249647,0.08342179460398869,0.04001799999999933,1.013576945287051,0.8734068264100947,-17.324944262263088,0.09114192273667306,0.008956378884743458
2021-05-01,0.008801814874262409,-0.005457250849957825,0.03630234811803137,0.07790090563424856,0.03999999999999933,1.0464699370696493,0.8750275652918454,-10.241191219663124,0.08626563907265496,0.008434173268894785
2021-06-01,0.009354123903586557,-0.013142586510582106,0.025532592096201928,0.07288094534647481,0.03799999999999966,1.0915585916128205,0.8801548337956844,-1.8886387587231157,0.08948640436619935,0.007091545824368605
2021-07-01,0.010834499921762455,-0.0021738292229160376,0.02368497895419563,0.05253102837599365,0.03200000000000002,1.0419461595374202,0.8749643427214397,0.3581206527403694,0.09693628204228757,0.005523127234488963
2021-08-01,0.01267259279326223,-0.0008330323488192244,0.03758293458356236,0.0670417155503208,0.02633599999999986,1.0306817245631978,0.8690919831197704,0.381960675082756,0.09959168391047402,0.005009986040278663
2021-09-01,0.014374020250400913,-0.008190583626178314,-0.017396203305123217,0.026049283320130588,0.02680200000000009,1.0385285938007145,0.8379278285571965,0.111299374930638,0.09973952408693712,0.004839094449566331
2021-10-01,0.01863840825194783,-0.005050758499716639,0.011380535559042988,0.05505305144746724,0.027897999999999583,1.0658028713582308,0.8344668818337273,-0.23055803568081032,0.09507542099288462,0.004399209823631869
