,도소매업생산지수,음식숙박업생산지수,금융보험생산지수,부동산및임대업생산지수,운수보관생산지수,정보통신업,보건및사회복지업생산지수,사업서비스업생산지수,수신,여신,실업률,여수신,광공업생산지수,건설업생산지수,KOSPI,interest,gdpRate,CPI,export,import,label
2001-01-31,0.043740573152337925,0.03672316384180774,0.09854014598540162,0.17624521072796928,0.0356589147286821,0.18095238095238098,-0.1899441340782122,0.024793388429752206,0.24816957356290015,0.21684279980805288,-0.10526315789473695,0.31454004710356,-0.042,0.062000000000000006,-0.42365627227158775,0.08449999999999999,0.012,0.034,0.04,-0.013,2.0
2001-02-28,0.026856240126382325,0.08512820512820518,0.0034246575342467,0.008083140877598094,0.03535353535353547,0.1962174940898347,-0.059561128526645746,0.06779661016949134,0.19303114586743253,0.20676141393579983,-0.03508771929824561,0.16706075062245818,0.055,0.09699999999999999,-0.35972517034139884,0.0834,0.012,0.036,0.053,0.059,1.0
2001-03-31,0.04748201438848909,0.09911678115799805,-0.10759493670886078,-0.06500445235975061,0.04552352048558417,0.20219780219780237,-0.13931888544891635,0.07056798623063676,0.18506931227001644,0.1768227610787203,0.0,0.20119274043943736,0.015,0.027999999999999997,-0.4980228487054559,0.08259999999999999,0.012,0.04,-0.021,-0.089,3.0
2001-04-30,0.04678362573099393,0.09756097560975618,0.05128205128205132,-0.06114551083591324,0.03664122137404591,0.19770114942528738,-0.0838323353293412,0.09315589353612164,0.18774653830222943,0.15524155367444603,-0.08888888888888902,0.2539568593767334,0.045,0.057999999999999996,-0.2282434980573953,0.081,0.013000000000000001,0.048,-0.104,-0.16,3.0
2001-05-31,0.05882352941176472,0.0861244019138756,0.05190311418685112,-0.047040971168437196,0.04484304932735417,0.19999999999999996,-0.1504424778761061,0.044374009508716394,0.17867249397359553,0.14500981514144717,-0.09756097560975596,0.24944786968028443,0.017,0.023,-0.178622930386096,0.0799,0.013000000000000001,0.053,-0.091,-0.13,3.0
2001-06-30,0.06794682422451981,0.07942583732057407,-0.09748427672955984,0.057536466774716244,0.047112462006079214,0.15537848605577675,-0.11764705882352944,0.0587248322147651,0.16905485936010445,0.1363863507186578,-0.07692307692307687,0.2341309754075711,0.011000000000000001,-0.039,-0.3220111264961023,0.0789,0.013000000000000001,0.05,-0.152,-0.111,3.0
2001-07-31,0.055722891566264865,0.06679389312977091,-0.059016393442622994,-0.062036412677006214,0.030303030303030276,0.11860940695296529,-0.07744107744107742,0.04370629370629375,0.164848804169194,0.12163524633834166,-0.09999999999999998,0.2554224105334948,-0.040999999999999995,-0.063,-0.2651373264329582,0.07780000000000001,0.013999999999999999,0.048,-0.212,-0.188,3.0
2001-08-31,0.05580693815987936,0.06915887850467306,0.0034602076124568004,-0.003918495297805635,0.04268292682926855,0.0722433460076044,0.4182692307692306,0.007042253521126751,0.16107049405007556,0.11878207305359356,-0.12195121951219501,0.24880134865478554,-0.036000000000000004,0.098,-0.2337020055426402,0.0751,0.013999999999999999,0.047,-0.204,-0.156,3.0
2001-09-30,0.10245310245310257,0.07556427870461224,0.03956834532374098,0.12161051766639264,0.03134796238244508,0.12055335968379444,0.17153284671532854,0.040885860306643984,0.18064802276887604,0.1331242359523801,-0.17500000000000004,0.2819012333218387,0.044000000000000004,0.257,-0.24560451483107837,0.0726,0.013999999999999999,0.033,-0.177,-0.119,2.0
2001-10-31,0.06628242074927937,0.05273069679849329,0.02768166089965396,0.15308453922315302,-0.010401188707280906,0.1279999999999999,0.04529616724738683,0.025295109612141653,0.15580221086903578,0.12859694857431458,-0.10810810810810823,0.21347879775786405,-0.03,0.075,0.04434868953180615,0.0707,0.018000000000000002,0.034,-0.207,-0.184,2.0
2001-11-30,0.08085106382978724,0.07383177570093458,0.08996539792387548,0.21742957746478897,0.0,0.1414728682170543,-0.024054982817869552,0.028911564625850428,0.1481229637448498,0.1369981613693112,-0.1282051282051282,0.17140152270630038,0.025,0.166,0.23462812434283897,0.0692,0.018000000000000002,0.034,-0.176,-0.186,2.0
2001-12-31,0.10124826629681016,0.06638297872340426,0.05161290322580658,0.06036931818181812,-0.0014409221902018654,0.07796610169491536,0.0766550522648084,0.048169556840077066,0.1302553065668226,0.1498673923542193,-0.15909090909090917,0.09324785001563374,0.015,0.187,0.3182339468882276,0.0684,0.018000000000000002,0.032,-0.204,-0.142,2.0
2002-01-31,0.09682080924855496,0.08356039963669404,0.09302325581395343,0.25732899022801314,0.08682634730538918,0.157258064516129,0.10344827586206895,0.05241935483870974,0.19488769463965827,0.2262202181561177,-0.196078431372549,0.13343863017018043,0.14,0.198,0.19115379395167853,0.0683,0.025,0.026,-0.1,-0.089,2.0
2002-02-28,0.0984615384615386,0.027410207939508657,0.06825938566552892,0.2394043528064147,0.06504065040650397,0.1264822134387351,-0.029999999999999916,0.08928571428571419,0.22330263815207885,0.25168769171785255,-0.25454545454545463,0.16778676017012417,-0.009000000000000001,0.19399999999999998,0.34954531129566924,0.0671,0.025,0.026,-0.175,-0.178,2.0
2002-03-31,0.10851648351648358,0.07767857142857149,0.25886524822695045,0.11809523809523825,0.07692307692307687,0.10237659963436907,0.06474820143884896,0.059485530546623755,0.23586527361852339,0.2890576086378738,-0.2549019607843137,0.1339750667777957,0.069,0.079,0.5374696024410772,0.0672,0.025,0.023,-0.062,-0.074,2.0
2002-04-30,0.10474860335195535,0.09066666666666667,0.2195121951219512,0.05935696619950548,0.09572901325478633,0.1401151631477926,0.0980392156862746,0.0678260869565217,0.20889723687941397,0.2991040427051952,-0.1707317073170731,0.03961739668491693,0.105,0.046,0.377717801701289,0.0675,0.018000000000000002,0.025,0.088,0.12,1.0
2002-05-31,0.09485094850948506,0.1127753303964758,0.1546052631578949,0.1950636942675159,0.06866952789699576,0.15760869565217384,0.03819444444444442,0.050075872534142585,0.21989050322138315,0.30588361422016375,-0.16216216216216217,0.05420357768872619,0.085,0.021,0.2631079604636968,0.06730000000000001,0.018000000000000002,0.03,0.065,0.099,1.0
2002-06-30,0.06224066390041494,0.10106382978723416,0.16724738675958184,0.0988505747126438,0.03338171262699552,0.1396551724137931,0.050000000000000044,0.06814580031695727,0.20095780431389154,0.32150569069567614,-0.19444444444444453,-0.0201564151247563,0.021,0.094,0.22153920636038116,0.0671,0.018000000000000002,0.026,-0.003,0.018,1.0
2002-07-31,0.08273894436519269,0.10107334525939171,0.26132404181184676,0.21567217828900076,0.07941176470588251,0.15904936014625215,0.17153284671532854,0.14907872696817415,0.19116797151588227,0.3213388862216078,-0.16666666666666674,-0.052589178952393234,0.10400000000000001,0.157,0.28202025203246084,0.0672,0.02,0.021,0.176,0.173,1.0
2002-08-31,0.07714285714285718,0.06293706293706292,0.18965517241379315,0.1132966168371361,0.067251461988304,0.13120567375886516,-0.0711864406779662,0.14160839160839145,0.19057837680093415,0.32825524388555505,-0.11111111111111105,-0.06530613819182796,0.08800000000000001,-0.025,0.30078590022491447,0.0665,0.02,0.024,0.186,0.134,1.0
2002-09-30,0.03795811518324599,0.054744525547445244,0.19031141868512114,0.04908424908424891,0.1170212765957448,0.11463844797178124,0.0778816199376946,0.07201309328968897,0.1857829902814232,0.32581522322939827,-0.18181818181818177,-0.07794045521127613,0.017,-0.098,0.29833022123935216,0.0664,0.02,0.031,0.1169999999999999,0.109,1.0
2002-10-31,0.09189189189189184,0.07871198568872995,0.21212121212121215,0.12351387054161145,0.13813813813813813,0.12056737588652489,0.06000000000000005,0.06743421052631593,0.20752456752640303,0.3371611509800443,-0.1515151515151515,-0.04808722786369257,0.138,0.079,0.20309677174731355,0.067,0.011000000000000001,0.0279999999999999,0.248,0.201,1.0
2002-11-30,0.0734908136482939,0.04699738903394257,0.11746031746031749,0.07230657989877076,0.06578947368421062,0.0611205432937183,0.08450704225352124,0.05785123966942152,0.21202814052135466,0.3223464964123304,-0.1470588235294118,-0.012032486180319713,0.09300000000000001,0.065,0.11836781107524885,0.0665,0.011000000000000001,0.035,0.231,0.213,1.0
2002-12-31,0.04282115869017611,0.06464485235434969,0.09509202453987742,0.029470864032149935,0.025974025974025983,0.1179245283018866,0.08737864077669921,0.15257352941176472,0.2051245792887153,0.31982674074208806,-0.16216216216216217,-0.0225246488298404,0.113,0.11,-0.10021627833367575,0.0658,0.011000000000000001,0.037,0.261,0.2789999999999999,1.0
2003-01-31,0.05270092226613965,0.030176026823135027,0.042553191489361764,0.10880829015544058,0.004132231404958775,0.015679442508710784,0.03750000000000009,0.07471264367816088,0.14479276907286542,0.24745237711135926,-0.09756097560975596,-0.07302332459531058,0.043,0.064,-0.23422647059404778,0.0651,-0.006999999999999999,0.038,0.258,0.28,1.0
2003-02-28,0.0056022408963585235,0.06347746090156381,0.04153354632587858,0.054528650646950005,0.04122137404580162,0.0035087719298245723,0.0,0.09471766848816032,0.1214366413581931,0.23080766334102965,-0.07317073170731703,-0.10784126074376044,0.106,0.052000000000000005,-0.3541745584790901,0.0639,-0.006999999999999999,0.039,0.21,0.3229999999999999,1.0
2003-03-31,-0.01982651796778201,0.012427506213753103,-0.014084507042253502,0.11158432708688237,0.013477088948786964,0.00995024875621886,-0.006756756756756799,0.06828528072837625,0.12994309365434176,0.21890222085810507,-0.02631578947368407,-0.06376275015740285,0.054000000000000006,0.105,-0.5138972464857563,0.06480000000000001,-0.006999999999999999,0.045,0.161,0.324,0.0
2003-04-30,-0.030341340075853207,-0.006519967400163029,0.07428571428571429,0.20622568093385207,0.014784946236559016,-0.0016835016835017313,-0.03273809523809523,0.09934853420195444,0.13202596163583458,0.21268994916742412,0.02941176470588247,-0.057128251258569684,0.025,0.05,-0.34033807117502146,0.0641,-0.002,0.037,0.192,0.175,1.0
2003-05-31,-0.02846534653465338,-0.009501187648456089,-0.005698005698005826,-0.009327115256495655,0.0053547523427039945,-0.0046948356807511304,0.010033444816053505,0.01156069364161838,0.12297334423451334,0.19983833990184996,0.09677419354838701,-0.060483184715087734,-0.002,0.087,-0.22896792059618232,0.06280000000000001,-0.002,0.032,0.035,0.065,1.0
2003-06-30,-0.01041666666666663,-0.03140096618357491,0.04179104477611939,0.2468619246861925,0.04494382022471921,0.0226928895612708,0.019047619047619202,0.0370919881305638,0.12895895196133145,0.1878422687190031,0.17241379310344818,-0.016708197230762112,0.092,0.139,-0.10314586525859504,0.062400000000000004,-0.002,0.03,0.214,0.125,1.0
2003-07-31,-0.01976284584980237,-0.004061738424045447,-0.0303867403314918,-0.03193376700177408,0.03950953678474112,0.028391167192429068,0.01869158878504673,0.029154518950437414,0.1291944693837359,0.18746598555876504,0.19999999999999996,-0.02299184562847123,0.012,0.083,-0.006245133042248163,0.062000000000000006,0.019,0.032,0.152,0.143,1.0
2003-08-31,-0.02652519893899208,0.01891447368421062,0.0028985507246377384,0.1406360424028268,0.019178082191780854,0.023510971786833812,0.021897810218978186,0.06738131699846872,0.12153305239687762,0.1766515347082367,0.09375,-0.02404383503501617,0.02,0.127,0.030847300497252483,0.060300000000000006,0.019,0.03,0.1009999999999999,0.053,1.0
2003-09-30,-0.022698612862547263,-0.01038062283737018,-0.01744186046511631,0.018854748603352123,0.0,0.04588607594936689,0.0028901734104047616,0.10076335877862586,0.10176790538546876,0.1625386773178472,0.2222222222222221,-0.06279786736307735,0.07400000000000001,0.063,0.07608179423593153,0.059699999999999996,0.019,0.033,0.2239999999999999,0.119,1.0
2003-10-31,-0.013613861386138515,-0.014096185737976663,-0.030555555555555558,0.05937683715461484,0.0554089709762533,0.03322784810126578,0.022012578616352085,0.06009244992295826,0.09779356692548657,0.1502276331685557,0.2142857142857144,-0.04743546715393665,0.083,0.095,0.17171286880328118,0.06,0.026000000000000002,0.037,0.255,0.197,1.0
2003-11-30,-0.035452322738386166,0.014962593516209433,-0.022727272727272818,0.1031692515171947,0.060356652949245415,0.040000000000000036,-0.025974025974025983,0.09687500000000004,0.10036105422085528,0.1487541761671607,0.2068965517241379,-0.03119293144046431,0.054000000000000006,0.048,0.09392954384792862,0.0613,0.026000000000000002,0.034,0.2,0.126,1.0
2003-12-31,-0.009661835748792202,0.007496251874062887,-0.011204481792717269,0.0728692257644763,0.07876230661040795,0.03234880450070343,-0.005952380952381042,0.09569377990430628,0.09392977619034326,0.14114652533484806,0.22580645161290303,-0.032602631390564296,0.11199999999999999,0.136,0.2560871043851147,0.062000000000000006,0.026000000000000002,0.034,0.313,0.22,1.0
2004-01-31,-0.027534418022528206,-0.080553295362083,-0.03206997084548091,-0.0031152647975077885,0.056241426611796985,0.07204116638078917,0.02108433734939741,0.106951871657754,0.09848341257200577,0.13814487526400598,0.08108108108108092,-0.014760341619693973,0.051,0.076,0.36019998899393624,0.0625,0.013000000000000001,0.034,0.326,0.118,1.0
2004-02-29,0.01671309192200554,0.01557093425605549,0.039877300613496924,0.11393514460999121,0.09090909090909105,0.10139860139860124,0.06872852233676974,0.03327787021630613,0.11185885799050377,0.13633243188527655,0.07894736842105265,0.04107970177679121,0.179,0.057,0.4286831446883719,0.0609,0.013000000000000001,0.033,0.435,0.261,1.0
2004-03-31,0.0,-0.032733224222585955,0.06000000000000005,0.08429118773946365,0.0731382978723405,0.08702791461412152,0.1054421768707483,-0.09090909090909094,0.08133237570900853,0.12152567039438877,0.08108108108108092,-0.03261091789525883,0.12400000000000001,0.114,0.4969156022622805,0.061200000000000004,0.013000000000000001,0.031,0.377,0.205,1.0
2004-04-30,0.0013037809647977738,-0.03199343724364234,-0.010638297872340385,-0.031612903225806455,0.06754966887417213,0.09274873524451932,0.04307692307692301,-0.08148148148148149,0.08033417387347597,0.10492898314551291,0.05714285714285716,0.006155862026915315,0.115,0.10300000000000001,0.3643836113321468,0.0602,0.008,0.033,0.367,0.276,1.0
2004-05-31,-0.02547770700636942,-0.003197442046362853,0.042979942693409656,0.08069939475453936,0.09454061251664458,0.03930817610062887,0.036423841059602724,-0.09285714285714286,0.07293876063988347,0.09716943324151606,0.02941176470588247,-0.0009176525969866178,0.138,0.036000000000000004,0.23826659555931062,0.059699999999999996,0.008,0.033,0.42,0.3229999999999999,1.0
2004-06-30,0.009210526315789558,0.00831255195344971,0.02292263610315204,-0.03691275167785246,0.09139784946236551,0.02662721893491149,0.08722741433021808,-0.0801144492131618,0.07193414434198253,0.09053046252998209,0.0,0.016360013246033533,0.13,0.002,0.15951633481433714,0.060599999999999994,0.008,0.036,0.383,0.381,1.0
2004-07-31,0.0013440860215052641,-0.0032626427406198255,-0.0370370370370372,0.0690287110568113,0.04587155963302747,0.027607361963190247,0.021406727828745975,-0.08073654390934826,0.06494497074241745,0.07964739791471431,0.0,0.018275668285277824,0.131,0.036000000000000004,0.030122519077489862,0.0596,0.004,0.044,0.361,0.2339999999999999,0.0
2004-08-31,-0.021798365122615904,-0.002421307506053405,-0.037572254335260236,0.04522924411400231,0.08467741935483875,0.0,0.09285714285714297,-0.09325681492109039,0.0528830517774419,0.07348535403103229,0.028571428571428692,-0.012720671332524192,0.105,0.046,0.056443526343112005,0.0581,0.004,0.048,0.288,0.3379999999999999,0.0
2004-09-30,-0.012903225806451646,0.0034965034965033226,-0.014792899408283988,0.05757368060315282,0.07074829931972793,0.0075642965204236745,-0.014409221902017322,-0.09153952843273228,0.06854176455330241,0.06827442453065458,0.0,0.06943977809034485,0.096,0.107,0.18000832051189164,0.05740000000000001,0.004,0.039,0.2239999999999999,0.252,1.0
2004-10-31,-0.023839397741530766,0.011774600504625754,-0.00859598853868182,0.021087680355160954,0.02124999999999999,0.006125574272588086,0.024615384615384484,-0.05087209302325579,0.042514420801483155,0.05978217045477785,0.0,-0.015237315234892357,0.054000000000000006,0.004,0.06492514794603288,0.0571,0.008,0.038,0.197,0.2339999999999999,1.0
2004-11-30,-0.01647655259822578,0.004914004914005066,-0.005813953488371992,0.028117359413202925,0.02199223803363526,0.01538461538461533,0.06333333333333324,-0.06267806267806275,0.014163738790123004,0.052937687839877956,0.0,-0.11081904962943523,0.096,-0.023,0.09788964391485955,0.055999999999999994,0.008,0.033,0.265,0.289,1.0
2004-12-31,-0.003658536585365857,0.02678571428571419,-0.014164305949008527,0.02001212856276524,0.057366362451108044,0.03950953678474112,0.05988023952095811,-0.008733624454148603,0.01510509419566386,0.050894464004351825,0.0,-0.09802971547773631,0.04,-0.076,0.09994067015956531,0.0552,0.008,0.03,0.176,0.19,1.0
2005-01-31,-0.024453024453024552,0.04778761061946901,0.051204819277108404,0.15625,0.054545454545454675,-0.008000000000000007,0.00884955752212413,0.06280193236714982,0.008410382417599838,0.046038967915783546,0.07499999999999996,-0.11570313589695369,0.14300000000000002,-0.042,0.09461353414637941,0.0558,0.009000000000000001,0.034,0.183,0.2,1.0
2005-02-28,-0.009589041095890427,-0.10306643952299832,0.02359882005899716,0.10306845003933907,0.0,-0.01746031746031751,0.0836012861736335,0.020933977455716457,0.006415501897701681,0.04119845269883271,0.04878048780487809,-0.10338285272203196,-0.067,-0.095,0.13525050487826373,0.0553,0.009000000000000001,0.034,0.066,0.053,1.0
2005-03-31,0.010113780025284624,0.008460236886632888,-0.013477088948787075,0.0939929328621909,0.04337050805452303,0.051359516616314105,0.0030769230769231992,0.0234375,-0.004277121581931165,0.032647242054672176,0.02499999999999991,-0.12563171451757615,0.055999999999999994,-0.006,0.09234258087209124,0.0563,0.009000000000000001,0.03,0.131,0.191,1.0
2005-04-30,0.015625,0.006779661016949046,-0.043010752688172116,0.04996668887408395,0.03846153846153855,0.0185185185185186,0.005899705014749346,0.08709677419354844,0.007867861264412968,0.03612269641081611,0.027027027027026973,-0.0857147949559608,0.049,0.028999999999999998,0.054642832855875234,0.0559,0.019,0.031,0.065,0.128,1.0
2005-05-31,0.04052287581699332,-0.008821170809943935,-0.008241758241758212,0.039203484754200435,0.02311435523114347,0.02571860816944027,0.12460063897763596,0.04881889763779523,0.015646605969134697,0.03960658371276948,0.028571428571428692,-0.0645547235418138,0.052000000000000005,0.067,0.18811228774978517,0.055,0.019,0.031,0.11,0.183,1.0
2005-06-30,0.019556714471968606,-0.015663643858202736,0.06162464985994376,0.013937282229965264,0.018472906403940836,0.02449567723342927,0.04011461318051568,0.034214618973561484,0.022569933733186165,0.0459531218580691,0.05882352941176472,-0.05240907038292464,0.044000000000000004,0.067,0.2491925863592126,0.055,0.019,0.0279999999999999,0.095,0.148,1.0
2005-07-31,0.01342281879194629,-0.0008183306055646877,0.13017751479289963,0.08914285714285719,0.03258145363408538,-0.013432835820895606,0.0988023952095809,0.03081664098613257,0.026559260668463702,0.05269030203562419,0.0277777777777779,-0.06138663299600999,0.079,0.006999999999999999,0.4129438030229089,0.055099999999999996,0.015,0.026,0.106,0.17,1.0
2005-08-31,0.04038997214484685,0.004854368932038833,0.13813813813813813,0.026081802015412103,0.029739776951672736,0.03215926493108734,0.18627450980392135,0.07594936708860756,0.028788244605888913,0.05513154797792197,0.0,-0.062421039171911996,0.063,0.01,0.2987305598102843,0.054900000000000004,0.015,0.02,0.179,0.214,1.0
2005-09-30,0.03529411764705892,0.006968641114982521,0.14414414414414423,0.21516526247569656,0.04701397712833555,0.04354354354354362,0.07017543859649122,0.03511450381679393,0.03902382037490715,0.059504579601487695,0.09090909090909105,-0.02969749321090276,0.063,-0.006999999999999999,0.37989413645090586,0.056100000000000004,0.015,0.025,0.177,0.249,1.0
2005-10-31,0.028277634961439535,0.03408146300914394,0.10982658959537561,0.0304347826086957,0.06731946144430845,0.02130898021308969,0.08108108108108114,0.06278713629402777,0.047965885827941035,0.06336662547298366,0.05882352941176472,-0.007465521419124155,0.065,0.006999999999999999,0.32730451044544395,0.057300000000000004,0.01,0.023,0.119,0.11,1.0
2005-11-30,0.05025773195876293,0.009779951100244544,0.14327485380116944,0.1587395957193818,0.10253164556962013,0.050000000000000044,0.14733542319749215,0.08662613981762912,0.07147912067100926,0.06964314509471903,-0.05714285714285716,0.07848704808330331,0.106,0.091,0.3904334003855716,0.0571,0.01,0.025,0.119,0.174,1.0
2005-12-31,0.04283965728274164,0.04202898550724643,0.1724137931034484,0.03507728894173612,0.04192355117139335,0.15334207077326356,0.05084745762711873,0.08957415565345084,0.07964912324607853,0.08533004369798292,-0.07894736842105254,0.05872593889033162,0.10800000000000001,0.034,0.43153104443520984,0.05740000000000001,0.01,0.026,0.105,0.154,1.0
2006-01-31,0.04881266490765168,0.028716216216216228,0.15759312320916896,0.10472972972972983,0.019704433497536922,0.06612903225806432,0.09941520467836251,0.046969696969696884,0.0719041211228848,0.08526860501720845,-0.11627906976744184,0.019760262628936598,0.055,-0.031000000000000003,0.4060224294448931,0.0579,0.016,0.022,0.036,0.187,1.0
2006-02-28,0.013831258644536604,0.10161443494776834,0.11527377521613835,0.05206847360912992,0.05241935483870952,0.06138933764135701,0.11275964391691384,0.07886435331230301,0.06772297772389968,0.09221779824785403,-0.04651162790697683,-0.02206747164927303,0.185,0.057,0.30467468064702086,0.0576,0.016,0.02,0.166,0.278,1.0
2006-03-31,0.04005006257822252,0.03523489932885915,0.09289617486338786,0.07881136950904377,0.030878859857482066,0.0431034482758621,0.15337423312883436,0.06412213740458017,0.08392110555699284,0.09961423715721418,-0.04878048780487798,0.023008046841689556,0.086,0.018000000000000002,0.342113291056811,0.0589,0.016,0.02,0.121,0.139,1.0
2006-04-30,0.04230769230769238,0.045454545454545414,0.1207865168539326,0.08185279187817263,0.02628434886499398,0.039393939393939315,0.12023460410557196,0.0370919881305638,0.07242116423902112,0.10490129256012293,-0.07894736842105254,-0.04949178050324299,0.077,-0.023,0.4433498398072597,0.058300000000000005,0.006999999999999999,0.02,0.119,0.153,1.0
2006-05-31,0.04396984924623126,0.03317152103559873,0.10803324099722977,0.08383233532934131,0.039239001189060874,0.04424778761061954,0.09090909090909083,0.057057057057057214,0.07481801913176533,0.10630267216517053,-0.11111111111111105,-0.04230565939331288,0.098,-0.040999999999999995,0.30613046893715357,0.0589,0.006999999999999999,0.023,0.208,0.239,1.0
2006-06-30,0.039641943734015195,0.02680067001675024,0.05277044854881274,0.166093928980527,0.027811366384522307,0.04500703234880454,0.04958677685950419,0.05413533834586448,0.083313499791565,0.11286489198684202,-0.05555555555555558,-0.021280125278692386,0.092,-0.039,0.2504996768364096,0.059800000000000006,0.006999999999999999,0.024,0.179,0.222,1.0
2006-07-31,0.01192052980132452,0.01228501228501222,0.02617801047120416,0.06138509968520478,0.014563106796116276,0.04689863842662656,0.054495912806539426,0.0627802690582957,0.08111365091194922,0.10830089621363603,-0.08108108108108114,-0.0215077506554332,0.016,-0.06,0.155164354546395,0.061,0.016,0.024,0.109,0.188,1.0
2006-08-31,0.03346720214190091,0.044283413848631215,0.06860158311345654,0.1808203350664357,0.051744885679903874,0.03115727002967361,0.07713498622589543,0.07647058823529407,0.09078649708844222,0.10963905259050488,-0.05555555555555558,0.017328717736225574,0.10099999999999999,-0.023,0.2220925677646246,0.0616,0.016,0.027,0.1689999999999999,0.2289999999999999,1.0
2006-09-30,0.06691919191919182,0.06055363321799301,0.08398950131233573,0.1114666666666666,0.06553398058252413,0.05323741007194238,0.09562841530054644,0.07817109144542767,0.08866269891438305,0.11855846476244225,-0.11111111111111105,-0.02087176031926541,0.179,0.096,0.11616103948193857,0.0613,0.016,0.025,0.209,0.216,1.0
2006-10-31,0.02499999999999991,-0.029742765273311877,0.0703125,0.11497890295358659,0.004587155963302614,0.05663189269746671,0.10833333333333339,0.03458213256484144,0.08324668676709912,0.12123773100125979,-0.08333333333333337,-0.06325174627333474,0.048,0.021,0.1640353863821007,0.0609,0.008,0.022,0.105,0.131,1.0
2006-11-30,0.041717791411042926,0.0177562550443906,0.07161125319693085,0.09851205746536684,0.03214695752009189,0.04761904761904767,0.09289617486338786,0.05314685314685308,0.07976252216131652,0.1305546458953819,-0.030303030303030165,-0.11252143255076652,0.071,0.012,0.09882563150402923,0.0604,0.008,0.021,0.185,0.122,1.0
2006-12-31,0.04107981220657275,0.03129346314325443,0.04166666666666674,0.14646754738655954,0.06035502958579886,0.030681818181818254,0.08064516129032251,0.06873315363881383,0.10475271240462303,0.13928054146221647,-0.05714285714285716,-0.025610969593277466,0.022000000000000002,0.021,0.03916157488644778,0.061900000000000004,0.008,0.021,0.123,0.138,1.0
2007-01-31,0.03647798742138364,0.05254515599343179,0.05693069306930698,0.1584097859327218,0.07004830917874383,0.021180030257186067,0.08244680851063824,0.06801736613603482,0.10851112595598678,0.13411777967339988,-0.05263157894736836,0.002184273900414757,0.08800000000000001,0.105,-0.02869698054595915,0.0632,0.017,0.017,0.208,0.195,1.0
2007-02-28,0.09140518417462484,-0.014655172413793105,0.0852713178294573,0.2420338983050847,0.07535121328224781,0.0182648401826484,0.10933333333333328,0.06578947368421062,0.10661564858610006,0.13535801350246435,-0.09756097560975596,-0.011057870001095704,-0.002,0.065,0.03281122544904225,0.0634,0.017,0.022,0.103,0.079,1.0
2007-03-31,0.044524669073405576,0.017828200972447306,0.12749999999999995,0.12514970059880248,0.02995391705069128,0.04269972451790638,0.08776595744680837,0.10043041606886649,0.1153316059390439,0.14064920622472665,-0.10256410256410253,0.009702249323716439,0.036000000000000004,0.004,0.06613014529180106,0.0637,0.017,0.022,0.132,0.127,1.0
2007-04-30,0.04428044280442811,0.0185185185185186,0.14536340852130336,0.058651026392961825,0.03143189755529674,0.036443148688046545,0.08638743455497377,0.09298998569384831,0.11882753622043007,0.14114459672871638,-0.02857142857142858,0.021454955395323827,0.064,0.038,0.08276919978939645,0.0635,0.017,0.025,0.17,0.206,1.0
2007-05-31,0.05535499398315302,0.029757243539545897,0.1625000000000001,0.043646408839778994,0.06979405034324926,0.02824858757062154,0.08072916666666674,0.10937499999999978,0.1165722323350995,0.1397347642508986,0.0,0.017036535012442844,0.057,0.032,0.25527566654247114,0.06480000000000001,0.017,0.023,0.1119999999999999,0.136,1.0
2007-06-30,0.04920049200492005,0.027732463295269127,0.23057644110275688,0.18418467583497056,0.0658823529411765,0.016150740242261152,0.12598425196850394,0.10699001426533528,0.1082211451414341,0.14527990879698915,-0.05882352941176461,-0.04092163353707601,0.067,0.021,0.2973253899700836,0.06420000000000001,0.017,0.025,0.145,0.095,1.0
2007-07-31,0.07853403141361248,0.04126213592232997,0.2448979591836733,0.22194760257043988,0.09928229665071786,0.040462427745664664,0.12144702842377253,0.10689170182841079,0.10514586974621998,0.14861172061157757,-0.02941176470588236,-0.0806864362634383,0.135,0.10300000000000001,0.39852698743399806,0.0641,0.012,0.025,0.172,0.144,1.0
2007-08-31,0.05829015544041449,0.0323824209714727,0.19753086419753085,0.288160469667319,0.07665903890160175,0.054676258992805815,0.12020460358056262,0.0887978142076502,0.10136236612778737,0.15404616120653603,-0.08823529411764697,-0.12254328141466453,0.08900000000000001,0.055999999999999994,0.32553738877372496,0.06559999999999999,0.012,0.02,0.136,0.0969999999999999,1.0
2007-09-30,0.0366863905325443,-0.019575856443719397,0.14769975786924938,0.05710172744721698,0.03872437357630987,0.010928961748633892,0.06982543640897743,0.10259917920656636,0.091429479318895,0.15614534997557006,-0.0625,-0.1794468126181279,-0.028999999999999998,-0.091,0.3501831705460017,0.067,0.012,0.023,-0.011,-0.016,2.0
2007-10-31,0.10731707317073158,0.05385252692626352,0.25060827250608275,-0.0037842951750236553,0.10844748858447484,0.056417489421720646,0.06766917293233088,0.11420612813370479,0.11263613745613754,0.1621652222411578,-0.09090909090909083,-0.11596946175287426,0.16,0.051,0.41423289210669534,0.0679,0.022000000000000002,0.03,0.2289999999999999,0.278,1.0
2007-11-30,0.058892815076560634,0.019032513877874857,0.2124105011933175,-0.06165343297524517,0.07786429365962189,0.0440771349862259,0.07750000000000012,0.07436918990703867,0.11110628492577712,0.1661413519991597,-0.0625,-0.15430529002914994,0.077,0.02,0.2857881266749196,0.068,0.022000000000000002,0.035,0.17,0.268,1.0
2007-12-31,0.03833145434047336,0.014834794335805812,0.1741176470588235,0.20490981963927868,0.044642857142857206,0.07056229327453134,0.10696517412935314,0.07187894073139978,0.07532766400802182,0.14911249912964863,-0.06060606060606055,-0.25039857912694996,0.09300000000000001,0.048,0.2795537758965958,0.0708,0.022000000000000002,0.036,0.148,0.2319999999999999,1.0
2008-01-31,0.059466019417475646,0.025741029641185742,0.180327868852459,0.11087645195353746,0.07674943566591441,0.09185185185185185,0.11547911547911527,0.07723577235772372,0.10111050445394554,0.16478602272367016,-0.08333333333333337,-0.19809748892964252,0.11900000000000001,0.045,0.17765711763481917,0.0725,0.004,0.039,0.149,0.317,1.0
2008-02-29,0.02124999999999999,0.055118110236220375,0.15714285714285725,0.1353711790393013,0.06769596199524952,0.0627802690582957,0.06730769230769229,0.07270233196159115,0.09700127997342922,0.16168489659319807,-0.05405405405405406,-0.20702595234381005,0.109,-0.036000000000000004,0.18865843625862322,0.069,0.004,0.036,0.189,0.284,1.0
2008-03-31,0.03917050691244239,0.031050955414012815,0.14855875831485577,0.0766365087812666,0.09843400447427286,0.036988110964332854,0.07823960880195613,0.06127770534550203,0.0871086998138988,0.16242677631711988,-0.02857142857142858,-0.2678845497813509,0.10800000000000001,-0.047,0.15965188793944218,0.069,0.004,0.039,0.184,0.267,1.0
2008-04-30,0.04829210836277964,-0.003162055335968472,0.12035010940919033,0.0332409972299168,0.1128668171557563,0.06188466947960625,0.0987951807228915,0.07460732984293172,0.10787233097149729,0.16586209320731116,-0.05882352941176461,-0.1747929553276102,0.111,-0.063,0.1686015733544135,0.06910000000000001,0.005,0.0409999999999999,0.264,0.293,0.0
2008-05-31,0.026225769669327326,0.010646387832699666,0.11397849462365595,0.04287983059820011,0.0652406417112299,0.04670329670329676,0.10120481927710845,0.05633802816901423,0.1037868623654945,0.16673368000843847,-0.03125,-0.1993465806438094,0.09300000000000001,-0.055,0.08511352379169423,0.0696,0.005,0.049,0.269,0.296,0.0
2008-06-30,0.017584994138335253,0.007936507936507908,0.05906313645621175,-0.16673579427623386,0.06512141280353201,0.04503311258278164,0.0769230769230771,0.06829896907216515,0.09228614537280855,0.1638811590443192,-0.03125,-0.2517876732004217,0.07400000000000001,-0.084,-0.0401864982003417,0.0702,0.005,0.055,0.1639999999999999,0.327,0.0
2008-07-31,0.061893203883495174,0.010101010101010166,0.08401639344262302,-0.21440129449838186,0.06746463547334036,0.05833333333333335,0.08064516129032251,0.04193138500635318,0.10677351774745336,0.1696056489483706,-0.06060606060606055,-0.2288592830700945,0.08900000000000001,-0.087,-0.1925460339930396,0.0712,0.008,0.059,0.356,0.47,0.0
2008-08-31,0.03794369645042828,0.026138909634055185,0.06804123711340204,-0.27990884922142045,0.023379383634431594,0.006821282401091366,0.07534246575342474,0.021329987452948673,0.1229545813307018,0.16571495902888156,0.0,-0.11606143607669916,0.023,-0.087,-0.23952695057780637,0.0731,0.008,0.0559999999999999,0.181,0.364,0.0
2008-09-30,0.0,0.016638935108153063,0.1371308016877637,-0.12256014525646841,0.040570175438596534,0.0418918918918918,0.09790209790209792,0.01488833746898277,0.1256996609938239,0.15892780802960038,0.0,-0.07026241014183021,0.066,-0.028999999999999998,-0.2957978330963833,0.07440000000000001,0.008,0.051,0.276,0.454,0.0
2008-10-31,-0.02753303964757714,-0.00786163522012584,0.040856031128404746,-0.11016144349477675,0.001029866117404854,0.012016021361815676,0.09859154929577452,0.020000000000000018,0.13982280313855577,0.15527848304826675,0.0,0.046041711770223204,-0.015,-0.106,-0.6179446000058153,0.0779,-0.033,0.048,0.078,0.103,0.0
2008-11-30,-0.06229143492769751,-0.01945525291828798,0.03543307086614189,-0.016426082628173244,-0.0608875128998968,0.02242744063324542,0.08816705336426911,-0.008652657601977753,0.14010357621049008,0.14007889598153778,0.0,0.1402676983331268,-0.136,-0.146,-0.5716913397603518,0.0753,-0.033,0.045,-0.195,-0.15,3.0
2008-12-31,-0.05211726384364823,-0.05847176079734229,0.05811623246492981,-0.032432432432432434,-0.03739316239316237,-0.03810504634397516,0.07640449438202235,-0.03176470588235303,0.13859846396050313,0.14107577463460408,0.06451612903225801,0.1218336684483321,-0.18300000000000002,-0.197,-0.5230304329517397,0.0689,-0.033,0.0409999999999999,-0.179,-0.216,3.0
2009-01-31,-0.04810996563573888,-0.04106463878327005,0.04365079365079372,0.10171102661596954,-0.13312368972746336,-0.02578018995929454,0.07268722466960353,-0.05031446540880502,0.11491181272261763,0.12998886408383226,0.09090909090909105,0.012005576438375964,-0.252,-0.11199999999999999,-0.3350736006562087,0.0591,0.001,0.037,-0.345,-0.314,2.0
2009-02-28,-0.04283965728274175,-0.0033167495854062867,0.08847736625514391,0.024519230769230793,-0.12680756395995552,0.0,0.09684684684684686,-0.04987212276214836,0.12966731802259424,0.12652844173621114,0.11428571428571432,0.1512806517611689,-0.094,0.004,-0.47631693907810835,0.055700000000000006,0.001,0.0409999999999999,-0.185,-0.308,3.0
2009-03-31,-0.04988913525498895,-0.026254826254826336,0.0714285714285714,-0.2100840336134454,-0.12016293279022405,-0.008917197452229297,0.09523809523809512,-0.06388206388206397,0.11780001293231024,0.12124232472859942,0.17647058823529416,0.0920393453926458,-0.10099999999999999,-0.051,-0.34544788222634537,0.055,0.001,0.039,-0.225,-0.356,2.0
2009-04-30,-0.043820224719101186,0.003172085646312439,0.12890624999999978,-0.06541554959785512,-0.11967545638945232,0.02251655629139071,0.08552631578947367,-0.07064555420219243,0.0934089739756987,0.10768983264814991,0.18749999999999978,-0.004937710874643564,-0.073,0.002,-0.2874940053678454,0.054000000000000006,0.013000000000000001,0.036,-0.1989999999999999,-0.35,2.0
2009-05-31,-0.036666666666666625,-0.015048908954100826,0.09652509652509655,-0.02994923857868026,-0.09839357429718876,0.013123359580052396,0.08096280087527341,-0.06060606060606055,0.09244179667248731,0.0995650771300427,0.22580645161290303,0.04245362077239956,-0.08199999999999999,-0.032,-0.28274473067972306,0.0542,0.013000000000000001,0.027,-0.294,-0.395,2.0
2009-06-30,0.01497695852534564,0.0,0.07692307692307687,0.16226978596316566,-0.08082901554404143,0.017743979721165815,0.09740259740259738,-0.05186972255729805,0.09869777637797328,0.08827300258703952,0.22580645161290303,0.17663039510492795,-0.006,0.161,-0.18641136223185217,0.0547,0.013000000000000001,0.02,-0.136,-0.321,2.0
2009-07-31,-0.014857142857142791,-0.013076923076922986,0.06994328922495274,0.16529351184346042,-0.08358817533129448,0.007874015748031482,0.08955223880597019,-0.02195121951219514,0.09362716942004035,0.07645403185921507,0.19354838709677424,0.23276270923673525,0.009000000000000001,0.004,-0.023719689624804197,0.0553,0.03,0.016,-0.221,-0.356,2.0
2009-08-31,-0.010613207547169656,-0.06040756914119372,0.09845559845559859,0.16191983122362874,-0.05607476635514008,0.006775067750677488,0.10191082802547768,-0.00614250614250611,0.08359838201842273,0.07275636563368337,0.19354838709677424,0.16352028580407252,0.013999999999999999,-0.057999999999999996,0.07675425039942496,0.056100000000000004,0.03,0.022,-0.209,-0.322,2.0
2009-09-30,0.03767123287671237,-0.0008183306055646877,0.09461966604823746,0.11795137092602159,-0.004214963119072768,0.025940337224383825,0.11677282377919318,-0.0158924205378973,0.08935354564141562,0.06441525002337412,0.09999999999999987,0.2726814861736484,0.121,0.10300000000000001,0.14447733923420358,0.0582,0.03,0.022,-0.094,-0.247,2.0
2009-10-31,0.020385050962627327,-0.02694136291600635,0.04112149532710285,0.29829242262540023,-0.02777777777777779,0.011873350923482962,0.1217948717948718,-0.004901960784313597,0.051202406394740274,0.04924418816048104,0.06666666666666665,0.06432518917014751,0.011000000000000001,-0.033,0.3507483916633696,0.0588,0.006999999999999999,0.02,-0.085,-0.158,2.0
2009-11-30,0.053380782918149405,-0.01904761904761909,0.049429657794676896,0.34716599190283404,0.026373626373626502,0.011612903225806548,0.12579957356076754,-0.012468827930174564,0.043788773937377456,0.04740564510275136,0.09999999999999987,0.019740768302637823,0.18600000000000003,0.05,0.36854584213349106,0.0587,0.006999999999999999,0.024,0.179,0.024,1.0
2009-12-31,0.0904925544100803,0.0359915314043755,0.07575757575757569,0.3841856467554794,0.04661487236404005,0.023554603854389677,0.14822546972860118,0.010935601458080368,0.03940572282495025,0.03968454823472123,0.06060606060606055,0.037486452488389777,0.34700000000000003,0.126,0.4031294692678262,0.0581,0.006999999999999999,0.0279999999999999,0.3279999999999999,0.239,1.0
2010-01-31,0.04933814681107118,0.026169706582077845,0.09505703422053235,0.08843830888697157,0.12454655380894786,-0.03899721448467963,0.11704312114989723,0.02119205298013238,0.06054390900391593,0.0370063441059012,0.38888888888888884,0.23992558139534892,0.386,0.042,0.3212839549137039,0.05940000000000001,0.02,0.035,0.454,0.267,1.0
2010-02-28,0.0805626598465472,-0.02079866888519133,0.018903591682419618,0.16518066635382467,0.13503184713375793,0.025316455696202667,0.11088295687885008,0.04845222072678346,0.056914289086597014,0.03394185768175384,0.23076923076923084,0.2116945159460757,0.19100000000000003,-0.019,0.40548700258353065,0.0584,0.02,0.03,0.301,0.374,1.0
2010-03-31,0.07584597432905493,0.007137192704202988,0.08468468468468471,0.5031289111389234,0.16203703703703698,0.03856041131105403,0.08074534161490687,0.051181102362204633,0.055964141201215734,0.030064927429171773,0.02499999999999991,0.2549648783567817,0.228,0.066,0.3388888127978493,0.056900000000000006,0.02,0.025,0.3379999999999999,0.487,1.0
2010-04-30,0.06815511163337273,0.016600790513833896,0.00865051903114189,0.2547332185886402,0.15322580645161277,-0.025906735751295318,0.09090909090909083,0.05242463958060295,0.0431086974719177,0.02897771022247242,-0.02631578947368407,0.15143796581876523,0.20199999999999999,-0.057999999999999996,0.2404378302245549,0.054900000000000004,0.019,0.026,0.296,0.428,1.0
2010-05-31,0.06343713956170705,0.02444614209320073,0.04929577464788748,0.035583464154892885,0.13585746102449892,0.006476683937823857,0.1174089068825912,0.07096774193548394,0.051290705985328255,0.03205256981272653,-0.1578947368421052,0.19369216398742384,0.2,0.005,0.1619259314669277,0.054000000000000006,0.019,0.027,0.3979999999999999,0.489,1.0
2010-06-30,0.047673098751418896,-0.0015748031496063408,0.046428571428571486,-0.2269807280513919,0.14092446448703488,0.021170610211706187,0.12228796844181455,0.0928753180661579,0.04258993591402627,0.029579461911160232,-0.07894736842105254,0.13254871273411029,0.159,-0.064,0.20026781852333997,0.053200000000000004,0.019,0.027,0.305,0.372,1.0
2010-07-31,0.0649651972157772,0.03585346843335935,0.021201413427561766,-0.2562969509500662,0.1423804226918799,0.01171875,0.10567514677103707,0.05486284289276799,0.04348039653437463,0.029663450013658332,0.0,0.14123033785623962,0.14300000000000002,-0.001,0.12198587356386703,0.053899999999999997,0.012,0.025,0.267,0.28,1.0
2010-08-31,0.05721096543504167,0.05577072037180497,0.01405975395430592,-0.28188833408987757,0.11551155115511547,0.025572005383580176,0.09248554913294815,0.05933250927070444,0.031099305987064785,0.023275790667848018,-0.10810810810810823,0.08427153165139867,0.14,-0.001,0.09056747884370697,0.055099999999999996,0.012,0.027,0.26,0.287,1.0
2010-09-30,0.024202420242024125,-0.019656019656019597,-0.008474576271186418,-0.3151318833873207,0.04550264550264549,-0.0025284450063209896,0.07984790874524705,0.09689440993788812,0.013314900956331366,0.025889491946456955,0.030303030303030276,-0.06399713681153385,0.018000000000000002,-0.17300000000000001,0.1127378987983434,0.0545,0.012,0.034,0.162,0.176,1.0
2010-10-31,0.045504994450610514,0.02687296416938101,0.07001795332136451,-0.41348129880805595,0.1068783068783068,0.015645371577575062,0.06666666666666665,0.09113300492610832,0.034835630868869094,0.03520187130401009,0.031249999999999778,0.03241608771355198,0.14400000000000002,-0.057999999999999996,0.174978246516865,0.053700000000000005,0.012,0.037,0.276,0.217,1.0
2010-11-30,0.06869369369369371,-0.003236245954692518,0.09420289855072461,-0.4740796393688955,0.07494646680942174,0.030612244897959107,0.0662878787878789,0.0959595959595958,0.03222285006041492,0.034411881665148636,-0.09090909090909083,0.01727346991986134,0.121,-0.078,0.202426458951126,0.0534,0.012,0.03,0.214,0.309,1.0
2010-12-31,0.03361344537815136,-0.0034059945504086864,0.07218309859154926,-0.5312014902204285,0.11452810180275708,0.07845188284518834,0.025454545454545396,0.08774038461538458,0.0311670099277801,0.035283394364288734,0.0,0.002772205313924525,0.11199999999999999,0.001,0.19788622233879138,0.054000000000000006,0.012,0.03,0.226,0.217,1.0
2011-01-31,0.08715596330275233,-0.0061823802163833985,0.07465277777777768,-0.4038842647641696,0.0849462365591398,0.08840579710144914,0.09007352941176472,0.09857328145265898,0.01791675895062439,0.03977883245785496,-0.24,-0.12142897631599181,0.12,-0.098,0.25589689392092385,0.0564,0.009000000000000001,0.034,0.447,0.331,1.0
2011-02-28,-0.002366863905325478,-0.010195412064570974,0.06307977736549164,-0.3902537253322593,0.04489337822671158,0.006858710562414272,0.060998151571164394,0.06675224646983291,0.013888687599266092,0.045077265052615,-0.0625,-0.16542236384530618,0.068,-0.187,0.19571675728021898,0.056600000000000004,0.009000000000000001,0.039,0.1639999999999999,0.173,1.0
2011-03-31,0.04446854663774391,-0.03622047244094484,0.04983388704318936,-0.43338884263114075,0.07968127490039834,0.02846534653465338,0.07471264367816088,0.06741573033707882,0.01741043202143766,0.0474157000149269,0.04878048780487809,-0.17182333869865785,0.08800000000000001,-0.06,0.21870923428697342,0.057800000000000004,0.009000000000000001,0.0409999999999999,0.288,0.281,0.0
2011-04-30,0.04180418041804179,-0.01244167962674958,0.097770154373928,-0.4307270233196159,0.04595404595404595,0.02127659574468077,0.05740740740740735,0.08094645080946461,0.0293222790766412,0.05398775884127893,0.0,-0.13965499300259632,0.055999999999999994,-0.083,0.23019734124329627,0.057,0.005,0.038,0.235,0.244,1.0
2011-05-31,0.054229934924078016,0.02237136465324374,0.02348993288590595,-0.38807478524507333,0.038235294117647145,0.019305019305019266,0.06340579710144922,0.055421686746987886,0.014913041883895639,0.05450894335235201,0.0,-0.2384896085192285,0.071,-0.094,0.2665012087488279,0.0576,0.005,0.039,0.217,0.299,1.0
2011-06-30,0.047670639219935085,0.014195583596214423,0.04266211604095571,-0.2880886426592798,0.03754940711462451,0.07073170731707323,0.061511423550087985,0.055878928987194376,0.019921604832658257,0.05495824659273785,-0.05714285714285716,-0.20030808894618146,0.06,-0.011000000000000001,0.21264394882641113,0.057999999999999996,0.005,0.042,0.111,0.271,0.0
2011-07-31,0.028322440087146017,0.008276899924755332,0.0795847750865053,-0.20677361853832443,0.05160662122687443,0.04761904761904767,0.05486725663716818,0.06619385342789608,0.02316635188645133,0.0587352259145375,-0.10810810810810823,-0.20387059333665825,0.037000000000000005,-0.149,0.19269483943898003,0.058600000000000006,0.005,0.045,0.211,0.251,0.0
2011-08-31,0.04735062006764368,-0.03154805575935449,0.12131715771230511,-0.1428571428571428,0.05818540433925046,0.07086614173228334,0.05820105820105814,0.046674445740956916,0.027578992897146604,0.06504953670290425,-0.09090909090909083,-0.21276182909673858,0.052000000000000005,-0.09300000000000001,0.0758659525928378,0.0584,0.005,0.047,0.255,0.287,0.0
2011-09-30,0.030075187969925032,-0.0292397660818714,0.0923076923076922,-0.1317567567567568,0.04959514170040502,0.07604562737642584,0.06161971830985924,0.029445073612684114,0.03945693344047685,0.07001823885249814,-0.11764705882352944,-0.16648678873696943,0.071,-0.013000000000000001,-0.0566582073497397,0.0576,0.005,0.038,0.18,0.294,1.0
2011-10-31,0.03290870488322706,-0.015860428231562307,0.07885906040268442,-0.1128241065171689,0.029636711281070927,0.0744544287548139,0.07499999999999996,0.0338600451467268,0.03944907191640423,0.07325028615401741,-0.12121212121212122,-0.18445895761643205,0.043,0.019,0.013755604982177871,0.057699999999999994,0.005,0.036,0.076,0.154,1.0
2011-11-30,0.024236037934667998,-0.022727272727272707,0.052980132450331174,-0.12285714285714289,0.027888446215139417,0.04826732673267342,0.06927175843694511,0.0426267281105992,0.04688561224968413,0.0745235314188537,-0.033333333333333326,-0.14503970976317582,0.037000000000000005,-0.07200000000000001,-0.030448974724982314,0.058300000000000005,0.005,0.042,0.115,0.1119999999999999,0.0
2011-12-31,0.023373983739837456,-0.03622693096377316,0.03284072249589487,-0.13245033112582782,-0.0019029495718362321,0.05334626576139678,0.07624113475177308,0.03646408839779003,0.05550149827592099,0.07703443890536787,-0.1428571428571429,-0.09784831815312545,0.024,0.016,-0.11634210013717006,0.056900000000000006,0.005,0.042,0.0819999999999999,0.136,0.0
2012-01-31,0.012658227848101333,-0.06531881804043538,0.021001615508885463,-0.13696808510638292,0.0,0.04260985352862856,0.026981450252951067,0.04958677685950419,0.04908929161459197,0.07324405935547929,-0.07894736842105254,-0.1331194855508524,-0.032,-0.11,-0.05662393069222116,0.0579,0.009000000000000001,0.034,-0.073,0.037,1.0
2012-02-29,0.04982206405693956,0.012875536480686733,0.13089005235602102,-0.12087186261558791,0.058002148227712214,0.0681198910081744,0.06794425087108014,0.05655836341756926,0.043789739096149694,0.06773066815602125,-0.06666666666666665,-0.1285693330725607,0.153,0.083,0.045831829782104094,0.0571,0.009000000000000001,0.03,0.204,0.239,1.0
2012-03-31,0.0020768431983384517,-0.002450980392156965,0.03164556962025311,-0.09625275532696542,-0.027675276752767486,0.024067388688327362,0.089126559714795,0.04444444444444451,0.05983460487817083,0.06152976943951982,-0.13953488372093015,0.04631359625877951,0.008,-0.071,-0.04498004450531834,0.05740000000000001,0.009000000000000001,0.027,-0.015,-0.011,2.0
2012-04-30,-0.006335797254487963,-0.03070866141732287,-0.012499999999999956,-0.04016064257028118,-0.018147086914995225,0.04817708333333348,0.09982486865148843,0.04147465437788034,0.04437657305179843,0.055145388966451936,-0.05405405405405406,-0.04600285836293383,0.0,-0.07400000000000001,-0.10087725261662683,0.0571,0.006,0.026,-0.05,-0.005,2.0
2012-05-31,0.01337448559670773,-0.03719912472647702,0.04590163934426217,-0.03303055326176718,0.022662889518413554,0.051767676767676685,0.08177172061328775,0.060502283105023036,0.0505766658860034,0.052298913353540755,-0.03125,0.03531398211092052,0.032,-0.038,-0.15030970610929373,0.056600000000000004,0.006,0.025,-0.01,-0.018,2.0
2012-06-30,-0.0031023784901758056,-0.027993779160186527,0.016366612111292866,-0.0311284046692607,0.018095238095238164,0.034168564920273425,0.054635761589403975,0.05071664829106948,0.05348693163391238,0.05335390701505838,-0.030303030303030165,0.05458998873236798,0.006999999999999999,-0.139,-0.12491496815788317,0.0558,0.006,0.022,0.009,-0.063,2.0
2012-07-31,0.016949152542372836,-0.011194029850746245,0.017628205128205066,-0.04194756554307111,0.0037037037037037646,0.027027027027026973,0.0755033557046978,0.032150776053214924,0.04532551127874518,0.046994880869620115,-0.06060606060606055,0.03115509486009249,0.0,0.034,-0.125298146750902,0.0545,0.005,0.015,-0.087,-0.052,2.0
2012-08-31,-0.009687836383207804,0.012121212121211977,0.0061823802163831765,-0.031710914454277206,0.00838769804287054,0.018382352941176405,0.06833333333333313,0.027870680044593144,0.041154544710678476,0.045560721544495975,0.0,0.0029193652337395903,-0.012,-0.054000000000000006,0.013214718180523555,0.052199999999999996,0.005,0.013,-0.06,-0.094,2.0
2012-09-30,0.012513034410844615,0.030981067125645412,0.032863849765258246,-0.02801556420233453,0.030858244937319146,0.037691401648998646,0.06799336650082943,0.01870187018701852,0.03609690640660301,0.042433704968435126,-0.033333333333333326,-0.018721354198780404,0.002,-0.017,0.12046856249198079,0.0513,0.005,0.021,-0.024,-0.06,2.0
2012-10-31,-0.0030832476875641834,-0.007252215954875019,0.017107309486780853,-0.026856240126382214,0.0120705663881151,-0.01194743130227005,0.058139534883721034,0.013100436681222849,0.021445015637288956,0.035919424010022905,-0.034482758620689724,-0.10473581405633758,-0.008,-0.084,0.0015859505336353052,0.049800000000000004,0.005,0.021,0.01,0.016,1.0
2012-11-30,0.020576131687242816,0.004152823920265725,0.012578616352201255,0.01791530944625408,0.03585271317829464,0.025974025974025983,0.058139534883721034,0.0044198895027625085,0.019994760963955915,0.032239357480999375,-0.034482758620689724,-0.08687169360659508,0.031000000000000003,0.023,0.045182686630070634,0.049400000000000006,0.005,0.016,0.039,0.009,1.0
2012-12-31,-0.0049652432969214955,-0.014893617021276562,0.0365659777424483,-0.003053435114503844,0.011439466158245759,0.01933701657458564,0.05601317957166385,0.021321961620469176,0.027646893477927925,0.03441455804099447,-0.033333333333333326,-0.02989296238689554,0.001,-0.085,0.08968573717363171,0.0484,0.005,0.0139999999999999,-0.06,-0.053,2.0
2013-01-31,-0.022916666666666696,0.03993344425956735,0.04588607594936689,-0.03929121725731899,0.04063429137760144,0.026819923371647514,0.062397372742200474,0.021372328458942436,0.025107825276304396,0.03111470344523415,-0.02857142857142858,-0.030991095116760903,0.09,0.08,0.0031395259121218544,0.05,0.009000000000000001,0.016,0.109,0.0409999999999999,1.0
2013-02-28,0.004519774011299438,-0.03050847457627115,-0.015432098765432056,-0.07738542449286245,-0.0020304568527919065,0.03316326530612246,0.06035889070146827,0.029612756264236983,0.02404812178449034,0.030678811487317104,-0.07142857142857151,-0.03444175818735484,-0.08199999999999999,0.03,-0.0018537105416509547,0.049100000000000005,0.009000000000000001,0.016,-0.086,-0.103,2.0
2013-03-31,0.014507772020725396,0.005733005733005836,-0.0030674846625767804,-0.07723577235772361,0.01992409867172662,0.016451233842538215,0.03927986906710301,0.015677491601343796,0.014603386461703227,0.03171323538548121,-0.05405405405405406,-0.12385322834883783,-0.018000000000000002,0.033,-0.004553470750454203,0.0477,0.009000000000000001,0.015,0.0,-0.024,2.0
2013-04-30,0.018065887353878818,-0.011372867587327362,0.034810126582278444,-0.01757322175732212,0.05058365758754868,0.02111801242236022,0.035031847133758065,0.01880530973451311,0.02202805197454394,0.03192701769460582,-0.08571428571428563,-0.06985950477373282,0.025,0.19100000000000003,-0.009143659061677134,0.04730000000000001,0.012,0.013,0.001,-0.0069999999999999,2.0
2013-05-31,-0.0020304568527919065,-0.02954545454545454,0.020376175548589393,-0.0017079419299742549,0.02123730378578026,0.01800720288115243,0.03307086614173227,0.004305705059203246,0.019648895542289324,0.03324065406423515,-0.032258064516129115,-0.10277834029605959,0.0,0.122,0.0820224179225093,0.046200000000000005,0.012,0.012,0.031,-0.047,2.0
2013-06-30,-0.0020746887966804906,0.0,0.03220611916264082,-0.012048192771084376,0.007483629560336658,-0.018722466960352402,0.047095761381475754,-0.0020986358866736943,0.023800892422314535,0.038839852795137464,-0.03125,-0.10075791793820599,-0.013000000000000001,0.147,0.005008947873163194,0.0452,0.012,0.012,-0.01,-0.03,2.0
2013-07-31,-0.006249999999999978,-0.025660377358490583,0.012598425196850283,-0.05316653635652857,-0.004612546125461248,0.00837320574162681,0.045241809672387,0.009667024704618665,0.014826445126298493,0.04060068252843507,0.0,-0.20731853581626647,0.018000000000000002,0.111,0.01688125973169896,0.046,0.009000000000000001,0.016,0.026,0.034,1.0
2013-08-31,0.004347826086956497,-0.0037425149700598404,-0.016897081413210335,-0.06473724295506489,0.019408502772643166,0.012033694344163681,0.05460218408736339,0.0390455531453362,0.030416613225896505,0.04209689421202234,0.0,-0.07524998920670978,0.036000000000000004,0.161,0.011087208035247542,0.0455,0.009000000000000001,0.015,0.076,0.012,1.0
2013-09-30,-0.01441812564366629,0.015859766277128706,-0.022727272727272707,-0.059247397918334666,-0.031805425631431294,-0.011350737797956922,0.05279503105590044,0.06047516198704117,0.032365010470614575,0.04090557977984721,-0.06896551724137923,-0.04612208684199803,-0.034,0.057,0.0003756414194695523,0.0454,0.009000000000000001,0.01,-0.017,-0.035,2.0
2013-10-31,0.019587628865979534,0.044642857142856984,-0.006116207951070374,-0.025974025974025983,0.0,0.055622732769044614,0.06436420722134994,0.02909482758620685,0.04463427163658973,0.04403264231313764,-0.03571428571428559,0.05070298070405088,0.040999999999999995,0.16899999999999998,0.059898884675473774,0.0446,0.009000000000000001,0.009,0.072,0.051,1.0
2013-11-30,0.002016129032258007,0.038875103391232235,-0.004658385093167849,-0.005600000000000049,-0.013096351730589428,0.05523590333716921,0.05965463108320246,0.05940594059405924,0.04658909835624114,0.04983786480870145,-0.07142857142857129,0.014536442363194624,-0.003,0.114,0.056312736942777164,0.045,0.009000000000000001,0.012,0.002,-0.006,2.0
2013-12-31,-0.008982035928143728,0.017998560115190854,-0.0015337423312884457,0.02833078101071984,0.022620169651272448,0.04065040650406493,0.06240249609984394,0.050104384133611735,0.04186903997172364,0.04999037081719293,0.034482758620689724,-0.031757114335503545,0.027999999999999997,0.033,0.007130033493949028,0.0452,0.009000000000000001,0.011,0.069,0.03,1.0
2014-01-31,0.02771855010660995,0.014399999999999968,-0.0075642965204235635,-0.04089815557337617,0.0028571428571428914,0.026119402985074647,0.06646058732612059,0.03854625550660784,0.05357593251746362,0.057106660256893704,0.0,0.018488699492894556,-0.042,0.11699999999999999,-0.010653156239832207,0.0453,0.009000000000000001,0.011,-0.002,-0.012,2.0
2014-02-28,-0.006749156355455699,0.03146853146853146,0.004702194357366629,-0.0675895765472313,-0.004069175991861518,0.0185185185185186,0.06769230769230772,0.0265486725663715,0.062208438963958335,0.06106414923032699,0.15384615384615397,0.07298308222005279,0.04,0.065,-0.02321343838225154,0.044500000000000005,0.009000000000000001,0.01,0.0139999999999999,0.04,1.0
2014-03-31,0.0010214504596526286,0.028501628664495016,0.04923076923076919,0.05022026431718074,-0.0037209302325581506,0.005780346820809301,0.07086614173228356,0.05733186328555684,0.06022845181570591,0.06107297692277669,0.11428571428571432,0.052180928631212264,0.03,0.026000000000000002,-0.00966303937766888,0.0446,0.009000000000000001,0.013,0.037,0.036,1.0
2014-04-30,-0.0031315240083507057,0.009860312243221037,0.02752293577981657,0.017887563884156688,0.004629629629629539,0.014598540145985384,0.06461538461538474,0.04234527687296419,0.06465260387775928,0.06583839142883852,0.18749999999999978,0.052440958023868056,0.025,0.031000000000000003,-0.001100384810349908,0.0442,0.009000000000000001,0.015,0.089,0.051,1.0
2014-05-31,0.004069175991861629,0.010928961748633892,0.02764976958525356,0.09751924721984606,-0.009041591320072317,0.02358490566037741,0.057926829268292845,0.03215434083601276,0.06829668591283045,0.06748098364533961,0.16666666666666674,0.0767579607126303,-0.02,-0.011000000000000001,-0.003048086761998192,0.044000000000000004,0.009000000000000001,0.017,-0.015,0.005,1.0
2014-06-30,0.008316008316008316,0.010399999999999965,0.0499219968798752,0.04471544715447151,0.00742804085422466,0.06846240179573515,0.05697151424287861,0.03259726603575186,0.058705212224754444,0.06346264963175274,0.12903225806451601,0.013185270300590135,0.006999999999999999,-0.013999999999999999,0.07189173697428863,0.044000000000000004,0.009000000000000001,0.017,0.024,0.043,1.0
2014-07-31,0.0031446540880502027,0.03640588690937263,0.0653188180404356,-0.012386457473162693,0.027803521779425466,0.03795966785290639,0.04925373134328348,0.028723404255319274,0.06741565353921675,0.06571463287236279,0.09677419354838701,0.08666188368126848,0.042,-0.008,0.08128984135122863,0.043899999999999995,0.003,0.016,0.052,0.057,1.0
2014-08-31,0.007575757575757347,0.013523666416228375,0.06875000000000009,-0.019543973941367976,0.0,0.03329369797859694,0.05769230769230771,0.018789144050104456,0.06248021042156493,0.06751739144104474,0.09999999999999987,0.011128399009891154,-0.025,-0.006999999999999999,0.07121085910778291,0.0418,0.003,0.0139999999999999,-0.004,0.0289999999999999,1.0
2014-09-30,0.0052246603970742544,0.02465078060805248,0.05736434108527133,-0.018723404255319154,0.02995169082125604,0.01722158438576349,0.06047197640118007,0.008146639511201537,0.05631345593307158,0.0693101270473564,0.14814814814814814,-0.07402186304940839,0.02,-0.04,0.011516043329131698,0.0414,0.003,0.011,0.063,0.076,1.0
2014-10-31,-0.011122345803842304,0.009324009324009452,0.08307692307692327,0.021666666666666723,0.03944954128440359,0.014891179839633395,0.06047197640118007,0.028272251308900653,0.05623195242006496,0.07301985089568985,0.18518518518518512,-0.11203458951936207,-0.027999999999999997,-0.057,-0.03287795596295151,0.04,0.005,0.011,0.023,-0.033,2.0
2014-11-30,-0.01810865191146893,0.004777070063694433,0.09828393135725455,0.005631536604987941,0.04739336492891,-0.010905125408942173,0.06962962962962971,0.015576323987538832,0.0643454343173453,0.07187606830134752,0.15384615384615374,-0.01253780114509262,-0.032,-0.09300000000000001,-0.03184349408693343,0.0388,0.005,0.01,-0.027,-0.0409999999999999,2.0
2014-12-31,0.02618328298086614,-0.0035360678925034916,0.0875576036866359,0.05956813104988834,0.05714285714285716,0.0,0.06901615271659334,0.02982107355864816,0.10170511496760937,0.08256518690502257,0.09999999999999987,0.2898733088765515,0.013999999999999999,-0.028999999999999998,-0.04877549828737848,0.0391,0.005,0.008,0.031,-0.01,2.0
2015-01-31,-0.025933609958506243,-0.01340694006309151,0.0960365853658538,0.0008361204013378476,0.03893637226970559,-0.04969696969696957,0.08550724637681162,0.0031813361611876534,0.0907633067207152,0.08233154157688083,0.08823529411764719,0.17773260925690626,0.013000000000000001,-0.002,0.004169224851836795,0.039,0.008,0.01,-0.01,-0.122,2.0
2015-02-28,0.028312570781426905,-0.04830508474576278,0.09360374414976591,0.10829694323144112,0.03166496424923393,-0.054545454545454564,0.07204610951008639,0.037715517241379226,0.08318683797097992,0.08419012796386949,0.0,0.07384478887664958,-0.051,0.033,0.00293009094951735,0.0386,0.008,0.006,-0.034,-0.192,2.0
2015-03-31,0.02346938775510199,-0.025336500395882866,0.10703812316715533,0.00503355704697972,0.043884220354808656,0.010344827586207028,0.06470588235294117,0.04796663190823769,0.09413430042983228,0.0864504746256558,0.025641025641025772,0.1679726550230758,-0.011000000000000001,0.01,0.0275284324114633,0.0361,0.008,0.005,-0.046,-0.155,2.0
2015-04-30,0.04607329842931951,0.008136696501220397,0.12053571428571419,0.12468619246861934,0.011981566820276512,-0.02877697841726623,0.050578034682081,0.0625,0.09444849996646809,0.08755690724638376,0.026315789473684292,0.16632394324006627,-0.024,-0.059000000000000004,0.08093507938658284,0.0336,0.005,0.004,-0.08,-0.175,2.0
2015-05-31,0.0020263424518744966,0.009266409266409203,0.09566517189835566,-0.014029618082618933,0.015510948905109512,-0.06105990783410131,0.05331412103746391,0.04153686396677059,0.09438261241036283,0.08432256089771206,0.05714285714285716,0.19783639890931526,-0.031000000000000003,-0.017,0.058336288033011385,0.0356,0.005,0.006,-0.11,-0.154,2.0
2015-06-30,-0.009278350515463996,-0.102929532858274,0.11887072808320953,0.07548638132295715,-0.02488479262672816,-0.03886554621848748,0.06950354609929077,0.025458248472504996,0.10273861418734143,0.07226573250529267,0.08571428571428563,0.4087767273703371,0.011000000000000001,0.04,0.03532396264566895,0.0349,0.005,0.0069999999999999,-0.027,-0.138,2.0
2015-07-31,0.002089864158829613,-0.04185351270553084,0.11240875912408765,0.047658862876254204,-0.025247971145175963,-0.02285714285714291,0.06685633001422486,0.03412616339193386,0.1050717080961816,0.07132410897216679,0.05882352941176472,0.4795489774258197,-0.035,0.032,-0.022386199029040377,0.034300000000000004,0.015,0.0069999999999999,-0.052,-0.157,2.0
2015-08-31,0.003222341568206444,-0.01779095626389926,0.07748538011695905,0.11295681063122909,0.012692656391659174,-0.020713463751438566,0.06853146853146863,0.0338114754098362,0.10643853701728512,0.0746619359060472,0.030303030303030276,0.4484528667781915,0.011000000000000001,0.062000000000000006,-0.06338734881111563,0.0344,0.015,0.0069999999999999,-0.152,-0.187,2.0
2015-09-30,0.033264033264033266,-0.014434643143544479,0.07917888563049846,0.0615784908933219,0.027204502814258902,0.0338600451467268,0.04728789986091786,0.036363636363636376,0.11432060961421553,0.07660982315284515,0.032258064516129004,0.5510360298406951,0.047,0.166,-0.02876489812096583,0.034300000000000004,0.015,0.005,-0.085,-0.218,2.0
2015-10-31,0.062372188139059315,-0.006928406466512715,0.06676136363636354,0.08890701468189244,0.013239187996469504,-0.006772009029345272,0.04728789986091786,0.050916496945010215,0.11189163962061732,0.07947341003190811,-0.03125,0.504538778167585,0.032,0.067,0.032572506539023216,0.0342,0.006999999999999999,0.008,-0.16,-0.166,2.0
2015-11-30,0.037909836065573854,-0.007923930269413626,0.05823863636363624,0.03600000000000003,-0.010859728506787403,0.015435501653803696,0.05263157894736836,0.07464212678936599,0.1003334347762026,0.08011914859970104,0.0,0.324351280519134,0.021,0.077,0.005633362783340701,0.0344,0.006999999999999999,0.008,-0.05,-0.176,2.0
2015-12-31,0.018645731108930308,0.007097232079489091,0.07627118644067798,0.03865073787772322,0.006974716652135893,0.11892361111111116,0.07829670329670324,0.0916988416988418,0.0762383041678345,0.07736360667154463,-0.030303030303030165,0.06695329789825122,-0.012,0.156,0.023586995872910244,0.0346,0.006999999999999999,0.011,-0.143,-0.192,2.0
2016-01-31,0.03088391906283272,0.0231814548361311,0.04728789986091786,0.10025062656641581,0.003656307129798808,0.02168367346938771,0.04138851802403187,0.04968287526427062,0.08083253806933266,0.0757925230761578,0.0,0.12860668371167217,-0.009000000000000001,0.07200000000000001,-0.019268592848313837,0.0349,0.003,0.006,-0.196,-0.203,2.0
2016-02-29,0.006607929515418665,0.03205699020480868,0.05706134094151216,0.014184397163120366,0.03762376237623766,0.044871794871794934,0.05241935483870952,0.031152647975077885,0.08200967558723637,0.0707327431042355,0.08888888888888902,0.18802547184924534,0.02,0.087,-0.035437774498825014,0.0347,0.003,0.011,-0.134,-0.142,2.0
2016-03-31,0.03489531405782653,0.01705930138099121,0.0331125827814569,-0.045075125208681066,0.012522361359570633,0.04323094425483509,0.05248618784530379,0.003980099502487677,0.07909622999634114,0.06930729311124773,0.050000000000000044,0.16659809044478102,0.023,0.20600000000000002,-0.022384584218436032,0.035,0.003,0.008,-0.0819999999999999,-0.134,2.0
2016-04-30,0.026026026026025884,0.02259887005649719,0.009296148738379806,-0.12351190476190477,0.013661202185792254,0.07037037037037042,0.06327372764786787,-0.0039215686274510775,0.0669855246136366,0.06640544563895645,0.0,0.07262684618917659,-0.017,0.136,-0.06457451444355478,0.0344,0.012,0.01,-0.111,-0.144,2.0
2016-05-31,0.03640040444893833,0.013006885998469997,0.05457025920873115,-0.034782608695652195,0.02785265049416008,0.04539877300613493,0.08207934336525313,0.017946161515453696,0.06342893124148463,0.06950628537284564,-0.027027027027027084,0.006854301798118634,0.055,0.167,-0.06414771238884054,0.0345,0.012,0.008,-0.061,-0.084,2.0
2016-06-30,0.05202913631633721,0.13062665489849956,0.04116865869853936,-0.0340086830680173,0.06899810964083164,0.061202185792349706,0.07294429708222805,0.037735849056603765,0.0616166967540297,0.08043139110951447,-0.05263157894736836,-0.0822033469390191,0.031000000000000003,0.17600000000000002,-0.05136433407955465,0.033100000000000004,0.012,0.0069999999999999,-0.0289999999999999,-0.074,2.0
2016-07-31,0.02502606882168923,0.05382215288611558,0.02493438320209962,-0.0007980845969672856,0.06753006475485668,-0.008187134502923965,0.09866666666666668,0.03600000000000003,0.06476092837087832,0.08470332281027737,-0.02777777777777779,-0.09547186862155432,0.019,0.167,-0.006905061779320931,0.0323,0.004,0.004,-0.105,-0.136,2.0
2016-08-31,0.04603854389721618,0.0407547169811322,0.06377204884667576,-0.04925373134328359,0.036705461056401045,0.016451233842538215,0.09293193717277481,0.01090188305252715,0.06288577159503972,0.08011386605216719,0.05882352941176472,-0.07468988790907616,0.035,0.198,0.046868111440060645,0.0323,0.004,0.005,0.026,0.01,1.0
2016-09-30,-0.001006036217303885,0.008136696501220397,0.05434782608695654,-0.017973856209150374,-0.0009132420091323423,0.015283842794759916,0.11553784860557781,0.01754385964912286,0.05788074815495836,0.07591904664561189,0.09375,-0.08711823547290509,-0.012,0.09300000000000001,0.04035049089736287,0.0327,0.004,0.013,-0.06,-0.016,2.0
2016-10-31,0.009624639076034613,0.0046511627906975495,0.03462050599201083,-0.02621722846441943,-0.020905923344947674,0.010227272727272751,0.10624169986719778,0.005813953488372103,0.05684202285840567,0.06874155145396554,0.06451612903225801,-0.04656534019444114,-0.006999999999999999,0.182,-0.010540871096132776,0.0329,0.006,0.015,-0.032,-0.047,2.0
2016-11-30,0.02073050345508398,-0.0207667731629394,0.05637583892617459,0.01698841698841691,0.013723696248856276,-0.02931596091205202,0.10394736842105279,-0.0019029495718362321,0.060113061607148355,0.0681533805184038,0.03333333333333344,-0.0125587440852446,0.061,0.264,-0.004271216212384132,0.0336,0.006,0.015,0.023,0.094,1.0
2016-12-31,0.019267822736030782,-0.025369978858350906,0.04330708661417315,-0.04059539918809196,0.0051948051948051965,0.023273855702094615,0.08025477707006368,-0.017683465959328015,0.056340649989777614,0.05741943330335153,0.0,0.04735263004868573,0.06,0.135,0.03267776194367489,0.0344,0.006,0.013,0.063,0.08,1.0
2017-01-31,0.009297520661157188,-0.035937499999999956,0.04249667994687911,-0.012908124525436548,0.011839708561020013,0.01872659176029967,0.1038461538461537,0.021148036253776592,0.04893908796430502,0.0559268956622907,0.0,-0.014198494580449306,0.018000000000000002,0.146,0.07819281218653984,0.0351,0.01,0.022,0.11,0.2019999999999999,1.0
2017-02-28,0.0,0.019844693701466687,0.053981106612685625,-0.03729603729603714,0.004770992366412319,-0.006134969325153339,0.09067688378033223,0.020140986908358416,0.051913414047859874,0.0562951132702918,0.0,0.014787471072130298,0.09,0.23600000000000002,0.08736429019958436,0.0345,0.01,0.021,0.2019999999999999,0.241,1.0
2017-03-31,-0.0009633911368014392,-0.011980830670926479,0.05128205128205132,0.06905594405594395,-0.0026501766784452485,-0.004362050163576936,0.09842519685039375,0.0525272547076312,0.045397195261302814,0.05476290414925278,-0.023809523809523947,-0.03133960406289349,0.05,0.20500000000000002,0.07914467593518992,0.0348,0.01,0.023,0.131,0.277,1.0
2017-04-30,0.0019512195121951237,-0.011838989739542227,0.051315789473684204,-0.005942275042444822,0.009883198562443907,-0.0011534025374856371,0.09055627425614499,0.028543307086614123,0.05300355712755289,0.052671015055718806,0.0769230769230771,0.056218801762311754,0.044000000000000004,0.198,0.1007091022792812,0.0342,0.008,0.02,0.238,0.172,1.0
2017-05-31,-0.0039024390243902474,-0.013595166163142047,0.04915912031047864,-0.03767403767403765,0.005244755244755206,-0.010563380281690238,0.09228824273072078,0.0352595494613126,0.05510187123297472,0.04907737653930311,0.0,0.11467419097583575,0.022000000000000002,0.166,0.16848720658107208,0.0345,0.008,0.02,0.131,0.19,1.0
2017-06-30,0.001978239366963397,-0.021857923497267784,0.04591836734693877,-0.14531835205992516,0.011494252873563315,0.01029866117404743,0.07787391841779967,0.04784688995215314,0.05677321515275202,0.04783717415942568,0.05555555555555558,0.13718470807823335,0.008,0.09300000000000001,0.19383087637091556,0.0344,0.008,0.018,0.134,0.197,1.0
2017-07-31,0.009155645981688831,-0.03700962250185047,0.03841229193341866,-0.097444089456869,0.0077989601386481144,0.04245283018867929,0.05461165048543681,0.032818532818532864,0.052439197496291445,0.047031090163368816,-0.02857142857142858,0.10454766567126272,0.025,0.136,0.17538768799532978,0.0345,0.013999999999999999,0.022,0.1939999999999999,0.157,1.0
2017-08-31,-0.004094165813715467,-0.045685279187817285,0.03443877551020402,-0.07849293563579274,0.01986183074265968,0.03583815028901727,0.06706586826347305,0.07156862745098036,0.05312497151717821,0.04666314620892176,0.0,0.11335898546864787,0.034,0.08900000000000001,0.14968855051153085,0.034300000000000004,0.013999999999999999,0.025,0.174,0.155,1.0
2017-09-30,0.06847935548841888,0.015334947538337307,0.06056701030927836,-0.01830282861896837,0.059414990859232075,0.03655913978494629,0.0797619047619047,0.05363984674329503,0.06269330345690238,0.04824314539622909,-0.05714285714285716,0.19959443897726903,0.10800000000000001,0.18300000000000002,0.15843425904263597,0.0346,0.013999999999999999,0.02,0.349,0.227,1.0
2017-10-31,-0.04385128693994289,-0.05632716049382713,0.03861003861003853,-0.14,0.010676156583629748,0.02924634420697414,0.038415366146458574,0.052986512524084706,0.05952240343906978,0.049020484285267285,-0.030303030303030165,0.1618215795826905,-0.044000000000000004,-0.003,0.22838527038283551,0.0346,-0.003,0.018,0.067,0.08,1.0
2017-11-30,0.029013539651837617,-0.005709624796084722,0.08513341804320196,-0.1381928625664388,0.04061371841155226,0.0738255033557047,0.0011918951132299238,0.0648236415633936,0.06254821492694007,0.04880804319498755,0.0,0.1968887853814858,0.004,0.016,0.22194095766413113,0.0355,-0.003,0.012,0.0969999999999999,0.128,1.0
2017-12-31,0.017013232514177634,-0.01590744757772966,0.07169811320754715,-0.15585331452750362,0.010335917312661591,-0.0007581501137224889,-0.008254716981132115,0.04050405040504046,0.061503595834660585,0.0563031598093795,0.031249999999999778,0.10524814300294771,-0.036000000000000004,0.013000000000000001,0.1969110265248073,0.0362,-0.003,0.0139999999999999,0.088,0.136,1.0
2018-01-31,0.023541453428863823,-0.025931928687196182,0.12866242038216558,-0.12307692307692308,0.025202520252025407,0.044117647058823595,0.025551684088269466,0.04240631163708075,0.0690970489049052,0.05847714245916724,0.0,0.17187786704041974,0.054000000000000006,0.159,0.21615346452793283,0.0369,0.013000000000000001,0.008,0.223,0.217,1.0
2018-02-28,0.03391684901531722,-0.05752961082910324,0.060179257362356076,-0.14366424535916067,-0.005698005698005604,0.06543209876543199,0.03981264637002324,0.052319842053307086,0.06504382465327208,0.05917380496859859,-0.061224489795918546,0.11681459917958459,-0.055,-0.008,0.14885589536549926,0.0368,0.013000000000000001,0.013,0.031,0.152,1.0
2018-03-31,0.03857280617164904,-0.004850444624090566,0.05853658536585371,-0.08176614881439082,0.016829052258635846,0.0383351588170866,0.03345280764635605,0.025423728813559254,0.07016263338159856,0.06264951410635922,0.09756097560975618,0.13719223117100365,-0.023,-0.053,0.12417806223274219,0.0367,0.013000000000000001,0.012,0.055,0.054,1.0
2018-04-30,0.0165530671859786,-0.02715654952076685,0.09011264080100112,-0.0367207514944492,0.03825622775800719,0.04387990762124727,0.02016607354685651,0.02583732057416266,0.06716561017248446,0.0616076051572243,-0.023809523809523947,0.12072370614356709,0.022000000000000002,0.003,0.13149683007972257,0.0365,0.006999999999999999,0.015,-0.02,0.151,1.0
2018-05-31,0.026444662095984395,-0.026033690658499142,0.07768187422934658,-0.05702127659574474,0.0417391304347825,0.04863582443653636,-0.0057870370370370905,0.024597918637653704,0.0666940725884626,0.06418612777365196,0.11111111111111116,0.09003410407035117,0.024,-0.022000000000000002,0.03171081031123091,0.0368,0.006999999999999999,0.015,0.128,0.132,1.0
2018-06-30,0.017769002961500524,-0.02154828411811649,0.07317073170731714,-0.00876424189307623,0.03321678321678312,0.004077471967380175,0.04701834862385312,-0.007305936073059294,0.06290843678674296,0.06438841334971368,-0.02631578947368407,0.050637135991566495,0.02,-0.051,-0.027836163828398597,0.0365,0.006999999999999999,0.015,-0.004,0.11,1.0
2018-07-31,0.022177419354838745,-0.015372790161414351,0.054254007398273796,-0.0070796460176990594,0.02923473774720553,0.03280542986425328,0.05983889528193309,-0.004672897196261627,0.06419356149305977,0.06287055153750032,0.08823529411764719,0.07627729758863011,0.033,-0.042,-0.04575111962294898,0.0367,0.006,0.011,0.061,0.163,1.0
2018-08-31,0.02261048304213764,-0.023556231003039496,0.04562268803945746,-0.006814310051107442,0.0016934801016088574,0.04241071428571441,0.08080808080808088,-0.025617566331198494,0.06222220326039185,0.06491903785349828,0.11111111111111116,0.03858954272245696,0.042,-0.038,-0.017204631776128743,0.0363,0.006,0.0139999999999999,0.087,0.094,1.0
2018-09-30,-0.04618284637134773,-0.04133545310015896,0.0279465370595382,-0.03050847457627115,-0.016393442622950838,-0.006224066390041583,0.07386990077177513,-0.027272727272727226,0.056400671165296457,0.06397775587722832,0.09090909090909105,-0.006327724883858243,-0.065,-0.16899999999999998,-0.021699835293624403,0.0361,0.006,0.021,-0.081,-0.016,2.0
2018-10-31,0.054835493519441725,0.011447260834014816,0.09417596034696407,0.03756708407871212,0.06073943661971826,0.013114754098360715,0.09710982658959555,-0.0027447392497712553,0.05930633216235681,0.06364645936677693,0.09375,0.02113384533380991,0.127,-0.017,-0.2177360169080318,0.0364,0.006,0.02,0.225,0.281,1.0
2018-11-30,0.005639097744360777,0.0016406890894173909,-0.0023419203747072626,0.004405286343612369,0.026886383347788367,-0.012500000000000067,0.10119047619047628,-0.017905102954342,0.05253620085803079,0.06406837788918884,0.032258064516129004,-0.046266436962627555,0.003,-0.095,-0.16635278667233422,0.0366,0.006,0.02,0.036,0.114,1.0
2018-12-31,0.0,0.005878030859661987,0.012910798122065748,-0.03007518796992492,0.008525149190110826,-0.012898330804248959,0.11414982164090381,0.014705882352941124,0.05477794896473931,0.06378054650521925,0.030303030303030276,-0.017595752992522473,0.006999999999999999,-0.09,-0.1897419346643172,0.037200000000000004,0.006,0.013,-0.017,0.011,1.0
2019-01-31,0.03200000000000003,0.012479201331114798,-0.003386004514672636,-0.0052631578947367474,0.03336259877085168,0.05046948356807501,0.07927519818799555,0.005676442762535316,0.05361469564534538,0.06259458260452067,0.21621621621621623,-0.024883808537732754,-0.005,-0.062000000000000006,-0.15186797858322976,0.0373,-0.001,0.008,-0.062,-0.0139999999999999,2.0
2019-02-28,-0.03915343915343916,-0.02064631956912044,0.0012077294685990392,0.07351555136663546,0.00764087870105068,0.01969872537659323,0.07657657657657646,-0.017823639774859235,0.054592327250669426,0.06301157066418828,0.021739130434782705,-0.01582901839814843,-0.04,-0.087,-0.10042183594163312,0.037000000000000005,-0.001,0.005,-0.113,-0.122,2.0
2019-03-31,-0.01671309192200554,-0.02761982128350926,0.018433179723502446,-0.02315227070347281,0.002613240418118501,0.00843881856540074,0.09364161849710984,-0.012855831037649312,0.057863078477171426,0.06012601524404593,-0.04444444444444451,0.03899729210514136,-0.021,-0.034,-0.13327392305054175,0.0366,-0.001,0.004,-0.084,-0.065,2.0
2019-04-30,-0.008620689655172487,-0.008210180623973717,0.014925373134328401,-0.023049645390070927,-0.003427592116538203,0.03982300884955747,0.1034883720930233,0.025186567164179108,0.05783904352345193,0.06071881885667296,0.07317073170731736,0.031552694814910964,0.008,-0.048,-0.132335950526568,0.0365,0.011000000000000001,0.006,-0.021,0.031,1.0
2019-05-31,0.012404580152671763,-0.0039308176100628645,0.025171624713958618,-0.011732851985559511,-0.013355592654423987,0.06334841628959276,0.11874272409778808,0.023084025854108958,0.05821112667323747,0.06064777300130997,0.0,0.036072357809723066,0.012,-0.013999999999999999,-0.17120819226940043,0.0362,0.011000000000000001,0.0069999999999999,-0.098,-0.019,2.0
2019-06-30,-0.011639185257031892,-0.011419249592169556,-0.0193181818181819,-0.03890362511052159,-0.017766497461929043,0.0,0.07667031763417298,0.030358785648574083,0.06095138605594541,0.062147748717274576,0.08108108108108092,0.05090185018160853,-0.019,-0.01,-0.08779281991613175,0.0349,0.011000000000000001,0.0069999999999999,-0.138,-0.109,2.0
2019-07-31,-0.00591715976331364,-0.023419203747072626,0.040935672514619936,-0.03475935828877008,0.0,0.03285870755750264,0.07274701411509232,0.030985915492957705,0.058992100045992535,0.05939050208713814,0.054054054054053946,0.05539861477381369,0.02,-0.038,-0.12549865335147192,0.034,0.004,0.006,-0.111,-0.026,2.0
2019-08-31,0.01306532663316573,-0.0038910505836575737,0.05306603773584895,-0.045454545454545414,0.016060862214708482,0.01927194860813697,0.049844236760124616,0.020657276995305285,0.06784505320251344,0.058070911078038634,-0.25,0.15566832284471555,-0.021,-0.036000000000000004,-0.1658966391948029,0.0319,0.004,0.0,-0.14,-0.043,2.0
2019-09-30,-0.0029644268774703386,-0.046434494195688125,0.008274231678486954,-0.021853146853146876,-0.0061403508771930015,0.02713987473903967,0.05133470225872694,0.03084112149532703,0.06367308072049882,0.0586367847809115,-0.13888888888888884,0.10831703533854875,0.022000000000000002,-0.027000000000000003,-0.12727657046950291,0.033100000000000004,0.004,-0.004,-0.119,-0.0559999999999999,2.0
2019-10-31,-0.018903591682419618,0.0,-0.01245753114382775,-0.020689655172413834,-0.009128630705394158,0.06364617044228682,0.06954689146469972,0.031192660550458662,0.06269585508997011,0.061020039866414466,-0.1428571428571429,0.07804869617321408,-0.003,0.004,0.02615652006339353,0.032,0.012,0.0,-0.15,-0.146,2.0
2019-11-30,-0.002803738317756932,0.0016380016380017626,0.043427230046948484,-0.02543859649122815,-0.01858108108108114,0.05168776371308015,0.09837837837837826,0.0419325432999087,0.07166950457845633,0.06099862269569578,-0.03125,0.173669469458124,0.016,-0.006999999999999999,-0.00425354483964302,0.0318,0.012,0.002,-0.145,-0.13,2.0
2019-12-31,0.0009293680297397522,0.009495982468955333,0.03244495944380077,0.019810508182601216,0.006762468300929747,0.04381245196003092,0.08324439701173958,0.0613810741687979,0.06508171064987711,0.061446977576743445,0.0,0.09672249841023373,0.065,0.055999999999999994,0.0739381716627383,0.0322,0.012,0.0069999999999999,-0.053,-0.008,2.0
2020-01-31,-0.011627906976744207,-0.023007395234182382,0.07134767836919598,-0.08994708994709,0.09685641461342387,0.020111731843575287,0.06610703043022026,-0.017873941674506066,0.061631938238589035,0.0628841864901708,-0.08888888888888902,0.04970326409495485,-0.043,-0.057,-0.03971052057475166,0.0319,-0.013000000000000001,0.012,-0.066,-0.054,2.0
2020-02-29,0.011013215859030812,-0.15582034830430802,0.14716525934861258,-0.08604038630377531,-0.01611374407582944,0.05454545454545445,0.08577405857740583,-0.053486150907354424,0.07034474080266717,0.06381993547777176,-0.12765957446808518,0.1292923571527702,0.098,0.06,-0.09975145414624187,0.0308,-0.013000000000000001,0.009,0.036,0.009,1.0
2020-03-31,-0.05760151085930132,-0.3299916457811195,0.12895927601809953,-0.1030082041932543,-0.19635099913119025,0.043933054393305415,0.07716701902748424,-0.09116279069767441,0.08734095869020897,0.07965242143613382,-0.023255813953488302,0.15274269724549772,0.064,0.036000000000000004,-0.19885511163028902,0.0291,-0.013000000000000001,0.008,-0.018,-0.004,2.0
2020-04-30,-0.07729468599033817,-0.2483443708609272,0.09502262443438902,-0.08620689655172409,-0.23215821152192606,0.01382978723404249,0.03477344573234986,-0.14194722474977262,0.09680095761809171,0.0933610623971528,-0.045454545454545525,0.1290878114557341,-0.053,-0.025,-0.12351055135959577,0.027999999999999997,-0.03,0.0,-0.256,-0.158,2.0
2020-05-31,-0.0584354382657869,-0.1397000789265983,0.1015625,-0.07945205479452055,-0.20135363790186123,0.014893617021276562,-0.027055150884495283,-0.121841155234657,0.11095285402173394,0.09925692592355273,0.125,0.2197397928137621,-0.105,-0.055,-0.005963663428054211,0.0282,-0.03,-0.002,-0.237,-0.205,2.0
2020-06-30,-0.00981354268891066,-0.12293729372937301,0.15179606025492487,-0.09659613615455387,-0.1653746770025839,0.02131979695431463,-0.025432349949135347,-0.11785714285714288,0.10862671228923682,0.09897824868157801,0.07499999999999996,0.19054183649004863,-0.005,-0.027999999999999997,-0.010516870207674778,0.027200000000000002,-0.03,0.002,-0.109,-0.107,2.0
2020-07-31,-0.025793650793650702,-0.09432454036770577,0.13258426966292136,-0.07940904893813472,-0.1620718462823726,0.0010604453870626251,0.004048582995951566,-0.10837887067395258,0.10270393953832557,0.10388914738373001,0.025641025641025772,0.09197323129035118,-0.035,-0.017,0.10530275134765255,0.027000000000000003,0.023,0.004,-0.071,-0.1119999999999999,2.0
2020-08-31,-0.06448412698412698,-0.16718750000000004,0.13101903695408734,-0.11949685534591192,-0.19717138103161402,-0.028361344537815136,0.01978239366963397,-0.09199632014719406,0.09066767340822413,0.1076150464421175,0.03333333333333344,-0.04874906114516786,-0.031000000000000003,-0.098,0.16731199921456952,0.0263,0.023,0.008,-0.103,-0.156,2.0
2020-09-30,0.026759167492566682,-0.20173913043478264,0.17936694021101984,-0.1465594280607686,-0.14651368049426294,0.005081300813008172,0.0029296875,-0.0933816863100635,0.10346267106780727,0.10921795381147614,0.16129032258064524,0.054732150327443385,0.08199999999999999,0.051,0.1207767377360689,0.026600000000000002,0.023,0.009,0.071,0.017,1.0
2020-10-31,-0.014450867052023142,-0.154405820533549,0.15022935779816504,-0.14964788732394363,-0.1591289782244556,-0.026369168356997874,-0.005911330049261032,-0.11832740213523141,0.10288810744512644,0.11022452803236726,0.2333333333333334,0.03673777180157756,-0.027999999999999997,-0.086,0.08448392977430252,0.026600000000000002,0.013000000000000001,0.001,-0.039,-0.0559999999999999,2.0
2020-11-30,-0.025304592314901564,-0.1717089125102208,0.17547806524184462,-0.08550855085508546,-0.1247848537005164,0.0030090270812437314,-0.02263779527559051,-0.1076115485564304,0.10044707556737964,0.11350789054352362,0.09677419354838701,-0.012412652457930329,0.008,0.016,0.21598765631350858,0.0271,0.013000000000000001,0.006,0.039,-0.019,2.0
2020-12-31,0.0,-0.3827785817655571,0.21548821548821562,-0.1283783783783784,-0.1738035264483626,0.052282768777614175,-0.015763546798029493,-0.11004016064257027,0.10929880592605401,0.11486036636128216,0.2058823529411764,0.062441967970288115,0.033,-0.027999999999999997,0.26812267581274263,0.027400000000000004,0.013000000000000001,0.006,0.124,0.022,1.0
2021-01-31,-0.01666666666666672,-0.34819175777964684,0.16173361522198748,-0.06686046511627908,-0.2742060418280402,0.03614457831325302,-0.009842519685039353,-0.09099616858237547,0.11083203737080649,0.11841037316286007,0.3902439024390245,0.03773580645525443,0.099,-0.09300000000000001,0.33970166278172353,0.027200000000000002,0.018000000000000002,0.009,0.114,0.0409999999999999,1.0
2021-02-28,0.025054466230936878,-0.09229098805646041,0.06940063091482651,-0.096061479346782,-0.12235067437379576,0.0549568965517242,-0.01734104046242768,-0.03229061553985857,0.11461906953611045,0.12201880574843593,0.19512195121951237,0.05164283880483711,0.036000000000000004,-0.1,0.41628864786394626,0.027400000000000004,0.018000000000000002,0.0139999999999999,0.093,0.147,1.0
2021-03-31,0.08316633266533069,0.2019950124688279,0.1062124248496994,-0.027439024390243927,0.1427027027027028,0.12324649298597201,-0.02060843964671255,0.020470829068577334,0.10471714057241899,0.10923976188945161,0.023809523809523725,0.06868522268637767,0.057999999999999996,-0.075,0.5566151190742694,0.027700000000000002,0.018000000000000002,0.019,0.163,0.19,1.0
2021-04-30,0.09947643979057585,0.08700440528634368,0.09090909090909083,0.007944389275074348,0.15901455767077266,0.17418677859391396,0.04276985743380868,0.0604453870625663,0.0976918524523589,0.1020658036516795,-0.04761904761904767,0.0579369830658083,0.11599999999999999,-0.054000000000000006,0.48014555390746594,0.027400000000000004,0.009000000000000001,0.025,0.412,0.342,1.0
2021-05-31,0.039039039039038936,-0.01834862385321101,0.07396149949341435,0.025793650793650924,0.09004237288135597,0.1781970649895177,0.10588235294117654,0.05035971223021596,0.08699861745093851,0.09113632208601063,-0.11111111111111116,0.052314266629525985,0.142,-0.087,0.45653631844724885,0.027200000000000002,0.009000000000000001,0.026,0.455,0.382,1.0
2021-06-30,0.042616451932606436,-0.002822201317027262,0.10764587525150904,0.04175152749490829,0.09081527347781204,0.10735586481113324,0.1200417536534446,0.05870445344129549,0.09234609524363346,0.09176773558152274,-0.11627906976744184,0.09687870533846676,0.12,-0.075,0.44701967873994164,0.027700000000000002,0.009000000000000001,0.023,0.397,0.409,1.0
2021-07-31,0.060081466395111915,-0.0714916151809355,0.0714285714285714,-0.006018054162487574,0.05284147557328023,0.11652542372881358,0.07560483870967749,0.037793667007150145,0.10027328106339928,0.09477257062276045,-0.19999999999999996,0.15061941481858132,0.099,-0.1,0.3532253393600371,0.027700000000000002,0.001,0.026,0.296,0.382,1.0
2021-08-31,0.0593849416755039,-0.04409005628517815,0.07326732673267333,0.03469387755102038,0.06321243523316067,0.14378378378378365,0.046556741028128235,0.010131712259371817,0.11035756883344128,0.09109825282510253,-0.16129032258064513,0.29483664920047037,0.114,-0.022000000000000002,0.3186995602012459,0.028700000000000003,0.001,0.026,0.347,0.44,1.0
2021-09-30,0.008687258687258836,0.11220043572984739,0.08051689860834998,0.032460732984293195,0.07032057911065137,0.12436804853387251,0.062317429406036906,0.020999999999999908,0.10249534285056083,0.09107008207594736,-0.25,0.2042314733619497,-0.006,-0.113,0.276330913418497,0.0296,0.001,0.024,0.1689999999999999,0.311,1.0
2021-10-31,0.045943304007820096,0.08221797323135771,0.06281156530408771,0.07453416149068337,0.09661354581673298,0.14687499999999987,0.06442021803766096,0.0464177598385469,0.10786062608407243,0.08774669157293036,-0.2432432432432433,0.30207741046164505,0.06,-0.021,0.27026736682353114,0.030699999999999998,0.013999999999999999,0.032,0.242,0.377,1.0
2021-11-30,0.04807692307692313,0.14116485686080948,0.05071770334928227,0.06200787401574814,0.10816125860373638,0.16199999999999992,0.0745216515609266,0.050980392156862786,0.10865163954178358,0.08330828109869781,-0.23529411764705876,0.3555684565212578,0.07,-0.079,0.09128025293763464,0.0323,0.013999999999999999,0.038,0.319,0.436,1.0
2021-12-31,0.03064066852367686,0.35052754982415024,0.01939058171745156,0.13856589147286824,0.15142276422764223,0.09867039888033591,0.077077077077077,0.05054151624548742,0.10515228271914356,0.08289806043798964,-0.14634146341463405,0.30189741547577187,0.087,0.0,0.03561401752990179,0.0325,0.013999999999999999,0.037,0.183,0.37,1.0
2022-01-31,0.04586241276171488,0.3587096774193548,0.04185623293903551,0.14953271028037385,0.1782283884738527,0.08033826638477803,0.08846918489065603,0.057955742887249695,0.10258609570919819,0.07902292430123681,-0.280701754385965,0.34753148335103123,0.057,0.05,-0.11106965863649876,0.0345,0.006999999999999999,0.036,0.155,0.363,1.0
2022-02-28,0.011689691817215797,0.098086124401914,0.032448377581120846,0.1817215727948991,0.09769484083424818,0.04392236976506636,0.09019607843137267,0.03962460896767461,0.09744960826231641,0.07265955948807501,-0.30612244897959195,0.3225465911104577,0.067,-0.043,-0.10997165119503638,0.0351,0.006999999999999999,0.037,0.211,0.261,1.0
2022-03-31,0.03052728954671613,0.05497925311203322,0.059782608695652106,0.15987460815047028,0.04919583727530741,0.02408563782337203,0.09519038076152309,0.031093279839518484,0.08653369156050794,0.07080118880322162,-0.3023255813953488,0.21663168400432342,0.048,-0.051,-0.10450000274168136,0.035,0.006999999999999999,0.0409999999999999,0.188,0.283,0.0
2022-04-30,0.029523809523809508,0.19047619047619047,0.11268939393939403,0.1270935960591133,0.12367149758454099,-0.029490616621984045,0.10449218749999978,0.03600000000000003,0.08634405865962425,0.06447202954468256,-0.25,0.29343123210206823,0.049,-0.025,-0.15530611582825493,0.0357,0.008,0.048,0.129,0.183,0.0
2022-05-31,0.056840077071290906,0.21028037383177578,0.06981132075471708,0.1682785299806575,0.2206025267249756,-0.020462633451957424,0.0831721470019342,0.0547945205479452,0.08982065847924048,0.07061094836657889,-0.25,0.2567868150605359,0.086,0.075,-0.17635920475395483,0.0368,0.008,0.054,0.214,0.318,0.0
2022-06-30,0.009505703422053147,0.18113207547169807,0.055404178019981876,0.16715542521994142,0.1939451277199622,0.0511669658886893,0.06523765144454807,0.06405353728489493,0.08450388868271963,0.07050142801744608,-0.21052631578947367,0.19372997637424794,0.033,0.012,-0.3459152533891485,0.039,0.008,0.06,0.053,0.193,0.0
2022-07-31,0.011527377521613813,0.25570342205323193,0.06759259259259265,0.201816347124117,0.23579545454545459,0.03795066413662229,0.06560449859418926,0.06003937007874027,0.08435195297372289,0.06496444994534234,-0.09375000000000011,0.25318654382923755,0.026000000000000002,0.012,-0.2671754863578153,0.0421,0.002,0.063,0.086,0.216,0.0
2022-08-31,0.06606606606606591,0.2659470068694798,0.08394833948339486,0.21499013806706113,0.2641325536062378,0.026465028355387554,0.050973123262279874,0.08124373119358075,0.07297104996916759,0.06250191675104522,-0.1923076923076923,0.15747283226664255,0.015,0.054000000000000006,-0.25787487920593755,0.0452,0.002,0.057,0.065,0.28,0.0
2022-09-30,0.026794258373205704,0.16846229187071504,0.11223551057957692,0.22616632860040586,0.2135265700483091,0.045863309352518034,0.0421631530705775,0.0636630754162586,0.08209888403376486,0.059092133604692565,-0.11111111111111116,0.2677113109020921,0.001,0.039,-0.3532750737977457,0.0471,0.002,0.0559999999999999,0.023,0.182,0.0
2022-10-31,0.020560747663551426,0.12720848056537104,0.11444652908067554,0.2379576107899808,0.21616712079927347,0.005449591280654031,0.04748603351955305,0.05689488910318219,0.08093692733172242,0.05930604732349076,-0.1428571428571428,0.25542063545165017,-0.027000000000000003,0.094,-0.25866381745478506,0.0526,-0.003,0.057,-0.0579999999999999,0.099,0.0
2022-11-30,0.0009174311926605228,0.038927335640138505,0.06466302367941723,0.19833178869323453,0.16149068322981375,-0.027538726333907082,0.06560449859418926,0.027985074626865725,0.07194745311096051,0.05968262358521348,-0.11538461538461553,0.16744201233238032,-0.055,0.11800000000000001,-0.13821347353324498,0.0564,-0.003,0.05,-0.142,0.026,0.0
2022-12-31,0.011711711711711592,0.1284722222222221,0.19293478260869557,0.13191489361702136,0.15357458075904673,-0.007006369426751591,0.07342007434944242,0.04123711340206193,0.06056605713370766,0.05615614675484726,-0.1428571428571429,0.0929949521083202,-0.105,0.004,-0.28626697951210023,0.055700000000000006,-0.003,0.05,-0.0969999999999999,-0.025,3.0
2023-01-31,0.020019065776930356,0.0845204178537513,0.0786026200873362,0.15808491418247494,0.12409420289855055,-0.00195694716242667,0.06849315068493156,0.04681274900398402,0.04313848968010392,0.05168425763166362,-0.12195121951219501,-0.02799569700627169,-0.134,0.036000000000000004,-0.0937164614845516,0.0546,0.003,0.052,-0.1639999999999999,-0.0279999999999999,3.0
2023-02-28,0.060924369747899165,0.2331154684095862,0.14380952380952383,0.16366906474820153,0.21300000000000008,-0.011741682974559686,0.05395683453237421,0.05817452357071207,0.03570929365505293,0.050109574669508605,-0.08823529411764697,-0.07034156444297379,-0.08199999999999999,0.195,-0.11213933595143288,0.053200000000000004,0.003,0.048,-0.077,0.035,0.0
2023-03-31,0.0053859964093356805,0.17895771878072764,0.10341880341880327,0.1945945945945946,0.1857529305680794,-0.0357142857142857,0.0503202195791399,0.06420233463035019,0.03198081731632829,0.046673397195257316,-0.033333333333333326,-0.07495435196633893,-0.076,0.121,-0.1073871600557812,0.0517,0.003,0.042,-0.138,-0.065,3.0
